{"efVersion":"0.11.6","efModuleName":["Data","Void"],"efExports":[{"TypeRef":[{"start":[1,1],"name":"/Users/lmcphail/projects/BasicLambda/bower_components/purescript-prelude/src/Data/Void.purs","end":[18,24]},"Void",[]]},{"ValueRef":[{"start":[1,1],"name":"/Users/lmcphail/projects/BasicLambda/bower_components/purescript-prelude/src/Data/Void.purs","end":[18,24]},{"Ident":"absurd"}]},{"TypeInstanceRef":[{"start":[0,0],"name":"<generated>","end":[0,0]},{"Ident":"showVoid"}]}],"efImports":[{"eiModule":["Prim"],"eiImportType":{"Implicit":[]},"eiImportedAs":null},{"eiModule":["Prim"],"eiImportType":{"Implicit":[]},"eiImportedAs":["Prim"]},{"eiModule":["Data","Show"],"eiImportType":{"Explicit":[{"TypeClassRef":[{"start":[3,19],"name":"/Users/lmcphail/projects/BasicLambda/bower_components/purescript-prelude/src/Data/Void.purs","end":[3,29]},"Show"]}]},"eiImportedAs":null}],"efFixities":[],"efTypeFixities":[],"efDeclarations":[{"EDType":{"edTypeName":"Void","edTypeKind":{"tag":"NamedKind","contents":[["Prim"],"Type"]},"edTypeDeclarationKind":{"DataType":{"args":[],"ctors":[["Void",[{"tag":"TypeConstructor","contents":[["Data","Void"],"Void"]}]]]}}}},{"EDValue":{"edValueName":{"Ident":"absurd"},"edValueType":{"tag":"ForAll","contents":["a",{"tag":"TypeApp","contents":[{"tag":"TypeApp","contents":[{"tag":"TypeConstructor","contents":[["Prim"],"Function"]},{"tag":"TypeConstructor","contents":[["Data","Void"],"Void"]}]},{"tag":"TypeVar","contents":"a"}]},0]}}},{"EDInstance":{"edInstanceClassName":[["Data","Show"],"Show"],"edInstanceName":{"Ident":"showVoid"},"edInstanceTypes":[{"tag":"TypeConstructor","contents":[["Data","Void"],"Void"]}],"edInstanceConstraints":[]}}],"efSourceSpan":{"start":[1,1],"name":"/Users/lmcphail/projects/BasicLambda/bower_components/purescript-prelude/src/Data/Void.purs","end":[18,24]}}