{"efVersion":"0.11.6","efModuleName":["Type","Data","Ordering"],"efExports":[{"TypeRef":[{"start":[1,1],"name":"/Users/lmcphail/projects/BasicLambda/bower_components/purescript-typelevel-prelude/src/Type/Data/Ordering.purs","end":[83,14]},"EQ",[]]},{"TypeRef":[{"start":[1,1],"name":"/Users/lmcphail/projects/BasicLambda/bower_components/purescript-typelevel-prelude/src/Type/Data/Ordering.purs","end":[83,14]},"GT",[]]},{"TypeRef":[{"start":[1,1],"name":"/Users/lmcphail/projects/BasicLambda/bower_components/purescript-typelevel-prelude/src/Type/Data/Ordering.purs","end":[83,14]},"LT",[]]},{"TypeRef":[{"start":[1,1],"name":"/Users/lmcphail/projects/BasicLambda/bower_components/purescript-typelevel-prelude/src/Type/Data/Ordering.purs","end":[83,14]},"OProxy",["OProxy"]]},{"TypeClassRef":[{"start":[1,1],"name":"/Users/lmcphail/projects/BasicLambda/bower_components/purescript-typelevel-prelude/src/Type/Data/Ordering.purs","end":[83,14]},"AppendOrdering"]},{"TypeClassRef":[{"start":[1,1],"name":"/Users/lmcphail/projects/BasicLambda/bower_components/purescript-typelevel-prelude/src/Type/Data/Ordering.purs","end":[83,14]},"Equals"]},{"TypeClassRef":[{"start":[1,1],"name":"/Users/lmcphail/projects/BasicLambda/bower_components/purescript-typelevel-prelude/src/Type/Data/Ordering.purs","end":[83,14]},"InvertOrdering"]},{"TypeClassRef":[{"start":[1,1],"name":"/Users/lmcphail/projects/BasicLambda/bower_components/purescript-typelevel-prelude/src/Type/Data/Ordering.purs","end":[83,14]},"IsOrdering"]},{"ValueRef":[{"start":[1,1],"name":"/Users/lmcphail/projects/BasicLambda/bower_components/purescript-typelevel-prelude/src/Type/Data/Ordering.purs","end":[83,14]},{"Ident":"appendOrdering"}]},{"ValueRef":[{"start":[1,1],"name":"/Users/lmcphail/projects/BasicLambda/bower_components/purescript-typelevel-prelude/src/Type/Data/Ordering.purs","end":[83,14]},{"Ident":"equals"}]},{"ValueRef":[{"start":[1,1],"name":"/Users/lmcphail/projects/BasicLambda/bower_components/purescript-typelevel-prelude/src/Type/Data/Ordering.purs","end":[83,14]},{"Ident":"invertOrdering"}]},{"ValueRef":[{"start":[1,1],"name":"/Users/lmcphail/projects/BasicLambda/bower_components/purescript-typelevel-prelude/src/Type/Data/Ordering.purs","end":[83,14]},{"Ident":"reflectOrdering"}]},{"ValueRef":[{"start":[1,1],"name":"/Users/lmcphail/projects/BasicLambda/bower_components/purescript-typelevel-prelude/src/Type/Data/Ordering.purs","end":[83,14]},{"Ident":"reifyOrdering"}]},{"KindRef":[{"start":[1,1],"name":"/Users/lmcphail/projects/BasicLambda/bower_components/purescript-typelevel-prelude/src/Type/Data/Ordering.purs","end":[83,14]},"Ordering"]},{"TypeInstanceRef":[{"start":[0,0],"name":"<generated>","end":[0,0]},{"Ident":"isOrderingLT"}]},{"TypeInstanceRef":[{"start":[0,0],"name":"<generated>","end":[0,0]},{"Ident":"isOrderingEQ"}]},{"TypeInstanceRef":[{"start":[0,0],"name":"<generated>","end":[0,0]},{"Ident":"isOrderingGT"}]},{"TypeInstanceRef":[{"start":[0,0],"name":"<generated>","end":[0,0]},{"Ident":"appendOrderingLT"}]},{"TypeInstanceRef":[{"start":[0,0],"name":"<generated>","end":[0,0]},{"Ident":"appendOrderingEQ"}]},{"TypeInstanceRef":[{"start":[0,0],"name":"<generated>","end":[0,0]},{"Ident":"appendOrderingGT"}]},{"TypeInstanceRef":[{"start":[0,0],"name":"<generated>","end":[0,0]},{"Ident":"invertOrderingLT"}]},{"TypeInstanceRef":[{"start":[0,0],"name":"<generated>","end":[0,0]},{"Ident":"invertOrderingEQ"}]},{"TypeInstanceRef":[{"start":[0,0],"name":"<generated>","end":[0,0]},{"Ident":"invertOrderingGT"}]},{"TypeInstanceRef":[{"start":[0,0],"name":"<generated>","end":[0,0]},{"Ident":"equalsEQEQ"}]},{"TypeInstanceRef":[{"start":[0,0],"name":"<generated>","end":[0,0]},{"Ident":"equalsLTLT"}]},{"TypeInstanceRef":[{"start":[0,0],"name":"<generated>","end":[0,0]},{"Ident":"equalsGTGT"}]},{"TypeInstanceRef":[{"start":[0,0],"name":"<generated>","end":[0,0]},{"Ident":"equalsEQLT"}]},{"TypeInstanceRef":[{"start":[0,0],"name":"<generated>","end":[0,0]},{"Ident":"equalsEQGT"}]},{"TypeInstanceRef":[{"start":[0,0],"name":"<generated>","end":[0,0]},{"Ident":"equalsLTEQ"}]},{"TypeInstanceRef":[{"start":[0,0],"name":"<generated>","end":[0,0]},{"Ident":"equalsLTGT"}]},{"TypeInstanceRef":[{"start":[0,0],"name":"<generated>","end":[0,0]},{"Ident":"equalsGTLT"}]},{"TypeInstanceRef":[{"start":[0,0],"name":"<generated>","end":[0,0]},{"Ident":"equalsGTEQ"}]}],"efImports":[{"eiModule":["Prim"],"eiImportType":{"Implicit":[]},"eiImportedAs":null},{"eiModule":["Prim"],"eiImportType":{"Implicit":[]},"eiImportedAs":["Prim"]},{"eiModule":["Data","Ordering"],"eiImportType":{"Explicit":[{"TypeRef":[{"start":[18,23],"name":"/Users/lmcphail/projects/BasicLambda/bower_components/purescript-typelevel-prelude/src/Type/Data/Ordering.purs","end":[18,35]},"Ordering",null]}]},"eiImportedAs":null},{"eiModule":["Type","Data","Boolean"],"eiImportType":{"Explicit":[{"KindRef":[{"start":[19,27],"name":"/Users/lmcphail/projects/BasicLambda/bower_components/purescript-typelevel-prelude/src/Type/Data/Ordering.purs","end":[19,39]},"Boolean"]},{"TypeRef":[{"start":[19,41],"name":"/Users/lmcphail/projects/BasicLambda/bower_components/purescript-typelevel-prelude/src/Type/Data/Ordering.purs","end":[19,45]},"True",[]]},{"TypeRef":[{"start":[19,47],"name":"/Users/lmcphail/projects/BasicLambda/bower_components/purescript-typelevel-prelude/src/Type/Data/Ordering.purs","end":[19,52]},"False",[]]},{"TypeRef":[{"start":[19,54],"name":"/Users/lmcphail/projects/BasicLambda/bower_components/purescript-typelevel-prelude/src/Type/Data/Ordering.purs","end":[19,64]},"BProxy",null]}]},"eiImportedAs":null}],"efFixities":[],"efTypeFixities":[],"efDeclarations":[{"EDType":{"edTypeName":"EQ","edTypeKind":{"tag":"NamedKind","contents":[["Type","Data","Ordering"],"Ordering"]},"edTypeDeclarationKind":"ExternData"}},{"EDType":{"edTypeName":"GT","edTypeKind":{"tag":"NamedKind","contents":[["Type","Data","Ordering"],"Ordering"]},"edTypeDeclarationKind":"ExternData"}},{"EDType":{"edTypeName":"LT","edTypeKind":{"tag":"NamedKind","contents":[["Type","Data","Ordering"],"Ordering"]},"edTypeDeclarationKind":"ExternData"}},{"EDType":{"edTypeName":"OProxy","edTypeKind":{"tag":"FunKind","contents":[{"tag":"NamedKind","contents":[["Type","Data","Ordering"],"Ordering"]},{"tag":"NamedKind","contents":[["Prim"],"Type"]}]},"edTypeDeclarationKind":{"DataType":{"args":[["ordering",{"tag":"NamedKind","contents":[["Type","Data","Ordering"],"Ordering"]}]],"ctors":[["OProxy",[]]]}}}},{"EDDataConstructor":{"edDataCtorName":"OProxy","edDataCtorOrigin":"data","edDataCtorTypeCtor":"OProxy","edDataCtorType":{"tag":"ForAll","contents":["ordering",{"tag":"TypeApp","contents":[{"tag":"TypeConstructor","contents":[["Type","Data","Ordering"],"OProxy"]},{"tag":"TypeVar","contents":"ordering"}]},null]},"edDataCtorFields":[]}},{"EDType":{"edTypeName":"AppendOrdering","edTypeKind":{"tag":"FunKind","contents":[{"tag":"NamedKind","contents":[["Type","Data","Ordering"],"Ordering"]},{"tag":"FunKind","contents":[{"tag":"NamedKind","contents":[["Type","Data","Ordering"],"Ordering"]},{"tag":"FunKind","contents":[{"tag":"NamedKind","contents":[["Type","Data","Ordering"],"Ordering"]},{"tag":"NamedKind","contents":[["Prim"],"Type"]}]}]}]},"edTypeDeclarationKind":"TypeSynonym"}},{"EDTypeSynonym":{"edTypeSynonymName":"AppendOrdering","edTypeSynonymArguments":[["lhs",{"tag":"NamedKind","contents":[["Type","Data","Ordering"],"Ordering"]}],["rhs",{"tag":"NamedKind","contents":[["Type","Data","Ordering"],"Ordering"]}],["output",{"tag":"NamedKind","contents":[["Type","Data","Ordering"],"Ordering"]}]],"edTypeSynonymType":{"tag":"TypeApp","contents":[{"tag":"TypeConstructor","contents":[["Prim"],"Record"]},{"tag":"REmpty"}]}}},{"EDClass":{"edClassName":"AppendOrdering","edClassTypeArguments":[["lhs",{"tag":"NamedKind","contents":[["Type","Data","Ordering"],"Ordering"]}],["rhs",{"tag":"NamedKind","contents":[["Type","Data","Ordering"],"Ordering"]}],["output",{"tag":"NamedKind","contents":[["Type","Data","Ordering"],"Ordering"]}]],"edClassMembers":[],"edClassConstraints":[],"edFunctionalDependencies":[{"determiners":[0],"determined":[1,2]}]}},{"EDType":{"edTypeName":"Equals","edTypeKind":{"tag":"FunKind","contents":[{"tag":"NamedKind","contents":[["Type","Data","Ordering"],"Ordering"]},{"tag":"FunKind","contents":[{"tag":"NamedKind","contents":[["Type","Data","Ordering"],"Ordering"]},{"tag":"FunKind","contents":[{"tag":"NamedKind","contents":[["Type","Data","Boolean"],"Boolean"]},{"tag":"NamedKind","contents":[["Prim"],"Type"]}]}]}]},"edTypeDeclarationKind":"TypeSynonym"}},{"EDTypeSynonym":{"edTypeSynonymName":"Equals","edTypeSynonymArguments":[["lhs",{"tag":"NamedKind","contents":[["Type","Data","Ordering"],"Ordering"]}],["rhs",{"tag":"NamedKind","contents":[["Type","Data","Ordering"],"Ordering"]}],["out",{"tag":"NamedKind","contents":[["Type","Data","Boolean"],"Boolean"]}]],"edTypeSynonymType":{"tag":"TypeApp","contents":[{"tag":"TypeConstructor","contents":[["Prim"],"Record"]},{"tag":"REmpty"}]}}},{"EDClass":{"edClassName":"Equals","edClassTypeArguments":[["lhs",{"tag":"NamedKind","contents":[["Type","Data","Ordering"],"Ordering"]}],["rhs",{"tag":"NamedKind","contents":[["Type","Data","Ordering"],"Ordering"]}],["out",{"tag":"NamedKind","contents":[["Type","Data","Boolean"],"Boolean"]}]],"edClassMembers":[],"edClassConstraints":[],"edFunctionalDependencies":[{"determiners":[0,1],"determined":[2]}]}},{"EDType":{"edTypeName":"InvertOrdering","edTypeKind":{"tag":"FunKind","contents":[{"tag":"NamedKind","contents":[["Type","Data","Ordering"],"Ordering"]},{"tag":"FunKind","contents":[{"tag":"NamedKind","contents":[["Type","Data","Ordering"],"Ordering"]},{"tag":"NamedKind","contents":[["Prim"],"Type"]}]}]},"edTypeDeclarationKind":"TypeSynonym"}},{"EDTypeSynonym":{"edTypeSynonymName":"InvertOrdering","edTypeSynonymArguments":[["ordering",{"tag":"NamedKind","contents":[["Type","Data","Ordering"],"Ordering"]}],["result",{"tag":"NamedKind","contents":[["Type","Data","Ordering"],"Ordering"]}]],"edTypeSynonymType":{"tag":"TypeApp","contents":[{"tag":"TypeConstructor","contents":[["Prim"],"Record"]},{"tag":"REmpty"}]}}},{"EDClass":{"edClassName":"InvertOrdering","edClassTypeArguments":[["ordering",{"tag":"NamedKind","contents":[["Type","Data","Ordering"],"Ordering"]}],["result",{"tag":"NamedKind","contents":[["Type","Data","Ordering"],"Ordering"]}]],"edClassMembers":[],"edClassConstraints":[],"edFunctionalDependencies":[{"determiners":[0],"determined":[1]}]}},{"EDType":{"edTypeName":"IsOrdering","edTypeKind":{"tag":"FunKind","contents":[{"tag":"NamedKind","contents":[["Type","Data","Ordering"],"Ordering"]},{"tag":"NamedKind","contents":[["Prim"],"Type"]}]},"edTypeDeclarationKind":"TypeSynonym"}},{"EDTypeSynonym":{"edTypeSynonymName":"IsOrdering","edTypeSynonymArguments":[["ordering",{"tag":"NamedKind","contents":[["Type","Data","Ordering"],"Ordering"]}]],"edTypeSynonymType":{"tag":"TypeApp","contents":[{"tag":"TypeConstructor","contents":[["Prim"],"Record"]},{"tag":"RCons","contents":["reflectOrdering",{"tag":"TypeApp","contents":[{"tag":"TypeApp","contents":[{"tag":"TypeConstructor","contents":[["Prim"],"Function"]},{"tag":"TypeApp","contents":[{"tag":"TypeConstructor","contents":[["Type","Data","Ordering"],"OProxy"]},{"tag":"TypeVar","contents":"ordering"}]}]},{"tag":"TypeConstructor","contents":[["Data","Ordering"],"Ordering"]}]},{"tag":"REmpty"}]}]}}},{"EDClass":{"edClassName":"IsOrdering","edClassTypeArguments":[["ordering",{"tag":"NamedKind","contents":[["Type","Data","Ordering"],"Ordering"]}]],"edClassMembers":[[{"Ident":"reflectOrdering"},{"tag":"TypeApp","contents":[{"tag":"TypeApp","contents":[{"tag":"TypeConstructor","contents":[["Prim"],"Function"]},{"tag":"TypeApp","contents":[{"tag":"TypeConstructor","contents":[["Type","Data","Ordering"],"OProxy"]},{"tag":"TypeVar","contents":"ordering"}]}]},{"tag":"TypeConstructor","contents":[["Data","Ordering"],"Ordering"]}]}]],"edClassConstraints":[],"edFunctionalDependencies":[]}},{"EDValue":{"edValueName":{"Ident":"appendOrdering"},"edValueType":{"tag":"ForAll","contents":["o",{"tag":"ForAll","contents":["r",{"tag":"ForAll","contents":["l",{"tag":"ConstrainedType","contents":[{"constraintClass":[["Type","Data","Ordering"],"AppendOrdering"],"constraintArgs":[{"tag":"TypeVar","contents":"l"},{"tag":"TypeVar","contents":"r"},{"tag":"TypeVar","contents":"o"}],"constraintData":null},{"tag":"TypeApp","contents":[{"tag":"TypeApp","contents":[{"tag":"TypeConstructor","contents":[["Prim"],"Function"]},{"tag":"TypeApp","contents":[{"tag":"TypeConstructor","contents":[["Type","Data","Ordering"],"OProxy"]},{"tag":"TypeVar","contents":"l"}]}]},{"tag":"TypeApp","contents":[{"tag":"TypeApp","contents":[{"tag":"TypeConstructor","contents":[["Prim"],"Function"]},{"tag":"TypeApp","contents":[{"tag":"TypeConstructor","contents":[["Type","Data","Ordering"],"OProxy"]},{"tag":"TypeVar","contents":"r"}]}]},{"tag":"TypeApp","contents":[{"tag":"TypeConstructor","contents":[["Type","Data","Ordering"],"OProxy"]},{"tag":"TypeVar","contents":"o"}]}]}]}]},25]},26]},27]}}},{"EDValue":{"edValueName":{"Ident":"equals"},"edValueType":{"tag":"ForAll","contents":["o",{"tag":"ForAll","contents":["r",{"tag":"ForAll","contents":["l",{"tag":"ConstrainedType","contents":[{"constraintClass":[["Type","Data","Ordering"],"Equals"],"constraintArgs":[{"tag":"TypeVar","contents":"l"},{"tag":"TypeVar","contents":"r"},{"tag":"TypeVar","contents":"o"}],"constraintData":null},{"tag":"TypeApp","contents":[{"tag":"TypeApp","contents":[{"tag":"TypeConstructor","contents":[["Prim"],"Function"]},{"tag":"TypeApp","contents":[{"tag":"TypeConstructor","contents":[["Type","Data","Ordering"],"OProxy"]},{"tag":"TypeVar","contents":"l"}]}]},{"tag":"TypeApp","contents":[{"tag":"TypeApp","contents":[{"tag":"TypeConstructor","contents":[["Prim"],"Function"]},{"tag":"TypeApp","contents":[{"tag":"TypeConstructor","contents":[["Type","Data","Ordering"],"OProxy"]},{"tag":"TypeVar","contents":"r"}]}]},{"tag":"TypeApp","contents":[{"tag":"TypeConstructor","contents":[["Type","Data","Boolean"],"BProxy"]},{"tag":"TypeVar","contents":"o"}]}]}]}]},12]},13]},14]}}},{"EDValue":{"edValueName":{"Ident":"invertOrdering"},"edValueType":{"tag":"ForAll","contents":["o",{"tag":"ForAll","contents":["i",{"tag":"ConstrainedType","contents":[{"constraintClass":[["Type","Data","Ordering"],"InvertOrdering"],"constraintArgs":[{"tag":"TypeVar","contents":"i"},{"tag":"TypeVar","contents":"o"}],"constraintData":null},{"tag":"TypeApp","contents":[{"tag":"TypeApp","contents":[{"tag":"TypeConstructor","contents":[["Prim"],"Function"]},{"tag":"TypeApp","contents":[{"tag":"TypeConstructor","contents":[["Type","Data","Ordering"],"OProxy"]},{"tag":"TypeVar","contents":"i"}]}]},{"tag":"TypeApp","contents":[{"tag":"TypeConstructor","contents":[["Type","Data","Ordering"],"OProxy"]},{"tag":"TypeVar","contents":"o"}]}]}]},7]},8]}}},{"EDValue":{"edValueName":{"Ident":"reflectOrdering"},"edValueType":{"tag":"ForAll","contents":["ordering",{"tag":"ConstrainedType","contents":[{"constraintClass":[["Type","Data","Ordering"],"IsOrdering"],"constraintArgs":[{"tag":"TypeVar","contents":"ordering"}],"constraintData":null},{"tag":"TypeApp","contents":[{"tag":"TypeApp","contents":[{"tag":"TypeConstructor","contents":[["Prim"],"Function"]},{"tag":"TypeApp","contents":[{"tag":"TypeConstructor","contents":[["Type","Data","Ordering"],"OProxy"]},{"tag":"TypeVar","contents":"ordering"}]}]},{"tag":"TypeConstructor","contents":[["Data","Ordering"],"Ordering"]}]}]},6]}}},{"EDValue":{"edValueName":{"Ident":"reifyOrdering"},"edValueType":{"tag":"ForAll","contents":["r",{"tag":"TypeApp","contents":[{"tag":"TypeApp","contents":[{"tag":"TypeConstructor","contents":[["Prim"],"Function"]},{"tag":"TypeConstructor","contents":[["Data","Ordering"],"Ordering"]}]},{"tag":"TypeApp","contents":[{"tag":"TypeApp","contents":[{"tag":"TypeConstructor","contents":[["Prim"],"Function"]},{"tag":"ForAll","contents":["o",{"tag":"ConstrainedType","contents":[{"constraintClass":[["Type","Data","Ordering"],"IsOrdering"],"constraintArgs":[{"tag":"TypeVar","contents":"o"}],"constraintData":null},{"tag":"TypeApp","contents":[{"tag":"TypeApp","contents":[{"tag":"TypeConstructor","contents":[["Prim"],"Function"]},{"tag":"TypeApp","contents":[{"tag":"TypeConstructor","contents":[["Type","Data","Ordering"],"OProxy"]},{"tag":"TypeVar","contents":"o"}]}]},{"tag":"TypeVar","contents":"r"}]}]},0]}]},{"tag":"TypeVar","contents":"r"}]}]},1]}}},{"EDKind":{"edKindName":"Ordering"}},{"EDInstance":{"edInstanceClassName":[["Type","Data","Ordering"],"IsOrdering"],"edInstanceName":{"Ident":"isOrderingLT"},"edInstanceTypes":[{"tag":"TypeConstructor","contents":[["Type","Data","Ordering"],"LT"]}],"edInstanceConstraints":[]}},{"EDInstance":{"edInstanceClassName":[["Type","Data","Ordering"],"IsOrdering"],"edInstanceName":{"Ident":"isOrderingEQ"},"edInstanceTypes":[{"tag":"TypeConstructor","contents":[["Type","Data","Ordering"],"EQ"]}],"edInstanceConstraints":[]}},{"EDInstance":{"edInstanceClassName":[["Type","Data","Ordering"],"IsOrdering"],"edInstanceName":{"Ident":"isOrderingGT"},"edInstanceTypes":[{"tag":"TypeConstructor","contents":[["Type","Data","Ordering"],"GT"]}],"edInstanceConstraints":[]}},{"EDInstance":{"edInstanceClassName":[["Type","Data","Ordering"],"AppendOrdering"],"edInstanceName":{"Ident":"appendOrderingLT"},"edInstanceTypes":[{"tag":"TypeConstructor","contents":[["Type","Data","Ordering"],"LT"]},{"tag":"TypeVar","contents":"rhs"},{"tag":"TypeConstructor","contents":[["Type","Data","Ordering"],"LT"]}],"edInstanceConstraints":[]}},{"EDInstance":{"edInstanceClassName":[["Type","Data","Ordering"],"AppendOrdering"],"edInstanceName":{"Ident":"appendOrderingEQ"},"edInstanceTypes":[{"tag":"TypeConstructor","contents":[["Type","Data","Ordering"],"EQ"]},{"tag":"TypeVar","contents":"rhs"},{"tag":"TypeVar","contents":"rhs"}],"edInstanceConstraints":[]}},{"EDInstance":{"edInstanceClassName":[["Type","Data","Ordering"],"AppendOrdering"],"edInstanceName":{"Ident":"appendOrderingGT"},"edInstanceTypes":[{"tag":"TypeConstructor","contents":[["Type","Data","Ordering"],"GT"]},{"tag":"TypeVar","contents":"rhs"},{"tag":"TypeConstructor","contents":[["Type","Data","Ordering"],"GT"]}],"edInstanceConstraints":[]}},{"EDInstance":{"edInstanceClassName":[["Type","Data","Ordering"],"InvertOrdering"],"edInstanceName":{"Ident":"invertOrderingLT"},"edInstanceTypes":[{"tag":"TypeConstructor","contents":[["Type","Data","Ordering"],"LT"]},{"tag":"TypeConstructor","contents":[["Type","Data","Ordering"],"GT"]}],"edInstanceConstraints":[]}},{"EDInstance":{"edInstanceClassName":[["Type","Data","Ordering"],"InvertOrdering"],"edInstanceName":{"Ident":"invertOrderingEQ"},"edInstanceTypes":[{"tag":"TypeConstructor","contents":[["Type","Data","Ordering"],"EQ"]},{"tag":"TypeConstructor","contents":[["Type","Data","Ordering"],"EQ"]}],"edInstanceConstraints":[]}},{"EDInstance":{"edInstanceClassName":[["Type","Data","Ordering"],"InvertOrdering"],"edInstanceName":{"Ident":"invertOrderingGT"},"edInstanceTypes":[{"tag":"TypeConstructor","contents":[["Type","Data","Ordering"],"GT"]},{"tag":"TypeConstructor","contents":[["Type","Data","Ordering"],"LT"]}],"edInstanceConstraints":[]}},{"EDInstance":{"edInstanceClassName":[["Type","Data","Ordering"],"Equals"],"edInstanceName":{"Ident":"equalsEQEQ"},"edInstanceTypes":[{"tag":"TypeConstructor","contents":[["Type","Data","Ordering"],"EQ"]},{"tag":"TypeConstructor","contents":[["Type","Data","Ordering"],"EQ"]},{"tag":"TypeConstructor","contents":[["Type","Data","Boolean"],"True"]}],"edInstanceConstraints":[]}},{"EDInstance":{"edInstanceClassName":[["Type","Data","Ordering"],"Equals"],"edInstanceName":{"Ident":"equalsLTLT"},"edInstanceTypes":[{"tag":"TypeConstructor","contents":[["Type","Data","Ordering"],"LT"]},{"tag":"TypeConstructor","contents":[["Type","Data","Ordering"],"LT"]},{"tag":"TypeConstructor","contents":[["Type","Data","Boolean"],"True"]}],"edInstanceConstraints":[]}},{"EDInstance":{"edInstanceClassName":[["Type","Data","Ordering"],"Equals"],"edInstanceName":{"Ident":"equalsGTGT"},"edInstanceTypes":[{"tag":"TypeConstructor","contents":[["Type","Data","Ordering"],"GT"]},{"tag":"TypeConstructor","contents":[["Type","Data","Ordering"],"GT"]},{"tag":"TypeConstructor","contents":[["Type","Data","Boolean"],"True"]}],"edInstanceConstraints":[]}},{"EDInstance":{"edInstanceClassName":[["Type","Data","Ordering"],"Equals"],"edInstanceName":{"Ident":"equalsEQLT"},"edInstanceTypes":[{"tag":"TypeConstructor","contents":[["Type","Data","Ordering"],"EQ"]},{"tag":"TypeConstructor","contents":[["Type","Data","Ordering"],"LT"]},{"tag":"TypeConstructor","contents":[["Type","Data","Boolean"],"False"]}],"edInstanceConstraints":[]}},{"EDInstance":{"edInstanceClassName":[["Type","Data","Ordering"],"Equals"],"edInstanceName":{"Ident":"equalsEQGT"},"edInstanceTypes":[{"tag":"TypeConstructor","contents":[["Type","Data","Ordering"],"EQ"]},{"tag":"TypeConstructor","contents":[["Type","Data","Ordering"],"GT"]},{"tag":"TypeConstructor","contents":[["Type","Data","Boolean"],"False"]}],"edInstanceConstraints":[]}},{"EDInstance":{"edInstanceClassName":[["Type","Data","Ordering"],"Equals"],"edInstanceName":{"Ident":"equalsLTEQ"},"edInstanceTypes":[{"tag":"TypeConstructor","contents":[["Type","Data","Ordering"],"LT"]},{"tag":"TypeConstructor","contents":[["Type","Data","Ordering"],"EQ"]},{"tag":"TypeConstructor","contents":[["Type","Data","Boolean"],"False"]}],"edInstanceConstraints":[]}},{"EDInstance":{"edInstanceClassName":[["Type","Data","Ordering"],"Equals"],"edInstanceName":{"Ident":"equalsLTGT"},"edInstanceTypes":[{"tag":"TypeConstructor","contents":[["Type","Data","Ordering"],"LT"]},{"tag":"TypeConstructor","contents":[["Type","Data","Ordering"],"GT"]},{"tag":"TypeConstructor","contents":[["Type","Data","Boolean"],"False"]}],"edInstanceConstraints":[]}},{"EDInstance":{"edInstanceClassName":[["Type","Data","Ordering"],"Equals"],"edInstanceName":{"Ident":"equalsGTLT"},"edInstanceTypes":[{"tag":"TypeConstructor","contents":[["Type","Data","Ordering"],"GT"]},{"tag":"TypeConstructor","contents":[["Type","Data","Ordering"],"LT"]},{"tag":"TypeConstructor","contents":[["Type","Data","Boolean"],"False"]}],"edInstanceConstraints":[]}},{"EDInstance":{"edInstanceClassName":[["Type","Data","Ordering"],"Equals"],"edInstanceName":{"Ident":"equalsGTEQ"},"edInstanceTypes":[{"tag":"TypeConstructor","contents":[["Type","Data","Ordering"],"GT"]},{"tag":"TypeConstructor","contents":[["Type","Data","Ordering"],"EQ"]},{"tag":"TypeConstructor","contents":[["Type","Data","Boolean"],"False"]}],"edInstanceConstraints":[]}}],"efSourceSpan":{"start":[1,1],"name":"/Users/lmcphail/projects/BasicLambda/bower_components/purescript-typelevel-prelude/src/Type/Data/Ordering.purs","end":[83,14]}}