{"efVersion":"0.11.6","efModuleName":["Data","Foreign","JSON"],"efExports":[{"ValueRef":[{"start":[1,1],"name":"/Users/lmcphail/projects/BasicLambda/bower_components/purescript-foreign-generic/src/Data/Foreign/JSON.purs","end":[28,26]},{"Ident":"decodeJSONWith"}]},{"ValueRef":[{"start":[1,1],"name":"/Users/lmcphail/projects/BasicLambda/bower_components/purescript-foreign-generic/src/Data/Foreign/JSON.purs","end":[28,26]},{"Ident":"parseJSON"}]}],"efImports":[{"eiModule":["Prim"],"eiImportType":{"Implicit":[]},"eiImportedAs":null},{"eiModule":["Prim"],"eiImportType":{"Implicit":[]},"eiImportedAs":["Prim"]},{"eiModule":["Prelude"],"eiImportType":{"Implicit":[]},"eiImportedAs":null},{"eiModule":["Control","Monad","Eff"],"eiImportType":{"Explicit":[{"ValueRef":[{"start":[7,27],"name":"/Users/lmcphail/projects/BasicLambda/bower_components/purescript-foreign-generic/src/Data/Foreign/JSON.purs","end":[7,34]},{"Ident":"runPure"}]}]},"eiImportedAs":null},{"eiModule":["Control","Monad","Eff","Exception"],"eiImportType":{"Explicit":[{"TypeRef":[{"start":[8,37],"name":"/Users/lmcphail/projects/BasicLambda/bower_components/purescript-foreign-generic/src/Data/Foreign/JSON.purs","end":[8,46]},"EXCEPTION",[]]},{"ValueRef":[{"start":[8,48],"name":"/Users/lmcphail/projects/BasicLambda/bower_components/purescript-foreign-generic/src/Data/Foreign/JSON.purs","end":[8,55]},{"Ident":"message"}]},{"ValueRef":[{"start":[8,57],"name":"/Users/lmcphail/projects/BasicLambda/bower_components/purescript-foreign-generic/src/Data/Foreign/JSON.purs","end":[8,60]},{"Ident":"try"}]}]},"eiImportedAs":null},{"eiModule":["Control","Monad","Eff","Uncurried"],"eiImportType":{"Explicit":[{"TypeRef":[{"start":[9,37],"name":"/Users/lmcphail/projects/BasicLambda/bower_components/purescript-foreign-generic/src/Data/Foreign/JSON.purs","end":[9,43]},"EffFn1",[]]},{"ValueRef":[{"start":[9,45],"name":"/Users/lmcphail/projects/BasicLambda/bower_components/purescript-foreign-generic/src/Data/Foreign/JSON.purs","end":[9,54]},{"Ident":"runEffFn1"}]}]},"eiImportedAs":null},{"eiModule":["Control","Monad","Except"],"eiImportType":{"Explicit":[{"TypeRef":[{"start":[10,30],"name":"/Users/lmcphail/projects/BasicLambda/bower_components/purescript-foreign-generic/src/Data/Foreign/JSON.purs","end":[10,41]},"ExceptT",null]}]},"eiImportedAs":null},{"eiModule":["Data","Bifunctor"],"eiImportType":{"Explicit":[{"ValueRef":[{"start":[11,24],"name":"/Users/lmcphail/projects/BasicLambda/bower_components/purescript-foreign-generic/src/Data/Foreign/JSON.purs","end":[11,28]},{"Ident":"lmap"}]}]},"eiImportedAs":null},{"eiModule":["Data","Foreign"],"eiImportType":{"Explicit":[{"TypeRef":[{"start":[12,22],"name":"/Users/lmcphail/projects/BasicLambda/bower_components/purescript-foreign-generic/src/Data/Foreign/JSON.purs","end":[12,29]},"Foreign",[]]},{"TypeRef":[{"start":[12,31],"name":"/Users/lmcphail/projects/BasicLambda/bower_components/purescript-foreign-generic/src/Data/Foreign/JSON.purs","end":[12,47]},"ForeignError",null]},{"TypeRef":[{"start":[12,49],"name":"/Users/lmcphail/projects/BasicLambda/bower_components/purescript-foreign-generic/src/Data/Foreign/JSON.purs","end":[12,50]},"F",[]]}]},"eiImportedAs":null},{"eiModule":["Data","Identity"],"eiImportType":{"Explicit":[{"TypeRef":[{"start":[13,23],"name":"/Users/lmcphail/projects/BasicLambda/bower_components/purescript-foreign-generic/src/Data/Foreign/JSON.purs","end":[13,35]},"Identity",null]}]},"eiImportedAs":null}],"efFixities":[],"efTypeFixities":[],"efDeclarations":[{"EDValue":{"edValueName":{"Ident":"decodeJSONWith"},"edValueType":{"tag":"ForAll","contents":["a",{"tag":"TypeApp","contents":[{"tag":"TypeApp","contents":[{"tag":"TypeConstructor","contents":[["Prim"],"Function"]},{"tag":"TypeApp","contents":[{"tag":"TypeApp","contents":[{"tag":"TypeConstructor","contents":[["Prim"],"Function"]},{"tag":"TypeConstructor","contents":[["Data","Foreign"],"Foreign"]}]},{"tag":"TypeApp","contents":[{"tag":"TypeApp","contents":[{"tag":"TypeApp","contents":[{"tag":"TypeConstructor","contents":[["Control","Monad","Except","Trans"],"ExceptT"]},{"tag":"TypeApp","contents":[{"tag":"TypeConstructor","contents":[["Data","List","Types"],"NonEmptyList"]},{"tag":"TypeConstructor","contents":[["Data","Foreign"],"ForeignError"]}]}]},{"tag":"TypeConstructor","contents":[["Data","Identity"],"Identity"]}]},{"tag":"TypeVar","contents":"a"}]}]}]},{"tag":"TypeApp","contents":[{"tag":"TypeApp","contents":[{"tag":"TypeConstructor","contents":[["Prim"],"Function"]},{"tag":"TypeConstructor","contents":[["Prim"],"String"]}]},{"tag":"TypeApp","contents":[{"tag":"TypeApp","contents":[{"tag":"TypeApp","contents":[{"tag":"TypeConstructor","contents":[["Control","Monad","Except","Trans"],"ExceptT"]},{"tag":"TypeApp","contents":[{"tag":"TypeConstructor","contents":[["Data","List","Types"],"NonEmptyList"]},{"tag":"TypeConstructor","contents":[["Data","Foreign"],"ForeignError"]}]}]},{"tag":"TypeConstructor","contents":[["Data","Identity"],"Identity"]}]},{"tag":"TypeVar","contents":"a"}]}]}]},9]}}},{"EDValue":{"edValueName":{"Ident":"parseJSON"},"edValueType":{"tag":"TypeApp","contents":[{"tag":"TypeApp","contents":[{"tag":"TypeConstructor","contents":[["Prim"],"Function"]},{"tag":"TypeConstructor","contents":[["Prim"],"String"]}]},{"tag":"TypeApp","contents":[{"tag":"TypeApp","contents":[{"tag":"TypeApp","contents":[{"tag":"TypeConstructor","contents":[["Control","Monad","Except","Trans"],"ExceptT"]},{"tag":"TypeApp","contents":[{"tag":"TypeConstructor","contents":[["Data","List","Types"],"NonEmptyList"]},{"tag":"TypeConstructor","contents":[["Data","Foreign"],"ForeignError"]}]}]},{"tag":"TypeConstructor","contents":[["Data","Identity"],"Identity"]}]},{"tag":"TypeConstructor","contents":[["Data","Foreign"],"Foreign"]}]}]}}}],"efSourceSpan":{"start":[1,1],"name":"/Users/lmcphail/projects/BasicLambda/bower_components/purescript-foreign-generic/src/Data/Foreign/JSON.purs","end":[28,26]}}