{"efVersion":"0.11.6","efModuleName":["Control","Alternative"],"efExports":[{"ReExportRef":[{"start":[1,1],"name":"/Users/lmcphail/projects/BasicLambda/bower_components/purescript-control/src/Control/Alternative.purs","end":[27,42]},["Control","Alt"],{"TypeClassRef":[{"start":[1,1],"name":"/Users/lmcphail/projects/BasicLambda/bower_components/purescript-control/src/Control/Alternative.purs","end":[27,42]},"Alt"]}]},{"TypeClassRef":[{"start":[1,1],"name":"/Users/lmcphail/projects/BasicLambda/bower_components/purescript-control/src/Control/Alternative.purs","end":[27,42]},"Alternative"]},{"ReExportRef":[{"start":[1,1],"name":"/Users/lmcphail/projects/BasicLambda/bower_components/purescript-control/src/Control/Alternative.purs","end":[27,42]},["Control","Applicative"],{"TypeClassRef":[{"start":[1,1],"name":"/Users/lmcphail/projects/BasicLambda/bower_components/purescript-control/src/Control/Alternative.purs","end":[27,42]},"Applicative"]}]},{"ReExportRef":[{"start":[1,1],"name":"/Users/lmcphail/projects/BasicLambda/bower_components/purescript-control/src/Control/Alternative.purs","end":[27,42]},["Control","Apply"],{"TypeClassRef":[{"start":[1,1],"name":"/Users/lmcphail/projects/BasicLambda/bower_components/purescript-control/src/Control/Alternative.purs","end":[27,42]},"Apply"]}]},{"ReExportRef":[{"start":[1,1],"name":"/Users/lmcphail/projects/BasicLambda/bower_components/purescript-control/src/Control/Alternative.purs","end":[27,42]},["Data","Functor"],{"TypeClassRef":[{"start":[1,1],"name":"/Users/lmcphail/projects/BasicLambda/bower_components/purescript-control/src/Control/Alternative.purs","end":[27,42]},"Functor"]}]},{"ReExportRef":[{"start":[1,1],"name":"/Users/lmcphail/projects/BasicLambda/bower_components/purescript-control/src/Control/Alternative.purs","end":[27,42]},["Control","Plus"],{"TypeClassRef":[{"start":[1,1],"name":"/Users/lmcphail/projects/BasicLambda/bower_components/purescript-control/src/Control/Alternative.purs","end":[27,42]},"Plus"]}]},{"ReExportRef":[{"start":[1,1],"name":"/Users/lmcphail/projects/BasicLambda/bower_components/purescript-control/src/Control/Alternative.purs","end":[27,42]},["Control","Alt"],{"ValueRef":[{"start":[1,1],"name":"/Users/lmcphail/projects/BasicLambda/bower_components/purescript-control/src/Control/Alternative.purs","end":[27,42]},{"Ident":"alt"}]}]},{"ReExportRef":[{"start":[1,1],"name":"/Users/lmcphail/projects/BasicLambda/bower_components/purescript-control/src/Control/Alternative.purs","end":[27,42]},["Control","Apply"],{"ValueRef":[{"start":[1,1],"name":"/Users/lmcphail/projects/BasicLambda/bower_components/purescript-control/src/Control/Alternative.purs","end":[27,42]},{"Ident":"apply"}]}]},{"ReExportRef":[{"start":[1,1],"name":"/Users/lmcphail/projects/BasicLambda/bower_components/purescript-control/src/Control/Alternative.purs","end":[27,42]},["Control","Plus"],{"ValueRef":[{"start":[1,1],"name":"/Users/lmcphail/projects/BasicLambda/bower_components/purescript-control/src/Control/Alternative.purs","end":[27,42]},{"Ident":"empty"}]}]},{"ReExportRef":[{"start":[1,1],"name":"/Users/lmcphail/projects/BasicLambda/bower_components/purescript-control/src/Control/Alternative.purs","end":[27,42]},["Control","Applicative"],{"ValueRef":[{"start":[1,1],"name":"/Users/lmcphail/projects/BasicLambda/bower_components/purescript-control/src/Control/Alternative.purs","end":[27,42]},{"Ident":"liftA1"}]}]},{"ReExportRef":[{"start":[1,1],"name":"/Users/lmcphail/projects/BasicLambda/bower_components/purescript-control/src/Control/Alternative.purs","end":[27,42]},["Data","Functor"],{"ValueRef":[{"start":[1,1],"name":"/Users/lmcphail/projects/BasicLambda/bower_components/purescript-control/src/Control/Alternative.purs","end":[27,42]},{"Ident":"map"}]}]},{"ReExportRef":[{"start":[1,1],"name":"/Users/lmcphail/projects/BasicLambda/bower_components/purescript-control/src/Control/Alternative.purs","end":[27,42]},["Control","Applicative"],{"ValueRef":[{"start":[1,1],"name":"/Users/lmcphail/projects/BasicLambda/bower_components/purescript-control/src/Control/Alternative.purs","end":[27,42]},{"Ident":"pure"}]}]},{"ReExportRef":[{"start":[1,1],"name":"/Users/lmcphail/projects/BasicLambda/bower_components/purescript-control/src/Control/Alternative.purs","end":[27,42]},["Control","Applicative"],{"ValueRef":[{"start":[1,1],"name":"/Users/lmcphail/projects/BasicLambda/bower_components/purescript-control/src/Control/Alternative.purs","end":[27,42]},{"Ident":"unless"}]}]},{"ReExportRef":[{"start":[1,1],"name":"/Users/lmcphail/projects/BasicLambda/bower_components/purescript-control/src/Control/Alternative.purs","end":[27,42]},["Data","Functor"],{"ValueRef":[{"start":[1,1],"name":"/Users/lmcphail/projects/BasicLambda/bower_components/purescript-control/src/Control/Alternative.purs","end":[27,42]},{"Ident":"void"}]}]},{"ReExportRef":[{"start":[1,1],"name":"/Users/lmcphail/projects/BasicLambda/bower_components/purescript-control/src/Control/Alternative.purs","end":[27,42]},["Control","Applicative"],{"ValueRef":[{"start":[1,1],"name":"/Users/lmcphail/projects/BasicLambda/bower_components/purescript-control/src/Control/Alternative.purs","end":[27,42]},{"Ident":"when"}]}]},{"ReExportRef":[{"start":[1,1],"name":"/Users/lmcphail/projects/BasicLambda/bower_components/purescript-control/src/Control/Alternative.purs","end":[27,42]},["Data","Functor"],{"ValueOpRef":[{"start":[1,1],"name":"/Users/lmcphail/projects/BasicLambda/bower_components/purescript-control/src/Control/Alternative.purs","end":[27,42]},"$>"]}]},{"ReExportRef":[{"start":[1,1],"name":"/Users/lmcphail/projects/BasicLambda/bower_components/purescript-control/src/Control/Alternative.purs","end":[27,42]},["Control","Apply"],{"ValueOpRef":[{"start":[1,1],"name":"/Users/lmcphail/projects/BasicLambda/bower_components/purescript-control/src/Control/Alternative.purs","end":[27,42]},"*>"]}]},{"ReExportRef":[{"start":[1,1],"name":"/Users/lmcphail/projects/BasicLambda/bower_components/purescript-control/src/Control/Alternative.purs","end":[27,42]},["Data","Functor"],{"ValueOpRef":[{"start":[1,1],"name":"/Users/lmcphail/projects/BasicLambda/bower_components/purescript-control/src/Control/Alternative.purs","end":[27,42]},"<#>"]}]},{"ReExportRef":[{"start":[1,1],"name":"/Users/lmcphail/projects/BasicLambda/bower_components/purescript-control/src/Control/Alternative.purs","end":[27,42]},["Data","Functor"],{"ValueOpRef":[{"start":[1,1],"name":"/Users/lmcphail/projects/BasicLambda/bower_components/purescript-control/src/Control/Alternative.purs","end":[27,42]},"<$"]}]},{"ReExportRef":[{"start":[1,1],"name":"/Users/lmcphail/projects/BasicLambda/bower_components/purescript-control/src/Control/Alternative.purs","end":[27,42]},["Data","Functor"],{"ValueOpRef":[{"start":[1,1],"name":"/Users/lmcphail/projects/BasicLambda/bower_components/purescript-control/src/Control/Alternative.purs","end":[27,42]},"<$>"]}]},{"ReExportRef":[{"start":[1,1],"name":"/Users/lmcphail/projects/BasicLambda/bower_components/purescript-control/src/Control/Alternative.purs","end":[27,42]},["Control","Apply"],{"ValueOpRef":[{"start":[1,1],"name":"/Users/lmcphail/projects/BasicLambda/bower_components/purescript-control/src/Control/Alternative.purs","end":[27,42]},"<*"]}]},{"ReExportRef":[{"start":[1,1],"name":"/Users/lmcphail/projects/BasicLambda/bower_components/purescript-control/src/Control/Alternative.purs","end":[27,42]},["Control","Apply"],{"ValueOpRef":[{"start":[1,1],"name":"/Users/lmcphail/projects/BasicLambda/bower_components/purescript-control/src/Control/Alternative.purs","end":[27,42]},"<*>"]}]},{"ReExportRef":[{"start":[1,1],"name":"/Users/lmcphail/projects/BasicLambda/bower_components/purescript-control/src/Control/Alternative.purs","end":[27,42]},["Control","Alt"],{"ValueOpRef":[{"start":[1,1],"name":"/Users/lmcphail/projects/BasicLambda/bower_components/purescript-control/src/Control/Alternative.purs","end":[27,42]},"<|>"]}]},{"ModuleRef":[{"start":[3,5],"name":"/Users/lmcphail/projects/BasicLambda/bower_components/purescript-control/src/Control/Alternative.purs","end":[3,23]},["Control","Alt"]]},{"ModuleRef":[{"start":[4,5],"name":"/Users/lmcphail/projects/BasicLambda/bower_components/purescript-control/src/Control/Alternative.purs","end":[4,31]},["Control","Applicative"]]},{"ModuleRef":[{"start":[5,5],"name":"/Users/lmcphail/projects/BasicLambda/bower_components/purescript-control/src/Control/Alternative.purs","end":[5,25]},["Control","Apply"]]},{"ModuleRef":[{"start":[6,5],"name":"/Users/lmcphail/projects/BasicLambda/bower_components/purescript-control/src/Control/Alternative.purs","end":[6,24]},["Control","Plus"]]},{"ModuleRef":[{"start":[7,5],"name":"/Users/lmcphail/projects/BasicLambda/bower_components/purescript-control/src/Control/Alternative.purs","end":[7,24]},["Data","Functor"]]},{"TypeInstanceRef":[{"start":[0,0],"name":"<generated>","end":[0,0]},{"Ident":"alternativeArray"}]}],"efImports":[{"eiModule":["Prim"],"eiImportType":{"Implicit":[]},"eiImportedAs":null},{"eiModule":["Prim"],"eiImportType":{"Implicit":[]},"eiImportedAs":["Prim"]},{"eiModule":["Control","Alt"],"eiImportType":{"Explicit":[{"TypeClassRef":[{"start":[10,21],"name":"/Users/lmcphail/projects/BasicLambda/bower_components/purescript-control/src/Control/Alternative.purs","end":[10,30]},"Alt"]},{"ValueRef":[{"start":[10,32],"name":"/Users/lmcphail/projects/BasicLambda/bower_components/purescript-control/src/Control/Alternative.purs","end":[10,35]},{"Ident":"alt"}]},{"ValueOpRef":[{"start":[10,37],"name":"/Users/lmcphail/projects/BasicLambda/bower_components/purescript-control/src/Control/Alternative.purs","end":[10,42]},"<|>"]}]},"eiImportedAs":null},{"eiModule":["Control","Applicative"],"eiImportType":{"Explicit":[{"TypeClassRef":[{"start":[11,29],"name":"/Users/lmcphail/projects/BasicLambda/bower_components/purescript-control/src/Control/Alternative.purs","end":[11,46]},"Applicative"]},{"ValueRef":[{"start":[11,48],"name":"/Users/lmcphail/projects/BasicLambda/bower_components/purescript-control/src/Control/Alternative.purs","end":[11,52]},{"Ident":"pure"}]},{"ValueRef":[{"start":[11,54],"name":"/Users/lmcphail/projects/BasicLambda/bower_components/purescript-control/src/Control/Alternative.purs","end":[11,60]},{"Ident":"liftA1"}]},{"ValueRef":[{"start":[11,62],"name":"/Users/lmcphail/projects/BasicLambda/bower_components/purescript-control/src/Control/Alternative.purs","end":[11,68]},{"Ident":"unless"}]},{"ValueRef":[{"start":[11,70],"name":"/Users/lmcphail/projects/BasicLambda/bower_components/purescript-control/src/Control/Alternative.purs","end":[11,74]},{"Ident":"when"}]}]},"eiImportedAs":null},{"eiModule":["Control","Apply"],"eiImportType":{"Explicit":[{"TypeClassRef":[{"start":[12,23],"name":"/Users/lmcphail/projects/BasicLambda/bower_components/purescript-control/src/Control/Alternative.purs","end":[12,34]},"Apply"]},{"ValueRef":[{"start":[12,36],"name":"/Users/lmcphail/projects/BasicLambda/bower_components/purescript-control/src/Control/Alternative.purs","end":[12,41]},{"Ident":"apply"}]},{"ValueOpRef":[{"start":[12,43],"name":"/Users/lmcphail/projects/BasicLambda/bower_components/purescript-control/src/Control/Alternative.purs","end":[12,47]},"*>"]},{"ValueOpRef":[{"start":[12,49],"name":"/Users/lmcphail/projects/BasicLambda/bower_components/purescript-control/src/Control/Alternative.purs","end":[12,53]},"<*"]},{"ValueOpRef":[{"start":[12,55],"name":"/Users/lmcphail/projects/BasicLambda/bower_components/purescript-control/src/Control/Alternative.purs","end":[12,60]},"<*>"]}]},"eiImportedAs":null},{"eiModule":["Control","Plus"],"eiImportType":{"Explicit":[{"TypeClassRef":[{"start":[13,22],"name":"/Users/lmcphail/projects/BasicLambda/bower_components/purescript-control/src/Control/Alternative.purs","end":[13,32]},"Plus"]},{"ValueRef":[{"start":[13,34],"name":"/Users/lmcphail/projects/BasicLambda/bower_components/purescript-control/src/Control/Alternative.purs","end":[13,39]},{"Ident":"empty"}]}]},"eiImportedAs":null},{"eiModule":["Data","Functor"],"eiImportType":{"Explicit":[{"TypeClassRef":[{"start":[15,22],"name":"/Users/lmcphail/projects/BasicLambda/bower_components/purescript-control/src/Control/Alternative.purs","end":[15,35]},"Functor"]},{"ValueRef":[{"start":[15,37],"name":"/Users/lmcphail/projects/BasicLambda/bower_components/purescript-control/src/Control/Alternative.purs","end":[15,40]},{"Ident":"map"}]},{"ValueRef":[{"start":[15,42],"name":"/Users/lmcphail/projects/BasicLambda/bower_components/purescript-control/src/Control/Alternative.purs","end":[15,46]},{"Ident":"void"}]},{"ValueOpRef":[{"start":[15,48],"name":"/Users/lmcphail/projects/BasicLambda/bower_components/purescript-control/src/Control/Alternative.purs","end":[15,52]},"$>"]},{"ValueOpRef":[{"start":[15,54],"name":"/Users/lmcphail/projects/BasicLambda/bower_components/purescript-control/src/Control/Alternative.purs","end":[15,59]},"<#>"]},{"ValueOpRef":[{"start":[15,61],"name":"/Users/lmcphail/projects/BasicLambda/bower_components/purescript-control/src/Control/Alternative.purs","end":[15,65]},"<$"]},{"ValueOpRef":[{"start":[15,67],"name":"/Users/lmcphail/projects/BasicLambda/bower_components/purescript-control/src/Control/Alternative.purs","end":[15,72]},"<$>"]}]},"eiImportedAs":null}],"efFixities":[],"efTypeFixities":[],"efDeclarations":[{"EDType":{"edTypeName":"Alternative","edTypeKind":{"tag":"FunKind","contents":[{"tag":"FunKind","contents":[{"tag":"NamedKind","contents":[["Prim"],"Type"]},{"tag":"NamedKind","contents":[["Prim"],"Type"]}]},{"tag":"NamedKind","contents":[["Prim"],"Type"]}]},"edTypeDeclarationKind":"TypeSynonym"}},{"EDTypeSynonym":{"edTypeSynonymName":"Alternative","edTypeSynonymArguments":[["f",null]],"edTypeSynonymType":{"tag":"TypeApp","contents":[{"tag":"TypeConstructor","contents":[["Prim"],"Record"]},{"tag":"RCons","contents":["Applicative0",{"tag":"TypeApp","contents":[{"tag":"TypeApp","contents":[{"tag":"TypeConstructor","contents":[["Prim"],"Function"]},{"tag":"TypeApp","contents":[{"tag":"TypeConstructor","contents":[["Prim"],"Record"]},{"tag":"REmpty"}]}]},{"tag":"TypeApp","contents":[{"tag":"TypeConstructor","contents":[["Control","Applicative"],"Applicative"]},{"tag":"TypeVar","contents":"f"}]}]},{"tag":"RCons","contents":["Plus1",{"tag":"TypeApp","contents":[{"tag":"TypeApp","contents":[{"tag":"TypeConstructor","contents":[["Prim"],"Function"]},{"tag":"TypeApp","contents":[{"tag":"TypeConstructor","contents":[["Prim"],"Record"]},{"tag":"REmpty"}]}]},{"tag":"TypeApp","contents":[{"tag":"TypeConstructor","contents":[["Control","Plus"],"Plus"]},{"tag":"TypeVar","contents":"f"}]}]},{"tag":"REmpty"}]}]}]}}},{"EDClass":{"edClassName":"Alternative","edClassTypeArguments":[["f",null]],"edClassMembers":[],"edClassConstraints":[{"constraintClass":[["Control","Applicative"],"Applicative"],"constraintArgs":[{"tag":"TypeVar","contents":"f"}],"constraintData":null},{"constraintClass":[["Control","Plus"],"Plus"],"constraintArgs":[{"tag":"TypeVar","contents":"f"}],"constraintData":null}],"edFunctionalDependencies":[]}},{"EDInstance":{"edInstanceClassName":[["Control","Alternative"],"Alternative"],"edInstanceName":{"Ident":"alternativeArray"},"edInstanceTypes":[{"tag":"TypeConstructor","contents":[["Prim"],"Array"]}],"edInstanceConstraints":[]}}],"efSourceSpan":{"start":[1,1],"name":"/Users/lmcphail/projects/BasicLambda/bower_components/purescript-control/src/Control/Alternative.purs","end":[27,42]}}