{"efVersion":"0.11.6","efModuleName":["Data","Foreign","Generic","Class"],"efExports":[{"TypeClassRef":[{"start":[1,1],"name":"/Users/lmcphail/projects/BasicLambda/bower_components/purescript-foreign-generic/src/Data/Foreign/Generic/Class.purs","end":[212,23]},"GenericCountArgs"]},{"TypeClassRef":[{"start":[1,1],"name":"/Users/lmcphail/projects/BasicLambda/bower_components/purescript-foreign-generic/src/Data/Foreign/Generic/Class.purs","end":[212,23]},"GenericDecode"]},{"TypeClassRef":[{"start":[1,1],"name":"/Users/lmcphail/projects/BasicLambda/bower_components/purescript-foreign-generic/src/Data/Foreign/Generic/Class.purs","end":[212,23]},"GenericDecodeArgs"]},{"TypeClassRef":[{"start":[1,1],"name":"/Users/lmcphail/projects/BasicLambda/bower_components/purescript-foreign-generic/src/Data/Foreign/Generic/Class.purs","end":[212,23]},"GenericDecodeFields"]},{"TypeClassRef":[{"start":[1,1],"name":"/Users/lmcphail/projects/BasicLambda/bower_components/purescript-foreign-generic/src/Data/Foreign/Generic/Class.purs","end":[212,23]},"GenericEncode"]},{"TypeClassRef":[{"start":[1,1],"name":"/Users/lmcphail/projects/BasicLambda/bower_components/purescript-foreign-generic/src/Data/Foreign/Generic/Class.purs","end":[212,23]},"GenericEncodeArgs"]},{"TypeClassRef":[{"start":[1,1],"name":"/Users/lmcphail/projects/BasicLambda/bower_components/purescript-foreign-generic/src/Data/Foreign/Generic/Class.purs","end":[212,23]},"GenericEncodeFields"]},{"ValueRef":[{"start":[1,1],"name":"/Users/lmcphail/projects/BasicLambda/bower_components/purescript-foreign-generic/src/Data/Foreign/Generic/Class.purs","end":[212,23]},{"Ident":"countArgs"}]},{"ValueRef":[{"start":[1,1],"name":"/Users/lmcphail/projects/BasicLambda/bower_components/purescript-foreign-generic/src/Data/Foreign/Generic/Class.purs","end":[212,23]},{"Ident":"decodeArgs"}]},{"ValueRef":[{"start":[1,1],"name":"/Users/lmcphail/projects/BasicLambda/bower_components/purescript-foreign-generic/src/Data/Foreign/Generic/Class.purs","end":[212,23]},{"Ident":"decodeFields"}]},{"ValueRef":[{"start":[1,1],"name":"/Users/lmcphail/projects/BasicLambda/bower_components/purescript-foreign-generic/src/Data/Foreign/Generic/Class.purs","end":[212,23]},{"Ident":"decodeOpts"}]},{"ValueRef":[{"start":[1,1],"name":"/Users/lmcphail/projects/BasicLambda/bower_components/purescript-foreign-generic/src/Data/Foreign/Generic/Class.purs","end":[212,23]},{"Ident":"encodeArgs"}]},{"ValueRef":[{"start":[1,1],"name":"/Users/lmcphail/projects/BasicLambda/bower_components/purescript-foreign-generic/src/Data/Foreign/Generic/Class.purs","end":[212,23]},{"Ident":"encodeFields"}]},{"ValueRef":[{"start":[1,1],"name":"/Users/lmcphail/projects/BasicLambda/bower_components/purescript-foreign-generic/src/Data/Foreign/Generic/Class.purs","end":[212,23]},{"Ident":"encodeOpts"}]},{"TypeInstanceRef":[{"start":[0,0],"name":"<generated>","end":[0,0]},{"Ident":"genericDecodeNoConstructors"}]},{"TypeInstanceRef":[{"start":[0,0],"name":"<generated>","end":[0,0]},{"Ident":"genericEncodeNoConstructors"}]},{"TypeInstanceRef":[{"start":[0,0],"name":"<generated>","end":[0,0]},{"Ident":"genericDecodeConstructor"}]},{"TypeInstanceRef":[{"start":[0,0],"name":"<generated>","end":[0,0]},{"Ident":"genericEncodeConstructor"}]},{"TypeInstanceRef":[{"start":[0,0],"name":"<generated>","end":[0,0]},{"Ident":"genericDecodeSum"}]},{"TypeInstanceRef":[{"start":[0,0],"name":"<generated>","end":[0,0]},{"Ident":"genericEncodeSum"}]},{"TypeInstanceRef":[{"start":[0,0],"name":"<generated>","end":[0,0]},{"Ident":"genericDecodeArgsNoArguments"}]},{"TypeInstanceRef":[{"start":[0,0],"name":"<generated>","end":[0,0]},{"Ident":"genericEncodeArgsNoArguments"}]},{"TypeInstanceRef":[{"start":[0,0],"name":"<generated>","end":[0,0]},{"Ident":"genericDecodeArgsArgument"}]},{"TypeInstanceRef":[{"start":[0,0],"name":"<generated>","end":[0,0]},{"Ident":"genericEncodeArgsArgument"}]},{"TypeInstanceRef":[{"start":[0,0],"name":"<generated>","end":[0,0]},{"Ident":"genericDecodeArgsProduct"}]},{"TypeInstanceRef":[{"start":[0,0],"name":"<generated>","end":[0,0]},{"Ident":"genericEncodeArgsProduct"}]},{"TypeInstanceRef":[{"start":[0,0],"name":"<generated>","end":[0,0]},{"Ident":"genericDecodeArgsRec"}]},{"TypeInstanceRef":[{"start":[0,0],"name":"<generated>","end":[0,0]},{"Ident":"genericEncodeArgsRec"}]},{"TypeInstanceRef":[{"start":[0,0],"name":"<generated>","end":[0,0]},{"Ident":"genericDecodeFieldsField"}]},{"TypeInstanceRef":[{"start":[0,0],"name":"<generated>","end":[0,0]},{"Ident":"genericEncodeFieldsField"}]},{"TypeInstanceRef":[{"start":[0,0],"name":"<generated>","end":[0,0]},{"Ident":"genericDecodeFieldsProduct"}]},{"TypeInstanceRef":[{"start":[0,0],"name":"<generated>","end":[0,0]},{"Ident":"genericEncodeFieldsProduct"}]},{"TypeInstanceRef":[{"start":[0,0],"name":"<generated>","end":[0,0]},{"Ident":"genericCountArgsNoArguments"}]},{"TypeInstanceRef":[{"start":[0,0],"name":"<generated>","end":[0,0]},{"Ident":"genericCountArgsArgument"}]},{"TypeInstanceRef":[{"start":[0,0],"name":"<generated>","end":[0,0]},{"Ident":"genericCountArgsProduct"}]},{"TypeInstanceRef":[{"start":[0,0],"name":"<generated>","end":[0,0]},{"Ident":"genericCountArgsRec"}]}],"efImports":[{"eiModule":["Prim"],"eiImportType":{"Implicit":[]},"eiImportedAs":null},{"eiModule":["Prim"],"eiImportType":{"Implicit":[]},"eiImportedAs":["Prim"]},{"eiModule":["Prelude"],"eiImportType":{"Implicit":[]},"eiImportedAs":null},{"eiModule":["Control","Alt"],"eiImportType":{"Explicit":[{"ValueOpRef":[{"start":[5,21],"name":"/Users/lmcphail/projects/BasicLambda/bower_components/purescript-foreign-generic/src/Data/Foreign/Generic/Class.purs","end":[5,26]},"<|>"]}]},"eiImportedAs":null},{"eiModule":["Control","Monad","Except"],"eiImportType":{"Explicit":[{"ValueRef":[{"start":[6,30],"name":"/Users/lmcphail/projects/BasicLambda/bower_components/purescript-foreign-generic/src/Data/Foreign/Generic/Class.purs","end":[6,39]},{"Ident":"mapExcept"}]}]},"eiImportedAs":null},{"eiModule":["Data","Bifunctor"],"eiImportType":{"Explicit":[{"ValueRef":[{"start":[7,24],"name":"/Users/lmcphail/projects/BasicLambda/bower_components/purescript-foreign-generic/src/Data/Foreign/Generic/Class.purs","end":[7,28]},{"Ident":"lmap"}]}]},"eiImportedAs":null},{"eiModule":["Data","Either"],"eiImportType":{"Explicit":[{"TypeRef":[{"start":[8,21],"name":"/Users/lmcphail/projects/BasicLambda/bower_components/purescript-foreign-generic/src/Data/Foreign/Generic/Class.purs","end":[8,31]},"Either",null]}]},"eiImportedAs":null},{"eiModule":["Data","Foreign"],"eiImportType":{"Explicit":[{"TypeRef":[{"start":[9,22],"name":"/Users/lmcphail/projects/BasicLambda/bower_components/purescript-foreign-generic/src/Data/Foreign/Generic/Class.purs","end":[9,23]},"F",[]]},{"TypeRef":[{"start":[9,25],"name":"/Users/lmcphail/projects/BasicLambda/bower_components/purescript-foreign-generic/src/Data/Foreign/Generic/Class.purs","end":[9,32]},"Foreign",[]]},{"TypeRef":[{"start":[9,34],"name":"/Users/lmcphail/projects/BasicLambda/bower_components/purescript-foreign-generic/src/Data/Foreign/Generic/Class.purs","end":[9,50]},"ForeignError",null]},{"ValueRef":[{"start":[9,52],"name":"/Users/lmcphail/projects/BasicLambda/bower_components/purescript-foreign-generic/src/Data/Foreign/Generic/Class.purs","end":[9,56]},{"Ident":"fail"}]},{"ValueRef":[{"start":[9,58],"name":"/Users/lmcphail/projects/BasicLambda/bower_components/purescript-foreign-generic/src/Data/Foreign/Generic/Class.purs","end":[9,67]},{"Ident":"readArray"}]},{"ValueRef":[{"start":[9,69],"name":"/Users/lmcphail/projects/BasicLambda/bower_components/purescript-foreign-generic/src/Data/Foreign/Generic/Class.purs","end":[9,79]},{"Ident":"readString"}]},{"ValueRef":[{"start":[9,81],"name":"/Users/lmcphail/projects/BasicLambda/bower_components/purescript-foreign-generic/src/Data/Foreign/Generic/Class.purs","end":[9,90]},{"Ident":"toForeign"}]}]},"eiImportedAs":null},{"eiModule":["Data","Foreign","Class"],"eiImportType":{"Explicit":[{"TypeClassRef":[{"start":[10,28],"name":"/Users/lmcphail/projects/BasicLambda/bower_components/purescript-foreign-generic/src/Data/Foreign/Generic/Class.purs","end":[10,40]},"Encode"]},{"TypeClassRef":[{"start":[10,42],"name":"/Users/lmcphail/projects/BasicLambda/bower_components/purescript-foreign-generic/src/Data/Foreign/Generic/Class.purs","end":[10,54]},"Decode"]},{"ValueRef":[{"start":[10,56],"name":"/Users/lmcphail/projects/BasicLambda/bower_components/purescript-foreign-generic/src/Data/Foreign/Generic/Class.purs","end":[10,62]},{"Ident":"encode"}]},{"ValueRef":[{"start":[10,64],"name":"/Users/lmcphail/projects/BasicLambda/bower_components/purescript-foreign-generic/src/Data/Foreign/Generic/Class.purs","end":[10,70]},{"Ident":"decode"}]}]},"eiImportedAs":null},{"eiModule":["Data","Foreign","Generic","Types"],"eiImportType":{"Explicit":[{"TypeRef":[{"start":[11,36],"name":"/Users/lmcphail/projects/BasicLambda/bower_components/purescript-foreign-generic/src/Data/Foreign/Generic/Class.purs","end":[11,43]},"Options",[]]},{"TypeRef":[{"start":[11,45],"name":"/Users/lmcphail/projects/BasicLambda/bower_components/purescript-foreign-generic/src/Data/Foreign/Generic/Class.purs","end":[11,60]},"SumEncoding",null]}]},"eiImportedAs":null},{"eiModule":["Data","Foreign","Index"],"eiImportType":{"Explicit":[{"ValueRef":[{"start":[12,28],"name":"/Users/lmcphail/projects/BasicLambda/bower_components/purescript-foreign-generic/src/Data/Foreign/Generic/Class.purs","end":[12,33]},{"Ident":"index"}]}]},"eiImportedAs":null},{"eiModule":["Data","Generic","Rep"],"eiImportType":{"Explicit":[{"TypeRef":[{"start":[13,26],"name":"/Users/lmcphail/projects/BasicLambda/bower_components/purescript-foreign-generic/src/Data/Foreign/Generic/Class.purs","end":[13,38]},"Argument",null]},{"TypeRef":[{"start":[13,40],"name":"/Users/lmcphail/projects/BasicLambda/bower_components/purescript-foreign-generic/src/Data/Foreign/Generic/Class.purs","end":[13,55]},"Constructor",null]},{"TypeRef":[{"start":[13,57],"name":"/Users/lmcphail/projects/BasicLambda/bower_components/purescript-foreign-generic/src/Data/Foreign/Generic/Class.purs","end":[13,66]},"Field",null]},{"TypeRef":[{"start":[13,68],"name":"/Users/lmcphail/projects/BasicLambda/bower_components/purescript-foreign-generic/src/Data/Foreign/Generic/Class.purs","end":[13,83]},"NoArguments",null]},{"TypeRef":[{"start":[13,85],"name":"/Users/lmcphail/projects/BasicLambda/bower_components/purescript-foreign-generic/src/Data/Foreign/Generic/Class.purs","end":[13,99]},"NoConstructors",[]]},{"TypeRef":[{"start":[13,101],"name":"/Users/lmcphail/projects/BasicLambda/bower_components/purescript-foreign-generic/src/Data/Foreign/Generic/Class.purs","end":[13,112]},"Product",null]},{"TypeRef":[{"start":[13,114],"name":"/Users/lmcphail/projects/BasicLambda/bower_components/purescript-foreign-generic/src/Data/Foreign/Generic/Class.purs","end":[13,121]},"Rec",null]},{"TypeRef":[{"start":[13,123],"name":"/Users/lmcphail/projects/BasicLambda/bower_components/purescript-foreign-generic/src/Data/Foreign/Generic/Class.purs","end":[13,130]},"Sum",null]}]},"eiImportedAs":null},{"eiModule":["Data","List"],"eiImportType":{"Explicit":[{"TypeRef":[{"start":[14,19],"name":"/Users/lmcphail/projects/BasicLambda/bower_components/purescript-foreign-generic/src/Data/Foreign/Generic/Class.purs","end":[14,27]},"List",null]},{"ValueRef":[{"start":[14,29],"name":"/Users/lmcphail/projects/BasicLambda/bower_components/purescript-foreign-generic/src/Data/Foreign/Generic/Class.purs","end":[14,41]},{"Ident":"fromFoldable"}]},{"ValueRef":[{"start":[14,43],"name":"/Users/lmcphail/projects/BasicLambda/bower_components/purescript-foreign-generic/src/Data/Foreign/Generic/Class.purs","end":[14,47]},{"Ident":"null"}]},{"ValueRef":[{"start":[14,49],"name":"/Users/lmcphail/projects/BasicLambda/bower_components/purescript-foreign-generic/src/Data/Foreign/Generic/Class.purs","end":[14,58]},{"Ident":"singleton"}]},{"ValueRef":[{"start":[14,60],"name":"/Users/lmcphail/projects/BasicLambda/bower_components/purescript-foreign-generic/src/Data/Foreign/Generic/Class.purs","end":[14,72]},{"Ident":"toUnfoldable"}]},{"ValueOpRef":[{"start":[14,74],"name":"/Users/lmcphail/projects/BasicLambda/bower_components/purescript-foreign-generic/src/Data/Foreign/Generic/Class.purs","end":[14,77]},":"]}]},"eiImportedAs":null},{"eiModule":["Data","Maybe"],"eiImportType":{"Explicit":[{"TypeRef":[{"start":[15,20],"name":"/Users/lmcphail/projects/BasicLambda/bower_components/purescript-foreign-generic/src/Data/Foreign/Generic/Class.purs","end":[15,29]},"Maybe",null]},{"ValueRef":[{"start":[15,31],"name":"/Users/lmcphail/projects/BasicLambda/bower_components/purescript-foreign-generic/src/Data/Foreign/Generic/Class.purs","end":[15,36]},{"Ident":"maybe"}]}]},"eiImportedAs":null},{"eiModule":["Data","Monoid"],"eiImportType":{"Explicit":[{"ValueRef":[{"start":[16,21],"name":"/Users/lmcphail/projects/BasicLambda/bower_components/purescript-foreign-generic/src/Data/Foreign/Generic/Class.purs","end":[16,27]},{"Ident":"mempty"}]}]},"eiImportedAs":null},{"eiModule":["Data","StrMap"],"eiImportType":{"Implicit":[]},"eiImportedAs":["S"]},{"eiModule":["Data","Symbol"],"eiImportType":{"Explicit":[{"TypeClassRef":[{"start":[18,21],"name":"/Users/lmcphail/projects/BasicLambda/bower_components/purescript-foreign-generic/src/Data/Foreign/Generic/Class.purs","end":[18,35]},"IsSymbol"]},{"TypeRef":[{"start":[18,37],"name":"/Users/lmcphail/projects/BasicLambda/bower_components/purescript-foreign-generic/src/Data/Foreign/Generic/Class.purs","end":[18,47]},"SProxy",null]},{"ValueRef":[{"start":[18,49],"name":"/Users/lmcphail/projects/BasicLambda/bower_components/purescript-foreign-generic/src/Data/Foreign/Generic/Class.purs","end":[18,62]},{"Ident":"reflectSymbol"}]}]},"eiImportedAs":null},{"eiModule":["Type","Proxy"],"eiImportType":{"Explicit":[{"TypeRef":[{"start":[19,20],"name":"/Users/lmcphail/projects/BasicLambda/bower_components/purescript-foreign-generic/src/Data/Foreign/Generic/Class.purs","end":[19,29]},"Proxy",null]}]},"eiImportedAs":null}],"efFixities":[],"efTypeFixities":[],"efDeclarations":[{"EDType":{"edTypeName":"GenericCountArgs","edTypeKind":{"tag":"FunKind","contents":[{"tag":"NamedKind","contents":[["Prim"],"Type"]},{"tag":"NamedKind","contents":[["Prim"],"Type"]}]},"edTypeDeclarationKind":"TypeSynonym"}},{"EDTypeSynonym":{"edTypeSynonymName":"GenericCountArgs","edTypeSynonymArguments":[["a",null]],"edTypeSynonymType":{"tag":"TypeApp","contents":[{"tag":"TypeConstructor","contents":[["Prim"],"Record"]},{"tag":"RCons","contents":["countArgs",{"tag":"TypeApp","contents":[{"tag":"TypeApp","contents":[{"tag":"TypeConstructor","contents":[["Prim"],"Function"]},{"tag":"TypeApp","contents":[{"tag":"TypeConstructor","contents":[["Type","Proxy"],"Proxy"]},{"tag":"TypeVar","contents":"a"}]}]},{"tag":"TypeApp","contents":[{"tag":"TypeApp","contents":[{"tag":"TypeConstructor","contents":[["Data","Either"],"Either"]},{"tag":"TypeVar","contents":"a"}]},{"tag":"TypeConstructor","contents":[["Prim"],"Int"]}]}]},{"tag":"REmpty"}]}]}}},{"EDClass":{"edClassName":"GenericCountArgs","edClassTypeArguments":[["a",null]],"edClassMembers":[[{"Ident":"countArgs"},{"tag":"TypeApp","contents":[{"tag":"TypeApp","contents":[{"tag":"TypeConstructor","contents":[["Prim"],"Function"]},{"tag":"TypeApp","contents":[{"tag":"TypeConstructor","contents":[["Type","Proxy"],"Proxy"]},{"tag":"TypeVar","contents":"a"}]}]},{"tag":"TypeApp","contents":[{"tag":"TypeApp","contents":[{"tag":"TypeConstructor","contents":[["Data","Either"],"Either"]},{"tag":"TypeVar","contents":"a"}]},{"tag":"TypeConstructor","contents":[["Prim"],"Int"]}]}]}]],"edClassConstraints":[],"edFunctionalDependencies":[]}},{"EDType":{"edTypeName":"GenericDecode","edTypeKind":{"tag":"FunKind","contents":[{"tag":"NamedKind","contents":[["Prim"],"Type"]},{"tag":"NamedKind","contents":[["Prim"],"Type"]}]},"edTypeDeclarationKind":"TypeSynonym"}},{"EDTypeSynonym":{"edTypeSynonymName":"GenericDecode","edTypeSynonymArguments":[["a",null]],"edTypeSynonymType":{"tag":"TypeApp","contents":[{"tag":"TypeConstructor","contents":[["Prim"],"Record"]},{"tag":"RCons","contents":["decodeOpts",{"tag":"TypeApp","contents":[{"tag":"TypeApp","contents":[{"tag":"TypeConstructor","contents":[["Prim"],"Function"]},{"tag":"TypeConstructor","contents":[["Data","Foreign","Generic","Types"],"Options"]}]},{"tag":"TypeApp","contents":[{"tag":"TypeApp","contents":[{"tag":"TypeConstructor","contents":[["Prim"],"Function"]},{"tag":"TypeConstructor","contents":[["Data","Foreign"],"Foreign"]}]},{"tag":"TypeApp","contents":[{"tag":"TypeConstructor","contents":[["Data","Foreign"],"F"]},{"tag":"TypeVar","contents":"a"}]}]}]},{"tag":"REmpty"}]}]}}},{"EDClass":{"edClassName":"GenericDecode","edClassTypeArguments":[["a",null]],"edClassMembers":[[{"Ident":"decodeOpts"},{"tag":"TypeApp","contents":[{"tag":"TypeApp","contents":[{"tag":"TypeConstructor","contents":[["Prim"],"Function"]},{"tag":"TypeConstructor","contents":[["Data","Foreign","Generic","Types"],"Options"]}]},{"tag":"TypeApp","contents":[{"tag":"TypeApp","contents":[{"tag":"TypeConstructor","contents":[["Prim"],"Function"]},{"tag":"TypeConstructor","contents":[["Data","Foreign"],"Foreign"]}]},{"tag":"TypeApp","contents":[{"tag":"TypeConstructor","contents":[["Data","Foreign"],"F"]},{"tag":"TypeVar","contents":"a"}]}]}]}]],"edClassConstraints":[],"edFunctionalDependencies":[]}},{"EDType":{"edTypeName":"GenericDecodeArgs","edTypeKind":{"tag":"FunKind","contents":[{"tag":"NamedKind","contents":[["Prim"],"Type"]},{"tag":"NamedKind","contents":[["Prim"],"Type"]}]},"edTypeDeclarationKind":"TypeSynonym"}},{"EDTypeSynonym":{"edTypeSynonymName":"GenericDecodeArgs","edTypeSynonymArguments":[["a",null]],"edTypeSynonymType":{"tag":"TypeApp","contents":[{"tag":"TypeConstructor","contents":[["Prim"],"Record"]},{"tag":"RCons","contents":["decodeArgs",{"tag":"TypeApp","contents":[{"tag":"TypeApp","contents":[{"tag":"TypeConstructor","contents":[["Prim"],"Function"]},{"tag":"TypeConstructor","contents":[["Data","Foreign","Generic","Types"],"Options"]}]},{"tag":"TypeApp","contents":[{"tag":"TypeApp","contents":[{"tag":"TypeConstructor","contents":[["Prim"],"Function"]},{"tag":"TypeConstructor","contents":[["Prim"],"Int"]}]},{"tag":"TypeApp","contents":[{"tag":"TypeApp","contents":[{"tag":"TypeConstructor","contents":[["Prim"],"Function"]},{"tag":"TypeApp","contents":[{"tag":"TypeConstructor","contents":[["Data","List","Types"],"List"]},{"tag":"TypeConstructor","contents":[["Data","Foreign"],"Foreign"]}]}]},{"tag":"TypeApp","contents":[{"tag":"TypeConstructor","contents":[["Data","Foreign"],"F"]},{"tag":"TypeApp","contents":[{"tag":"TypeConstructor","contents":[["Prim"],"Record"]},{"tag":"RCons","contents":["result",{"tag":"TypeVar","contents":"a"},{"tag":"RCons","contents":["rest",{"tag":"TypeApp","contents":[{"tag":"TypeConstructor","contents":[["Data","List","Types"],"List"]},{"tag":"TypeConstructor","contents":[["Data","Foreign"],"Foreign"]}]},{"tag":"RCons","contents":["next",{"tag":"TypeConstructor","contents":[["Prim"],"Int"]},{"tag":"REmpty"}]}]}]}]}]}]}]}]},{"tag":"REmpty"}]}]}}},{"EDClass":{"edClassName":"GenericDecodeArgs","edClassTypeArguments":[["a",null]],"edClassMembers":[[{"Ident":"decodeArgs"},{"tag":"TypeApp","contents":[{"tag":"TypeApp","contents":[{"tag":"TypeConstructor","contents":[["Prim"],"Function"]},{"tag":"TypeConstructor","contents":[["Data","Foreign","Generic","Types"],"Options"]}]},{"tag":"TypeApp","contents":[{"tag":"TypeApp","contents":[{"tag":"TypeConstructor","contents":[["Prim"],"Function"]},{"tag":"TypeConstructor","contents":[["Prim"],"Int"]}]},{"tag":"TypeApp","contents":[{"tag":"TypeApp","contents":[{"tag":"TypeConstructor","contents":[["Prim"],"Function"]},{"tag":"TypeApp","contents":[{"tag":"TypeConstructor","contents":[["Data","List","Types"],"List"]},{"tag":"TypeConstructor","contents":[["Data","Foreign"],"Foreign"]}]}]},{"tag":"TypeApp","contents":[{"tag":"TypeConstructor","contents":[["Data","Foreign"],"F"]},{"tag":"TypeApp","contents":[{"tag":"TypeConstructor","contents":[["Prim"],"Record"]},{"tag":"RCons","contents":["result",{"tag":"TypeVar","contents":"a"},{"tag":"RCons","contents":["rest",{"tag":"TypeApp","contents":[{"tag":"TypeConstructor","contents":[["Data","List","Types"],"List"]},{"tag":"TypeConstructor","contents":[["Data","Foreign"],"Foreign"]}]},{"tag":"RCons","contents":["next",{"tag":"TypeConstructor","contents":[["Prim"],"Int"]},{"tag":"REmpty"}]}]}]}]}]}]}]}]}]],"edClassConstraints":[],"edFunctionalDependencies":[]}},{"EDType":{"edTypeName":"GenericDecodeFields","edTypeKind":{"tag":"FunKind","contents":[{"tag":"NamedKind","contents":[["Prim"],"Type"]},{"tag":"NamedKind","contents":[["Prim"],"Type"]}]},"edTypeDeclarationKind":"TypeSynonym"}},{"EDTypeSynonym":{"edTypeSynonymName":"GenericDecodeFields","edTypeSynonymArguments":[["a",null]],"edTypeSynonymType":{"tag":"TypeApp","contents":[{"tag":"TypeConstructor","contents":[["Prim"],"Record"]},{"tag":"RCons","contents":["decodeFields",{"tag":"TypeApp","contents":[{"tag":"TypeApp","contents":[{"tag":"TypeConstructor","contents":[["Prim"],"Function"]},{"tag":"TypeConstructor","contents":[["Data","Foreign","Generic","Types"],"Options"]}]},{"tag":"TypeApp","contents":[{"tag":"TypeApp","contents":[{"tag":"TypeConstructor","contents":[["Prim"],"Function"]},{"tag":"TypeConstructor","contents":[["Data","Foreign"],"Foreign"]}]},{"tag":"TypeApp","contents":[{"tag":"TypeConstructor","contents":[["Data","Foreign"],"F"]},{"tag":"TypeVar","contents":"a"}]}]}]},{"tag":"REmpty"}]}]}}},{"EDClass":{"edClassName":"GenericDecodeFields","edClassTypeArguments":[["a",null]],"edClassMembers":[[{"Ident":"decodeFields"},{"tag":"TypeApp","contents":[{"tag":"TypeApp","contents":[{"tag":"TypeConstructor","contents":[["Prim"],"Function"]},{"tag":"TypeConstructor","contents":[["Data","Foreign","Generic","Types"],"Options"]}]},{"tag":"TypeApp","contents":[{"tag":"TypeApp","contents":[{"tag":"TypeConstructor","contents":[["Prim"],"Function"]},{"tag":"TypeConstructor","contents":[["Data","Foreign"],"Foreign"]}]},{"tag":"TypeApp","contents":[{"tag":"TypeConstructor","contents":[["Data","Foreign"],"F"]},{"tag":"TypeVar","contents":"a"}]}]}]}]],"edClassConstraints":[],"edFunctionalDependencies":[]}},{"EDType":{"edTypeName":"GenericEncode","edTypeKind":{"tag":"FunKind","contents":[{"tag":"NamedKind","contents":[["Prim"],"Type"]},{"tag":"NamedKind","contents":[["Prim"],"Type"]}]},"edTypeDeclarationKind":"TypeSynonym"}},{"EDTypeSynonym":{"edTypeSynonymName":"GenericEncode","edTypeSynonymArguments":[["a",null]],"edTypeSynonymType":{"tag":"TypeApp","contents":[{"tag":"TypeConstructor","contents":[["Prim"],"Record"]},{"tag":"RCons","contents":["encodeOpts",{"tag":"TypeApp","contents":[{"tag":"TypeApp","contents":[{"tag":"TypeConstructor","contents":[["Prim"],"Function"]},{"tag":"TypeConstructor","contents":[["Data","Foreign","Generic","Types"],"Options"]}]},{"tag":"TypeApp","contents":[{"tag":"TypeApp","contents":[{"tag":"TypeConstructor","contents":[["Prim"],"Function"]},{"tag":"TypeVar","contents":"a"}]},{"tag":"TypeConstructor","contents":[["Data","Foreign"],"Foreign"]}]}]},{"tag":"REmpty"}]}]}}},{"EDClass":{"edClassName":"GenericEncode","edClassTypeArguments":[["a",null]],"edClassMembers":[[{"Ident":"encodeOpts"},{"tag":"TypeApp","contents":[{"tag":"TypeApp","contents":[{"tag":"TypeConstructor","contents":[["Prim"],"Function"]},{"tag":"TypeConstructor","contents":[["Data","Foreign","Generic","Types"],"Options"]}]},{"tag":"TypeApp","contents":[{"tag":"TypeApp","contents":[{"tag":"TypeConstructor","contents":[["Prim"],"Function"]},{"tag":"TypeVar","contents":"a"}]},{"tag":"TypeConstructor","contents":[["Data","Foreign"],"Foreign"]}]}]}]],"edClassConstraints":[],"edFunctionalDependencies":[]}},{"EDType":{"edTypeName":"GenericEncodeArgs","edTypeKind":{"tag":"FunKind","contents":[{"tag":"NamedKind","contents":[["Prim"],"Type"]},{"tag":"NamedKind","contents":[["Prim"],"Type"]}]},"edTypeDeclarationKind":"TypeSynonym"}},{"EDTypeSynonym":{"edTypeSynonymName":"GenericEncodeArgs","edTypeSynonymArguments":[["a",null]],"edTypeSynonymType":{"tag":"TypeApp","contents":[{"tag":"TypeConstructor","contents":[["Prim"],"Record"]},{"tag":"RCons","contents":["encodeArgs",{"tag":"TypeApp","contents":[{"tag":"TypeApp","contents":[{"tag":"TypeConstructor","contents":[["Prim"],"Function"]},{"tag":"TypeConstructor","contents":[["Data","Foreign","Generic","Types"],"Options"]}]},{"tag":"TypeApp","contents":[{"tag":"TypeApp","contents":[{"tag":"TypeConstructor","contents":[["Prim"],"Function"]},{"tag":"TypeVar","contents":"a"}]},{"tag":"TypeApp","contents":[{"tag":"TypeConstructor","contents":[["Data","List","Types"],"List"]},{"tag":"TypeConstructor","contents":[["Data","Foreign"],"Foreign"]}]}]}]},{"tag":"REmpty"}]}]}}},{"EDClass":{"edClassName":"GenericEncodeArgs","edClassTypeArguments":[["a",null]],"edClassMembers":[[{"Ident":"encodeArgs"},{"tag":"TypeApp","contents":[{"tag":"TypeApp","contents":[{"tag":"TypeConstructor","contents":[["Prim"],"Function"]},{"tag":"TypeConstructor","contents":[["Data","Foreign","Generic","Types"],"Options"]}]},{"tag":"TypeApp","contents":[{"tag":"TypeApp","contents":[{"tag":"TypeConstructor","contents":[["Prim"],"Function"]},{"tag":"TypeVar","contents":"a"}]},{"tag":"TypeApp","contents":[{"tag":"TypeConstructor","contents":[["Data","List","Types"],"List"]},{"tag":"TypeConstructor","contents":[["Data","Foreign"],"Foreign"]}]}]}]}]],"edClassConstraints":[],"edFunctionalDependencies":[]}},{"EDType":{"edTypeName":"GenericEncodeFields","edTypeKind":{"tag":"FunKind","contents":[{"tag":"NamedKind","contents":[["Prim"],"Type"]},{"tag":"NamedKind","contents":[["Prim"],"Type"]}]},"edTypeDeclarationKind":"TypeSynonym"}},{"EDTypeSynonym":{"edTypeSynonymName":"GenericEncodeFields","edTypeSynonymArguments":[["a",null]],"edTypeSynonymType":{"tag":"TypeApp","contents":[{"tag":"TypeConstructor","contents":[["Prim"],"Record"]},{"tag":"RCons","contents":["encodeFields",{"tag":"TypeApp","contents":[{"tag":"TypeApp","contents":[{"tag":"TypeConstructor","contents":[["Prim"],"Function"]},{"tag":"TypeConstructor","contents":[["Data","Foreign","Generic","Types"],"Options"]}]},{"tag":"TypeApp","contents":[{"tag":"TypeApp","contents":[{"tag":"TypeConstructor","contents":[["Prim"],"Function"]},{"tag":"TypeVar","contents":"a"}]},{"tag":"TypeApp","contents":[{"tag":"TypeConstructor","contents":[["Data","StrMap"],"StrMap"]},{"tag":"TypeConstructor","contents":[["Data","Foreign"],"Foreign"]}]}]}]},{"tag":"REmpty"}]}]}}},{"EDClass":{"edClassName":"GenericEncodeFields","edClassTypeArguments":[["a",null]],"edClassMembers":[[{"Ident":"encodeFields"},{"tag":"TypeApp","contents":[{"tag":"TypeApp","contents":[{"tag":"TypeConstructor","contents":[["Prim"],"Function"]},{"tag":"TypeConstructor","contents":[["Data","Foreign","Generic","Types"],"Options"]}]},{"tag":"TypeApp","contents":[{"tag":"TypeApp","contents":[{"tag":"TypeConstructor","contents":[["Prim"],"Function"]},{"tag":"TypeVar","contents":"a"}]},{"tag":"TypeApp","contents":[{"tag":"TypeConstructor","contents":[["Data","StrMap"],"StrMap"]},{"tag":"TypeConstructor","contents":[["Data","Foreign"],"Foreign"]}]}]}]}]],"edClassConstraints":[],"edFunctionalDependencies":[]}},{"EDValue":{"edValueName":{"Ident":"countArgs"},"edValueType":{"tag":"ForAll","contents":["a",{"tag":"ConstrainedType","contents":[{"constraintClass":[["Data","Foreign","Generic","Class"],"GenericCountArgs"],"constraintArgs":[{"tag":"TypeVar","contents":"a"}],"constraintData":null},{"tag":"TypeApp","contents":[{"tag":"TypeApp","contents":[{"tag":"TypeConstructor","contents":[["Prim"],"Function"]},{"tag":"TypeApp","contents":[{"tag":"TypeConstructor","contents":[["Type","Proxy"],"Proxy"]},{"tag":"TypeVar","contents":"a"}]}]},{"tag":"TypeApp","contents":[{"tag":"TypeApp","contents":[{"tag":"TypeConstructor","contents":[["Data","Either"],"Either"]},{"tag":"TypeVar","contents":"a"}]},{"tag":"TypeConstructor","contents":[["Prim"],"Int"]}]}]}]},73]}}},{"EDValue":{"edValueName":{"Ident":"decodeArgs"},"edValueType":{"tag":"ForAll","contents":["a",{"tag":"ConstrainedType","contents":[{"constraintClass":[["Data","Foreign","Generic","Class"],"GenericDecodeArgs"],"constraintArgs":[{"tag":"TypeVar","contents":"a"}],"constraintData":null},{"tag":"TypeApp","contents":[{"tag":"TypeApp","contents":[{"tag":"TypeConstructor","contents":[["Prim"],"Function"]},{"tag":"TypeApp","contents":[{"tag":"TypeConstructor","contents":[["Prim"],"Record"]},{"tag":"RCons","contents":["sumEncoding",{"tag":"TypeConstructor","contents":[["Data","Foreign","Generic","Types"],"SumEncoding"]},{"tag":"RCons","contents":["unwrapSingleConstructors",{"tag":"TypeConstructor","contents":[["Prim"],"Boolean"]},{"tag":"RCons","contents":["unwrapSingleArguments",{"tag":"TypeConstructor","contents":[["Prim"],"Boolean"]},{"tag":"RCons","contents":["fieldTransform",{"tag":"TypeApp","contents":[{"tag":"TypeApp","contents":[{"tag":"TypeConstructor","contents":[["Prim"],"Function"]},{"tag":"TypeConstructor","contents":[["Prim"],"String"]}]},{"tag":"TypeConstructor","contents":[["Prim"],"String"]}]},{"tag":"REmpty"}]}]}]}]}]}]},{"tag":"TypeApp","contents":[{"tag":"TypeApp","contents":[{"tag":"TypeConstructor","contents":[["Prim"],"Function"]},{"tag":"TypeConstructor","contents":[["Prim"],"Int"]}]},{"tag":"TypeApp","contents":[{"tag":"TypeApp","contents":[{"tag":"TypeConstructor","contents":[["Prim"],"Function"]},{"tag":"TypeApp","contents":[{"tag":"TypeConstructor","contents":[["Data","List","Types"],"List"]},{"tag":"TypeConstructor","contents":[["Data","Foreign"],"Foreign"]}]}]},{"tag":"TypeApp","contents":[{"tag":"TypeApp","contents":[{"tag":"TypeApp","contents":[{"tag":"TypeConstructor","contents":[["Control","Monad","Except","Trans"],"ExceptT"]},{"tag":"TypeApp","contents":[{"tag":"TypeConstructor","contents":[["Data","List","Types"],"NonEmptyList"]},{"tag":"TypeConstructor","contents":[["Data","Foreign"],"ForeignError"]}]}]},{"tag":"TypeConstructor","contents":[["Data","Identity"],"Identity"]}]},{"tag":"TypeApp","contents":[{"tag":"TypeConstructor","contents":[["Prim"],"Record"]},{"tag":"RCons","contents":["result",{"tag":"TypeVar","contents":"a"},{"tag":"RCons","contents":["rest",{"tag":"TypeApp","contents":[{"tag":"TypeConstructor","contents":[["Data","List","Types"],"List"]},{"tag":"TypeConstructor","contents":[["Data","Foreign"],"Foreign"]}]},{"tag":"RCons","contents":["next",{"tag":"TypeConstructor","contents":[["Prim"],"Int"]},{"tag":"REmpty"}]}]}]}]}]}]}]}]}]},68]}}},{"EDValue":{"edValueName":{"Ident":"decodeFields"},"edValueType":{"tag":"ForAll","contents":["a",{"tag":"ConstrainedType","contents":[{"constraintClass":[["Data","Foreign","Generic","Class"],"GenericDecodeFields"],"constraintArgs":[{"tag":"TypeVar","contents":"a"}],"constraintData":null},{"tag":"TypeApp","contents":[{"tag":"TypeApp","contents":[{"tag":"TypeConstructor","contents":[["Prim"],"Function"]},{"tag":"TypeApp","contents":[{"tag":"TypeConstructor","contents":[["Prim"],"Record"]},{"tag":"RCons","contents":["sumEncoding",{"tag":"TypeConstructor","contents":[["Data","Foreign","Generic","Types"],"SumEncoding"]},{"tag":"RCons","contents":["unwrapSingleConstructors",{"tag":"TypeConstructor","contents":[["Prim"],"Boolean"]},{"tag":"RCons","contents":["unwrapSingleArguments",{"tag":"TypeConstructor","contents":[["Prim"],"Boolean"]},{"tag":"RCons","contents":["fieldTransform",{"tag":"TypeApp","contents":[{"tag":"TypeApp","contents":[{"tag":"TypeConstructor","contents":[["Prim"],"Function"]},{"tag":"TypeConstructor","contents":[["Prim"],"String"]}]},{"tag":"TypeConstructor","contents":[["Prim"],"String"]}]},{"tag":"REmpty"}]}]}]}]}]}]},{"tag":"TypeApp","contents":[{"tag":"TypeApp","contents":[{"tag":"TypeConstructor","contents":[["Prim"],"Function"]},{"tag":"TypeConstructor","contents":[["Data","Foreign"],"Foreign"]}]},{"tag":"TypeApp","contents":[{"tag":"TypeApp","contents":[{"tag":"TypeApp","contents":[{"tag":"TypeConstructor","contents":[["Control","Monad","Except","Trans"],"ExceptT"]},{"tag":"TypeApp","contents":[{"tag":"TypeConstructor","contents":[["Data","List","Types"],"NonEmptyList"]},{"tag":"TypeConstructor","contents":[["Data","Foreign"],"ForeignError"]}]}]},{"tag":"TypeConstructor","contents":[["Data","Identity"],"Identity"]}]},{"tag":"TypeVar","contents":"a"}]}]}]}]},59]}}},{"EDValue":{"edValueName":{"Ident":"decodeOpts"},"edValueType":{"tag":"ForAll","contents":["a",{"tag":"ConstrainedType","contents":[{"constraintClass":[["Data","Foreign","Generic","Class"],"GenericDecode"],"constraintArgs":[{"tag":"TypeVar","contents":"a"}],"constraintData":null},{"tag":"TypeApp","contents":[{"tag":"TypeApp","contents":[{"tag":"TypeConstructor","contents":[["Prim"],"Function"]},{"tag":"TypeApp","contents":[{"tag":"TypeConstructor","contents":[["Prim"],"Record"]},{"tag":"RCons","contents":["sumEncoding",{"tag":"TypeConstructor","contents":[["Data","Foreign","Generic","Types"],"SumEncoding"]},{"tag":"RCons","contents":["unwrapSingleConstructors",{"tag":"TypeConstructor","contents":[["Prim"],"Boolean"]},{"tag":"RCons","contents":["unwrapSingleArguments",{"tag":"TypeConstructor","contents":[["Prim"],"Boolean"]},{"tag":"RCons","contents":["fieldTransform",{"tag":"TypeApp","contents":[{"tag":"TypeApp","contents":[{"tag":"TypeConstructor","contents":[["Prim"],"Function"]},{"tag":"TypeConstructor","contents":[["Prim"],"String"]}]},{"tag":"TypeConstructor","contents":[["Prim"],"String"]}]},{"tag":"REmpty"}]}]}]}]}]}]},{"tag":"TypeApp","contents":[{"tag":"TypeApp","contents":[{"tag":"TypeConstructor","contents":[["Prim"],"Function"]},{"tag":"TypeConstructor","contents":[["Data","Foreign"],"Foreign"]}]},{"tag":"TypeApp","contents":[{"tag":"TypeApp","contents":[{"tag":"TypeApp","contents":[{"tag":"TypeConstructor","contents":[["Control","Monad","Except","Trans"],"ExceptT"]},{"tag":"TypeApp","contents":[{"tag":"TypeConstructor","contents":[["Data","List","Types"],"NonEmptyList"]},{"tag":"TypeConstructor","contents":[["Data","Foreign"],"ForeignError"]}]}]},{"tag":"TypeConstructor","contents":[["Data","Identity"],"Identity"]}]},{"tag":"TypeVar","contents":"a"}]}]}]}]},50]}}},{"EDValue":{"edValueName":{"Ident":"encodeArgs"},"edValueType":{"tag":"ForAll","contents":["a",{"tag":"ConstrainedType","contents":[{"constraintClass":[["Data","Foreign","Generic","Class"],"GenericEncodeArgs"],"constraintArgs":[{"tag":"TypeVar","contents":"a"}],"constraintData":null},{"tag":"TypeApp","contents":[{"tag":"TypeApp","contents":[{"tag":"TypeConstructor","contents":[["Prim"],"Function"]},{"tag":"TypeApp","contents":[{"tag":"TypeConstructor","contents":[["Prim"],"Record"]},{"tag":"RCons","contents":["sumEncoding",{"tag":"TypeConstructor","contents":[["Data","Foreign","Generic","Types"],"SumEncoding"]},{"tag":"RCons","contents":["unwrapSingleConstructors",{"tag":"TypeConstructor","contents":[["Prim"],"Boolean"]},{"tag":"RCons","contents":["unwrapSingleArguments",{"tag":"TypeConstructor","contents":[["Prim"],"Boolean"]},{"tag":"RCons","contents":["fieldTransform",{"tag":"TypeApp","contents":[{"tag":"TypeApp","contents":[{"tag":"TypeConstructor","contents":[["Prim"],"Function"]},{"tag":"TypeConstructor","contents":[["Prim"],"String"]}]},{"tag":"TypeConstructor","contents":[["Prim"],"String"]}]},{"tag":"REmpty"}]}]}]}]}]}]},{"tag":"TypeApp","contents":[{"tag":"TypeApp","contents":[{"tag":"TypeConstructor","contents":[["Prim"],"Function"]},{"tag":"TypeVar","contents":"a"}]},{"tag":"TypeApp","contents":[{"tag":"TypeConstructor","contents":[["Data","List","Types"],"List"]},{"tag":"TypeConstructor","contents":[["Data","Foreign"],"Foreign"]}]}]}]}]},33]}}},{"EDValue":{"edValueName":{"Ident":"encodeFields"},"edValueType":{"tag":"ForAll","contents":["a",{"tag":"ConstrainedType","contents":[{"constraintClass":[["Data","Foreign","Generic","Class"],"GenericEncodeFields"],"constraintArgs":[{"tag":"TypeVar","contents":"a"}],"constraintData":null},{"tag":"TypeApp","contents":[{"tag":"TypeApp","contents":[{"tag":"TypeConstructor","contents":[["Prim"],"Function"]},{"tag":"TypeApp","contents":[{"tag":"TypeConstructor","contents":[["Prim"],"Record"]},{"tag":"RCons","contents":["sumEncoding",{"tag":"TypeConstructor","contents":[["Data","Foreign","Generic","Types"],"SumEncoding"]},{"tag":"RCons","contents":["unwrapSingleConstructors",{"tag":"TypeConstructor","contents":[["Prim"],"Boolean"]},{"tag":"RCons","contents":["unwrapSingleArguments",{"tag":"TypeConstructor","contents":[["Prim"],"Boolean"]},{"tag":"RCons","contents":["fieldTransform",{"tag":"TypeApp","contents":[{"tag":"TypeApp","contents":[{"tag":"TypeConstructor","contents":[["Prim"],"Function"]},{"tag":"TypeConstructor","contents":[["Prim"],"String"]}]},{"tag":"TypeConstructor","contents":[["Prim"],"String"]}]},{"tag":"REmpty"}]}]}]}]}]}]},{"tag":"TypeApp","contents":[{"tag":"TypeApp","contents":[{"tag":"TypeConstructor","contents":[["Prim"],"Function"]},{"tag":"TypeVar","contents":"a"}]},{"tag":"TypeApp","contents":[{"tag":"TypeConstructor","contents":[["Data","StrMap"],"StrMap"]},{"tag":"TypeConstructor","contents":[["Data","Foreign"],"Foreign"]}]}]}]}]},25]}}},{"EDValue":{"edValueName":{"Ident":"encodeOpts"},"edValueType":{"tag":"ForAll","contents":["a",{"tag":"ConstrainedType","contents":[{"constraintClass":[["Data","Foreign","Generic","Class"],"GenericEncode"],"constraintArgs":[{"tag":"TypeVar","contents":"a"}],"constraintData":null},{"tag":"TypeApp","contents":[{"tag":"TypeApp","contents":[{"tag":"TypeConstructor","contents":[["Prim"],"Function"]},{"tag":"TypeApp","contents":[{"tag":"TypeConstructor","contents":[["Prim"],"Record"]},{"tag":"RCons","contents":["sumEncoding",{"tag":"TypeConstructor","contents":[["Data","Foreign","Generic","Types"],"SumEncoding"]},{"tag":"RCons","contents":["unwrapSingleConstructors",{"tag":"TypeConstructor","contents":[["Prim"],"Boolean"]},{"tag":"RCons","contents":["unwrapSingleArguments",{"tag":"TypeConstructor","contents":[["Prim"],"Boolean"]},{"tag":"RCons","contents":["fieldTransform",{"tag":"TypeApp","contents":[{"tag":"TypeApp","contents":[{"tag":"TypeConstructor","contents":[["Prim"],"Function"]},{"tag":"TypeConstructor","contents":[["Prim"],"String"]}]},{"tag":"TypeConstructor","contents":[["Prim"],"String"]}]},{"tag":"REmpty"}]}]}]}]}]}]},{"tag":"TypeApp","contents":[{"tag":"TypeApp","contents":[{"tag":"TypeConstructor","contents":[["Prim"],"Function"]},{"tag":"TypeVar","contents":"a"}]},{"tag":"TypeConstructor","contents":[["Data","Foreign"],"Foreign"]}]}]}]},20]}}},{"EDInstance":{"edInstanceClassName":[["Data","Foreign","Generic","Class"],"GenericDecode"],"edInstanceName":{"Ident":"genericDecodeNoConstructors"},"edInstanceTypes":[{"tag":"TypeConstructor","contents":[["Data","Generic","Rep"],"NoConstructors"]}],"edInstanceConstraints":[]}},{"EDInstance":{"edInstanceClassName":[["Data","Foreign","Generic","Class"],"GenericEncode"],"edInstanceName":{"Ident":"genericEncodeNoConstructors"},"edInstanceTypes":[{"tag":"TypeConstructor","contents":[["Data","Generic","Rep"],"NoConstructors"]}],"edInstanceConstraints":[]}},{"EDInstance":{"edInstanceClassName":[["Data","Foreign","Generic","Class"],"GenericDecode"],"edInstanceName":{"Ident":"genericDecodeConstructor"},"edInstanceTypes":[{"tag":"TypeApp","contents":[{"tag":"TypeApp","contents":[{"tag":"TypeConstructor","contents":[["Data","Generic","Rep"],"Constructor"]},{"tag":"TypeVar","contents":"name"}]},{"tag":"TypeVar","contents":"rep"}]}],"edInstanceConstraints":[{"constraintClass":[["Data","Symbol"],"IsSymbol"],"constraintArgs":[{"tag":"TypeVar","contents":"name"}],"constraintData":null},{"constraintClass":[["Data","Foreign","Generic","Class"],"GenericDecodeArgs"],"constraintArgs":[{"tag":"TypeVar","contents":"rep"}],"constraintData":null},{"constraintClass":[["Data","Foreign","Generic","Class"],"GenericCountArgs"],"constraintArgs":[{"tag":"TypeVar","contents":"rep"}],"constraintData":null}]}},{"EDInstance":{"edInstanceClassName":[["Data","Foreign","Generic","Class"],"GenericEncode"],"edInstanceName":{"Ident":"genericEncodeConstructor"},"edInstanceTypes":[{"tag":"TypeApp","contents":[{"tag":"TypeApp","contents":[{"tag":"TypeConstructor","contents":[["Data","Generic","Rep"],"Constructor"]},{"tag":"TypeVar","contents":"name"}]},{"tag":"TypeVar","contents":"rep"}]}],"edInstanceConstraints":[{"constraintClass":[["Data","Symbol"],"IsSymbol"],"constraintArgs":[{"tag":"TypeVar","contents":"name"}],"constraintData":null},{"constraintClass":[["Data","Foreign","Generic","Class"],"GenericEncodeArgs"],"constraintArgs":[{"tag":"TypeVar","contents":"rep"}],"constraintData":null}]}},{"EDInstance":{"edInstanceClassName":[["Data","Foreign","Generic","Class"],"GenericDecode"],"edInstanceName":{"Ident":"genericDecodeSum"},"edInstanceTypes":[{"tag":"TypeApp","contents":[{"tag":"TypeApp","contents":[{"tag":"TypeConstructor","contents":[["Data","Generic","Rep"],"Sum"]},{"tag":"TypeVar","contents":"a"}]},{"tag":"TypeVar","contents":"b"}]}],"edInstanceConstraints":[{"constraintClass":[["Data","Foreign","Generic","Class"],"GenericDecode"],"constraintArgs":[{"tag":"TypeVar","contents":"a"}],"constraintData":null},{"constraintClass":[["Data","Foreign","Generic","Class"],"GenericDecode"],"constraintArgs":[{"tag":"TypeVar","contents":"b"}],"constraintData":null}]}},{"EDInstance":{"edInstanceClassName":[["Data","Foreign","Generic","Class"],"GenericEncode"],"edInstanceName":{"Ident":"genericEncodeSum"},"edInstanceTypes":[{"tag":"TypeApp","contents":[{"tag":"TypeApp","contents":[{"tag":"TypeConstructor","contents":[["Data","Generic","Rep"],"Sum"]},{"tag":"TypeVar","contents":"a"}]},{"tag":"TypeVar","contents":"b"}]}],"edInstanceConstraints":[{"constraintClass":[["Data","Foreign","Generic","Class"],"GenericEncode"],"constraintArgs":[{"tag":"TypeVar","contents":"a"}],"constraintData":null},{"constraintClass":[["Data","Foreign","Generic","Class"],"GenericEncode"],"constraintArgs":[{"tag":"TypeVar","contents":"b"}],"constraintData":null}]}},{"EDInstance":{"edInstanceClassName":[["Data","Foreign","Generic","Class"],"GenericDecodeArgs"],"edInstanceName":{"Ident":"genericDecodeArgsNoArguments"},"edInstanceTypes":[{"tag":"TypeConstructor","contents":[["Data","Generic","Rep"],"NoArguments"]}],"edInstanceConstraints":[]}},{"EDInstance":{"edInstanceClassName":[["Data","Foreign","Generic","Class"],"GenericEncodeArgs"],"edInstanceName":{"Ident":"genericEncodeArgsNoArguments"},"edInstanceTypes":[{"tag":"TypeConstructor","contents":[["Data","Generic","Rep"],"NoArguments"]}],"edInstanceConstraints":[]}},{"EDInstance":{"edInstanceClassName":[["Data","Foreign","Generic","Class"],"GenericDecodeArgs"],"edInstanceName":{"Ident":"genericDecodeArgsArgument"},"edInstanceTypes":[{"tag":"TypeApp","contents":[{"tag":"TypeConstructor","contents":[["Data","Generic","Rep"],"Argument"]},{"tag":"TypeVar","contents":"a"}]}],"edInstanceConstraints":[{"constraintClass":[["Data","Foreign","Class"],"Decode"],"constraintArgs":[{"tag":"TypeVar","contents":"a"}],"constraintData":null}]}},{"EDInstance":{"edInstanceClassName":[["Data","Foreign","Generic","Class"],"GenericEncodeArgs"],"edInstanceName":{"Ident":"genericEncodeArgsArgument"},"edInstanceTypes":[{"tag":"TypeApp","contents":[{"tag":"TypeConstructor","contents":[["Data","Generic","Rep"],"Argument"]},{"tag":"TypeVar","contents":"a"}]}],"edInstanceConstraints":[{"constraintClass":[["Data","Foreign","Class"],"Encode"],"constraintArgs":[{"tag":"TypeVar","contents":"a"}],"constraintData":null}]}},{"EDInstance":{"edInstanceClassName":[["Data","Foreign","Generic","Class"],"GenericDecodeArgs"],"edInstanceName":{"Ident":"genericDecodeArgsProduct"},"edInstanceTypes":[{"tag":"TypeApp","contents":[{"tag":"TypeApp","contents":[{"tag":"TypeConstructor","contents":[["Data","Generic","Rep"],"Product"]},{"tag":"TypeVar","contents":"a"}]},{"tag":"TypeVar","contents":"b"}]}],"edInstanceConstraints":[{"constraintClass":[["Data","Foreign","Generic","Class"],"GenericDecodeArgs"],"constraintArgs":[{"tag":"TypeVar","contents":"a"}],"constraintData":null},{"constraintClass":[["Data","Foreign","Generic","Class"],"GenericDecodeArgs"],"constraintArgs":[{"tag":"TypeVar","contents":"b"}],"constraintData":null}]}},{"EDInstance":{"edInstanceClassName":[["Data","Foreign","Generic","Class"],"GenericEncodeArgs"],"edInstanceName":{"Ident":"genericEncodeArgsProduct"},"edInstanceTypes":[{"tag":"TypeApp","contents":[{"tag":"TypeApp","contents":[{"tag":"TypeConstructor","contents":[["Data","Generic","Rep"],"Product"]},{"tag":"TypeVar","contents":"a"}]},{"tag":"TypeVar","contents":"b"}]}],"edInstanceConstraints":[{"constraintClass":[["Data","Foreign","Generic","Class"],"GenericEncodeArgs"],"constraintArgs":[{"tag":"TypeVar","contents":"a"}],"constraintData":null},{"constraintClass":[["Data","Foreign","Generic","Class"],"GenericEncodeArgs"],"constraintArgs":[{"tag":"TypeVar","contents":"b"}],"constraintData":null}]}},{"EDInstance":{"edInstanceClassName":[["Data","Foreign","Generic","Class"],"GenericDecodeArgs"],"edInstanceName":{"Ident":"genericDecodeArgsRec"},"edInstanceTypes":[{"tag":"TypeApp","contents":[{"tag":"TypeConstructor","contents":[["Data","Generic","Rep"],"Rec"]},{"tag":"TypeVar","contents":"fields"}]}],"edInstanceConstraints":[{"constraintClass":[["Data","Foreign","Generic","Class"],"GenericDecodeFields"],"constraintArgs":[{"tag":"TypeVar","contents":"fields"}],"constraintData":null}]}},{"EDInstance":{"edInstanceClassName":[["Data","Foreign","Generic","Class"],"GenericEncodeArgs"],"edInstanceName":{"Ident":"genericEncodeArgsRec"},"edInstanceTypes":[{"tag":"TypeApp","contents":[{"tag":"TypeConstructor","contents":[["Data","Generic","Rep"],"Rec"]},{"tag":"TypeVar","contents":"fields"}]}],"edInstanceConstraints":[{"constraintClass":[["Data","Foreign","Generic","Class"],"GenericEncodeFields"],"constraintArgs":[{"tag":"TypeVar","contents":"fields"}],"constraintData":null}]}},{"EDInstance":{"edInstanceClassName":[["Data","Foreign","Generic","Class"],"GenericDecodeFields"],"edInstanceName":{"Ident":"genericDecodeFieldsField"},"edInstanceTypes":[{"tag":"TypeApp","contents":[{"tag":"TypeApp","contents":[{"tag":"TypeConstructor","contents":[["Data","Generic","Rep"],"Field"]},{"tag":"TypeVar","contents":"name"}]},{"tag":"TypeVar","contents":"a"}]}],"edInstanceConstraints":[{"constraintClass":[["Data","Symbol"],"IsSymbol"],"constraintArgs":[{"tag":"TypeVar","contents":"name"}],"constraintData":null},{"constraintClass":[["Data","Foreign","Class"],"Decode"],"constraintArgs":[{"tag":"TypeVar","contents":"a"}],"constraintData":null}]}},{"EDInstance":{"edInstanceClassName":[["Data","Foreign","Generic","Class"],"GenericEncodeFields"],"edInstanceName":{"Ident":"genericEncodeFieldsField"},"edInstanceTypes":[{"tag":"TypeApp","contents":[{"tag":"TypeApp","contents":[{"tag":"TypeConstructor","contents":[["Data","Generic","Rep"],"Field"]},{"tag":"TypeVar","contents":"name"}]},{"tag":"TypeVar","contents":"a"}]}],"edInstanceConstraints":[{"constraintClass":[["Data","Symbol"],"IsSymbol"],"constraintArgs":[{"tag":"TypeVar","contents":"name"}],"constraintData":null},{"constraintClass":[["Data","Foreign","Class"],"Encode"],"constraintArgs":[{"tag":"TypeVar","contents":"a"}],"constraintData":null}]}},{"EDInstance":{"edInstanceClassName":[["Data","Foreign","Generic","Class"],"GenericDecodeFields"],"edInstanceName":{"Ident":"genericDecodeFieldsProduct"},"edInstanceTypes":[{"tag":"TypeApp","contents":[{"tag":"TypeApp","contents":[{"tag":"TypeConstructor","contents":[["Data","Generic","Rep"],"Product"]},{"tag":"TypeVar","contents":"a"}]},{"tag":"TypeVar","contents":"b"}]}],"edInstanceConstraints":[{"constraintClass":[["Data","Foreign","Generic","Class"],"GenericDecodeFields"],"constraintArgs":[{"tag":"TypeVar","contents":"a"}],"constraintData":null},{"constraintClass":[["Data","Foreign","Generic","Class"],"GenericDecodeFields"],"constraintArgs":[{"tag":"TypeVar","contents":"b"}],"constraintData":null}]}},{"EDInstance":{"edInstanceClassName":[["Data","Foreign","Generic","Class"],"GenericEncodeFields"],"edInstanceName":{"Ident":"genericEncodeFieldsProduct"},"edInstanceTypes":[{"tag":"TypeApp","contents":[{"tag":"TypeApp","contents":[{"tag":"TypeConstructor","contents":[["Data","Generic","Rep"],"Product"]},{"tag":"TypeVar","contents":"a"}]},{"tag":"TypeVar","contents":"b"}]}],"edInstanceConstraints":[{"constraintClass":[["Data","Foreign","Generic","Class"],"GenericEncodeFields"],"constraintArgs":[{"tag":"TypeVar","contents":"a"}],"constraintData":null},{"constraintClass":[["Data","Foreign","Generic","Class"],"GenericEncodeFields"],"constraintArgs":[{"tag":"TypeVar","contents":"b"}],"constraintData":null}]}},{"EDInstance":{"edInstanceClassName":[["Data","Foreign","Generic","Class"],"GenericCountArgs"],"edInstanceName":{"Ident":"genericCountArgsNoArguments"},"edInstanceTypes":[{"tag":"TypeConstructor","contents":[["Data","Generic","Rep"],"NoArguments"]}],"edInstanceConstraints":[]}},{"EDInstance":{"edInstanceClassName":[["Data","Foreign","Generic","Class"],"GenericCountArgs"],"edInstanceName":{"Ident":"genericCountArgsArgument"},"edInstanceTypes":[{"tag":"TypeApp","contents":[{"tag":"TypeConstructor","contents":[["Data","Generic","Rep"],"Argument"]},{"tag":"TypeVar","contents":"a"}]}],"edInstanceConstraints":[]}},{"EDInstance":{"edInstanceClassName":[["Data","Foreign","Generic","Class"],"GenericCountArgs"],"edInstanceName":{"Ident":"genericCountArgsProduct"},"edInstanceTypes":[{"tag":"TypeApp","contents":[{"tag":"TypeApp","contents":[{"tag":"TypeConstructor","contents":[["Data","Generic","Rep"],"Product"]},{"tag":"TypeVar","contents":"a"}]},{"tag":"TypeVar","contents":"b"}]}],"edInstanceConstraints":[{"constraintClass":[["Data","Foreign","Generic","Class"],"GenericCountArgs"],"constraintArgs":[{"tag":"TypeVar","contents":"a"}],"constraintData":null},{"constraintClass":[["Data","Foreign","Generic","Class"],"GenericCountArgs"],"constraintArgs":[{"tag":"TypeVar","contents":"b"}],"constraintData":null}]}},{"EDInstance":{"edInstanceClassName":[["Data","Foreign","Generic","Class"],"GenericCountArgs"],"edInstanceName":{"Ident":"genericCountArgsRec"},"edInstanceTypes":[{"tag":"TypeApp","contents":[{"tag":"TypeConstructor","contents":[["Data","Generic","Rep"],"Rec"]},{"tag":"TypeVar","contents":"fields"}]}],"edInstanceConstraints":[]}}],"efSourceSpan":{"start":[1,1],"name":"/Users/lmcphail/projects/BasicLambda/bower_components/purescript-foreign-generic/src/Data/Foreign/Generic/Class.purs","end":[212,23]}}