{"efVersion":"0.11.6","efModuleName":["Data","Int"],"efExports":[{"TypeRef":[{"start":[1,1],"name":"/Users/lmcphail/projects/BasicLambda/bower_components/purescript-integers/src/Data/Int.purs","end":[172,46]},"Parity",["Even","Odd"]]},{"TypeRef":[{"start":[1,1],"name":"/Users/lmcphail/projects/BasicLambda/bower_components/purescript-integers/src/Data/Int.purs","end":[172,46]},"Radix",[]]},{"ValueRef":[{"start":[1,1],"name":"/Users/lmcphail/projects/BasicLambda/bower_components/purescript-integers/src/Data/Int.purs","end":[172,46]},{"Ident":"base36"}]},{"ValueRef":[{"start":[1,1],"name":"/Users/lmcphail/projects/BasicLambda/bower_components/purescript-integers/src/Data/Int.purs","end":[172,46]},{"Ident":"binary"}]},{"ValueRef":[{"start":[1,1],"name":"/Users/lmcphail/projects/BasicLambda/bower_components/purescript-integers/src/Data/Int.purs","end":[172,46]},{"Ident":"ceil"}]},{"ValueRef":[{"start":[1,1],"name":"/Users/lmcphail/projects/BasicLambda/bower_components/purescript-integers/src/Data/Int.purs","end":[172,46]},{"Ident":"decimal"}]},{"ValueRef":[{"start":[1,1],"name":"/Users/lmcphail/projects/BasicLambda/bower_components/purescript-integers/src/Data/Int.purs","end":[172,46]},{"Ident":"even"}]},{"ValueRef":[{"start":[1,1],"name":"/Users/lmcphail/projects/BasicLambda/bower_components/purescript-integers/src/Data/Int.purs","end":[172,46]},{"Ident":"floor"}]},{"ValueRef":[{"start":[1,1],"name":"/Users/lmcphail/projects/BasicLambda/bower_components/purescript-integers/src/Data/Int.purs","end":[172,46]},{"Ident":"fromNumber"}]},{"ValueRef":[{"start":[1,1],"name":"/Users/lmcphail/projects/BasicLambda/bower_components/purescript-integers/src/Data/Int.purs","end":[172,46]},{"Ident":"fromString"}]},{"ValueRef":[{"start":[1,1],"name":"/Users/lmcphail/projects/BasicLambda/bower_components/purescript-integers/src/Data/Int.purs","end":[172,46]},{"Ident":"fromStringAs"}]},{"ValueRef":[{"start":[1,1],"name":"/Users/lmcphail/projects/BasicLambda/bower_components/purescript-integers/src/Data/Int.purs","end":[172,46]},{"Ident":"hexadecimal"}]},{"ValueRef":[{"start":[1,1],"name":"/Users/lmcphail/projects/BasicLambda/bower_components/purescript-integers/src/Data/Int.purs","end":[172,46]},{"Ident":"octal"}]},{"ValueRef":[{"start":[1,1],"name":"/Users/lmcphail/projects/BasicLambda/bower_components/purescript-integers/src/Data/Int.purs","end":[172,46]},{"Ident":"odd"}]},{"ValueRef":[{"start":[1,1],"name":"/Users/lmcphail/projects/BasicLambda/bower_components/purescript-integers/src/Data/Int.purs","end":[172,46]},{"Ident":"parity"}]},{"ValueRef":[{"start":[1,1],"name":"/Users/lmcphail/projects/BasicLambda/bower_components/purescript-integers/src/Data/Int.purs","end":[172,46]},{"Ident":"pow"}]},{"ValueRef":[{"start":[1,1],"name":"/Users/lmcphail/projects/BasicLambda/bower_components/purescript-integers/src/Data/Int.purs","end":[172,46]},{"Ident":"radix"}]},{"ValueRef":[{"start":[1,1],"name":"/Users/lmcphail/projects/BasicLambda/bower_components/purescript-integers/src/Data/Int.purs","end":[172,46]},{"Ident":"round"}]},{"ValueRef":[{"start":[1,1],"name":"/Users/lmcphail/projects/BasicLambda/bower_components/purescript-integers/src/Data/Int.purs","end":[172,46]},{"Ident":"toNumber"}]},{"ValueRef":[{"start":[1,1],"name":"/Users/lmcphail/projects/BasicLambda/bower_components/purescript-integers/src/Data/Int.purs","end":[172,46]},{"Ident":"toStringAs"}]},{"TypeInstanceRef":[{"start":[0,0],"name":"<generated>","end":[0,0]},{"Ident":"eqParity"}]},{"TypeInstanceRef":[{"start":[0,0],"name":"<generated>","end":[0,0]},{"Ident":"ordParity"}]},{"TypeInstanceRef":[{"start":[0,0],"name":"<generated>","end":[0,0]},{"Ident":"showParity"}]},{"TypeInstanceRef":[{"start":[0,0],"name":"<generated>","end":[0,0]},{"Ident":"boundedParity"}]}],"efImports":[{"eiModule":["Prim"],"eiImportType":{"Implicit":[]},"eiImportedAs":null},{"eiModule":["Prim"],"eiImportType":{"Implicit":[]},"eiImportedAs":["Prim"]},{"eiModule":["Prelude"],"eiImportType":{"Implicit":[]},"eiImportedAs":null},{"eiModule":["Data","Int","Bits"],"eiImportType":{"Explicit":[{"ValueOpRef":[{"start":[26,23],"name":"/Users/lmcphail/projects/BasicLambda/bower_components/purescript-integers/src/Data/Int.purs","end":[26,28]},".&."]}]},"eiImportedAs":null},{"eiModule":["Data","Maybe"],"eiImportType":{"Explicit":[{"TypeRef":[{"start":[27,20],"name":"/Users/lmcphail/projects/BasicLambda/bower_components/purescript-integers/src/Data/Int.purs","end":[27,29]},"Maybe",null]},{"ValueRef":[{"start":[27,31],"name":"/Users/lmcphail/projects/BasicLambda/bower_components/purescript-integers/src/Data/Int.purs","end":[27,40]},{"Ident":"fromMaybe"}]}]},"eiImportedAs":null},{"eiModule":["Global"],"eiImportType":{"Explicit":[{"ValueRef":[{"start":[28,16],"name":"/Users/lmcphail/projects/BasicLambda/bower_components/purescript-integers/src/Data/Int.purs","end":[28,24]},{"Ident":"infinity"}]}]},"eiImportedAs":null},{"eiModule":["Math"],"eiImportType":{"Implicit":[]},"eiImportedAs":["Math"]}],"efFixities":[],"efTypeFixities":[],"efDeclarations":[{"EDType":{"edTypeName":"Parity","edTypeKind":{"tag":"NamedKind","contents":[["Prim"],"Type"]},"edTypeDeclarationKind":{"DataType":{"args":[],"ctors":[["Even",[]],["Odd",[]]]}}}},{"EDDataConstructor":{"edDataCtorName":"Even","edDataCtorOrigin":"data","edDataCtorTypeCtor":"Parity","edDataCtorType":{"tag":"TypeConstructor","contents":[["Data","Int"],"Parity"]},"edDataCtorFields":[]}},{"EDDataConstructor":{"edDataCtorName":"Odd","edDataCtorOrigin":"data","edDataCtorTypeCtor":"Parity","edDataCtorType":{"tag":"TypeConstructor","contents":[["Data","Int"],"Parity"]},"edDataCtorFields":[]}},{"EDType":{"edTypeName":"Radix","edTypeKind":{"tag":"NamedKind","contents":[["Prim"],"Type"]},"edTypeDeclarationKind":{"DataType":{"args":[],"ctors":[["Radix",[{"tag":"TypeConstructor","contents":[["Prim"],"Int"]}]]]}}}},{"EDValue":{"edValueName":{"Ident":"base36"},"edValueType":{"tag":"TypeConstructor","contents":[["Data","Int"],"Radix"]}}},{"EDValue":{"edValueName":{"Ident":"binary"},"edValueType":{"tag":"TypeConstructor","contents":[["Data","Int"],"Radix"]}}},{"EDValue":{"edValueName":{"Ident":"ceil"},"edValueType":{"tag":"TypeApp","contents":[{"tag":"TypeApp","contents":[{"tag":"TypeConstructor","contents":[["Prim"],"Function"]},{"tag":"TypeConstructor","contents":[["Prim"],"Number"]}]},{"tag":"TypeConstructor","contents":[["Prim"],"Int"]}]}}},{"EDValue":{"edValueName":{"Ident":"decimal"},"edValueType":{"tag":"TypeConstructor","contents":[["Data","Int"],"Radix"]}}},{"EDValue":{"edValueName":{"Ident":"even"},"edValueType":{"tag":"TypeApp","contents":[{"tag":"TypeApp","contents":[{"tag":"TypeConstructor","contents":[["Prim"],"Function"]},{"tag":"TypeConstructor","contents":[["Prim"],"Int"]}]},{"tag":"TypeConstructor","contents":[["Prim"],"Boolean"]}]}}},{"EDValue":{"edValueName":{"Ident":"floor"},"edValueType":{"tag":"TypeApp","contents":[{"tag":"TypeApp","contents":[{"tag":"TypeConstructor","contents":[["Prim"],"Function"]},{"tag":"TypeConstructor","contents":[["Prim"],"Number"]}]},{"tag":"TypeConstructor","contents":[["Prim"],"Int"]}]}}},{"EDValue":{"edValueName":{"Ident":"fromNumber"},"edValueType":{"tag":"TypeApp","contents":[{"tag":"TypeApp","contents":[{"tag":"TypeConstructor","contents":[["Prim"],"Function"]},{"tag":"TypeConstructor","contents":[["Prim"],"Number"]}]},{"tag":"TypeApp","contents":[{"tag":"TypeConstructor","contents":[["Data","Maybe"],"Maybe"]},{"tag":"TypeConstructor","contents":[["Prim"],"Int"]}]}]}}},{"EDValue":{"edValueName":{"Ident":"fromString"},"edValueType":{"tag":"TypeApp","contents":[{"tag":"TypeApp","contents":[{"tag":"TypeConstructor","contents":[["Prim"],"Function"]},{"tag":"TypeConstructor","contents":[["Prim"],"String"]}]},{"tag":"TypeApp","contents":[{"tag":"TypeConstructor","contents":[["Data","Maybe"],"Maybe"]},{"tag":"TypeConstructor","contents":[["Prim"],"Int"]}]}]}}},{"EDValue":{"edValueName":{"Ident":"fromStringAs"},"edValueType":{"tag":"TypeApp","contents":[{"tag":"TypeApp","contents":[{"tag":"TypeConstructor","contents":[["Prim"],"Function"]},{"tag":"TypeConstructor","contents":[["Data","Int"],"Radix"]}]},{"tag":"TypeApp","contents":[{"tag":"TypeApp","contents":[{"tag":"TypeConstructor","contents":[["Prim"],"Function"]},{"tag":"TypeConstructor","contents":[["Prim"],"String"]}]},{"tag":"TypeApp","contents":[{"tag":"TypeConstructor","contents":[["Data","Maybe"],"Maybe"]},{"tag":"TypeConstructor","contents":[["Prim"],"Int"]}]}]}]}}},{"EDValue":{"edValueName":{"Ident":"hexadecimal"},"edValueType":{"tag":"TypeConstructor","contents":[["Data","Int"],"Radix"]}}},{"EDValue":{"edValueName":{"Ident":"octal"},"edValueType":{"tag":"TypeConstructor","contents":[["Data","Int"],"Radix"]}}},{"EDValue":{"edValueName":{"Ident":"odd"},"edValueType":{"tag":"TypeApp","contents":[{"tag":"TypeApp","contents":[{"tag":"TypeConstructor","contents":[["Prim"],"Function"]},{"tag":"TypeConstructor","contents":[["Prim"],"Int"]}]},{"tag":"TypeConstructor","contents":[["Prim"],"Boolean"]}]}}},{"EDValue":{"edValueName":{"Ident":"parity"},"edValueType":{"tag":"TypeApp","contents":[{"tag":"TypeApp","contents":[{"tag":"TypeConstructor","contents":[["Prim"],"Function"]},{"tag":"TypeConstructor","contents":[["Prim"],"Int"]}]},{"tag":"TypeConstructor","contents":[["Data","Int"],"Parity"]}]}}},{"EDValue":{"edValueName":{"Ident":"pow"},"edValueType":{"tag":"TypeApp","contents":[{"tag":"TypeApp","contents":[{"tag":"TypeConstructor","contents":[["Prim"],"Function"]},{"tag":"TypeConstructor","contents":[["Prim"],"Int"]}]},{"tag":"TypeApp","contents":[{"tag":"TypeApp","contents":[{"tag":"TypeConstructor","contents":[["Prim"],"Function"]},{"tag":"TypeConstructor","contents":[["Prim"],"Int"]}]},{"tag":"TypeConstructor","contents":[["Prim"],"Int"]}]}]}}},{"EDValue":{"edValueName":{"Ident":"radix"},"edValueType":{"tag":"TypeApp","contents":[{"tag":"TypeApp","contents":[{"tag":"TypeConstructor","contents":[["Prim"],"Function"]},{"tag":"TypeConstructor","contents":[["Prim"],"Int"]}]},{"tag":"TypeApp","contents":[{"tag":"TypeConstructor","contents":[["Data","Maybe"],"Maybe"]},{"tag":"TypeConstructor","contents":[["Data","Int"],"Radix"]}]}]}}},{"EDValue":{"edValueName":{"Ident":"round"},"edValueType":{"tag":"TypeApp","contents":[{"tag":"TypeApp","contents":[{"tag":"TypeConstructor","contents":[["Prim"],"Function"]},{"tag":"TypeConstructor","contents":[["Prim"],"Number"]}]},{"tag":"TypeConstructor","contents":[["Prim"],"Int"]}]}}},{"EDValue":{"edValueName":{"Ident":"toNumber"},"edValueType":{"tag":"TypeApp","contents":[{"tag":"TypeApp","contents":[{"tag":"TypeConstructor","contents":[["Prim"],"Function"]},{"tag":"TypeConstructor","contents":[["Prim"],"Int"]}]},{"tag":"TypeConstructor","contents":[["Prim"],"Number"]}]}}},{"EDValue":{"edValueName":{"Ident":"toStringAs"},"edValueType":{"tag":"TypeApp","contents":[{"tag":"TypeApp","contents":[{"tag":"TypeConstructor","contents":[["Prim"],"Function"]},{"tag":"TypeConstructor","contents":[["Data","Int"],"Radix"]}]},{"tag":"TypeApp","contents":[{"tag":"TypeApp","contents":[{"tag":"TypeConstructor","contents":[["Prim"],"Function"]},{"tag":"TypeConstructor","contents":[["Prim"],"Int"]}]},{"tag":"TypeConstructor","contents":[["Prim"],"String"]}]}]}}},{"EDInstance":{"edInstanceClassName":[["Data","Eq"],"Eq"],"edInstanceName":{"Ident":"eqParity"},"edInstanceTypes":[{"tag":"TypeConstructor","contents":[["Data","Int"],"Parity"]}],"edInstanceConstraints":[]}},{"EDInstance":{"edInstanceClassName":[["Data","Ord"],"Ord"],"edInstanceName":{"Ident":"ordParity"},"edInstanceTypes":[{"tag":"TypeConstructor","contents":[["Data","Int"],"Parity"]}],"edInstanceConstraints":[]}},{"EDInstance":{"edInstanceClassName":[["Data","Show"],"Show"],"edInstanceName":{"Ident":"showParity"},"edInstanceTypes":[{"tag":"TypeConstructor","contents":[["Data","Int"],"Parity"]}],"edInstanceConstraints":[]}},{"EDInstance":{"edInstanceClassName":[["Data","Bounded"],"Bounded"],"edInstanceName":{"Ident":"boundedParity"},"edInstanceTypes":[{"tag":"TypeConstructor","contents":[["Data","Int"],"Parity"]}],"edInstanceConstraints":[]}}],"efSourceSpan":{"start":[1,1],"name":"/Users/lmcphail/projects/BasicLambda/bower_components/purescript-integers/src/Data/Int.purs","end":[172,46]}}