{"efVersion":"0.11.6","efModuleName":["Data","StrMap","Gen"],"efExports":[{"ValueRef":[{"start":[1,1],"name":"/Users/lmcphail/projects/BasicLambda/bower_components/purescript-maps/src/Data/StrMap/Gen.purs","end":[23,52]},{"Ident":"genStrMap"}]}],"efImports":[{"eiModule":["Prim"],"eiImportType":{"Implicit":[]},"eiImportedAs":null},{"eiModule":["Prim"],"eiImportType":{"Implicit":[]},"eiImportedAs":["Prim"]},{"eiModule":["Prelude"],"eiImportType":{"Implicit":[]},"eiImportedAs":null},{"eiModule":["Control","Monad","Gen"],"eiImportType":{"Explicit":[{"TypeClassRef":[{"start":[5,27],"name":"/Users/lmcphail/projects/BasicLambda/bower_components/purescript-maps/src/Data/StrMap/Gen.purs","end":[5,41]},"MonadGen"]},{"ValueRef":[{"start":[5,43],"name":"/Users/lmcphail/projects/BasicLambda/bower_components/purescript-maps/src/Data/StrMap/Gen.purs","end":[5,52]},{"Ident":"chooseInt"}]},{"ValueRef":[{"start":[5,54],"name":"/Users/lmcphail/projects/BasicLambda/bower_components/purescript-maps/src/Data/StrMap/Gen.purs","end":[5,60]},{"Ident":"resize"}]},{"ValueRef":[{"start":[5,62],"name":"/Users/lmcphail/projects/BasicLambda/bower_components/purescript-maps/src/Data/StrMap/Gen.purs","end":[5,67]},{"Ident":"sized"}]},{"ValueRef":[{"start":[5,69],"name":"/Users/lmcphail/projects/BasicLambda/bower_components/purescript-maps/src/Data/StrMap/Gen.purs","end":[5,79]},{"Ident":"unfoldable"}]}]},"eiImportedAs":null},{"eiModule":["Control","Monad","Rec","Class"],"eiImportType":{"Explicit":[{"TypeClassRef":[{"start":[6,33],"name":"/Users/lmcphail/projects/BasicLambda/bower_components/purescript-maps/src/Data/StrMap/Gen.purs","end":[6,47]},"MonadRec"]}]},"eiImportedAs":null},{"eiModule":["Data","StrMap"],"eiImportType":{"Explicit":[{"TypeRef":[{"start":[7,21],"name":"/Users/lmcphail/projects/BasicLambda/bower_components/purescript-maps/src/Data/StrMap/Gen.purs","end":[7,27]},"StrMap",[]]},{"ValueRef":[{"start":[7,29],"name":"/Users/lmcphail/projects/BasicLambda/bower_components/purescript-maps/src/Data/StrMap/Gen.purs","end":[7,41]},{"Ident":"fromFoldable"}]}]},"eiImportedAs":null},{"eiModule":["Data","Tuple"],"eiImportType":{"Explicit":[{"TypeRef":[{"start":[8,20],"name":"/Users/lmcphail/projects/BasicLambda/bower_components/purescript-maps/src/Data/StrMap/Gen.purs","end":[8,29]},"Tuple",null]}]},"eiImportedAs":null},{"eiModule":["Data","List"],"eiImportType":{"Explicit":[{"TypeRef":[{"start":[9,19],"name":"/Users/lmcphail/projects/BasicLambda/bower_components/purescript-maps/src/Data/StrMap/Gen.purs","end":[9,23]},"List",[]]}]},"eiImportedAs":null}],"efFixities":[],"efTypeFixities":[],"efDeclarations":[{"EDValue":{"edValueName":{"Ident":"genStrMap"},"edValueType":{"tag":"ForAll","contents":["a",{"tag":"ForAll","contents":["m",{"tag":"ConstrainedType","contents":[{"constraintClass":[["Control","Monad","Rec","Class"],"MonadRec"],"constraintArgs":[{"tag":"TypeVar","contents":"m"}],"constraintData":null},{"tag":"ConstrainedType","contents":[{"constraintClass":[["Control","Monad","Gen","Class"],"MonadGen"],"constraintArgs":[{"tag":"TypeVar","contents":"m"}],"constraintData":null},{"tag":"TypeApp","contents":[{"tag":"TypeApp","contents":[{"tag":"TypeConstructor","contents":[["Prim"],"Function"]},{"tag":"TypeApp","contents":[{"tag":"TypeVar","contents":"m"},{"tag":"TypeConstructor","contents":[["Prim"],"String"]}]}]},{"tag":"TypeApp","contents":[{"tag":"TypeApp","contents":[{"tag":"TypeConstructor","contents":[["Prim"],"Function"]},{"tag":"TypeApp","contents":[{"tag":"TypeVar","contents":"m"},{"tag":"TypeVar","contents":"a"}]}]},{"tag":"TypeApp","contents":[{"tag":"TypeVar","contents":"m"},{"tag":"TypeApp","contents":[{"tag":"TypeConstructor","contents":[["Data","StrMap"],"StrMap"]},{"tag":"TypeVar","contents":"a"}]}]}]}]}]}]},0]},1]}}}],"efSourceSpan":{"start":[1,1],"name":"/Users/lmcphail/projects/BasicLambda/bower_components/purescript-maps/src/Data/StrMap/Gen.purs","end":[23,52]}}