{"efVersion":"0.11.6","efModuleName":["Data","Nullable"],"efExports":[{"TypeRef":[{"start":[1,1],"name":"/Users/lmcphail/projects/BasicLambda/bower_components/purescript-nullable/src/Data/Nullable.purs","end":[53,14]},"Nullable",[]]},{"ValueRef":[{"start":[1,1],"name":"/Users/lmcphail/projects/BasicLambda/bower_components/purescript-nullable/src/Data/Nullable.purs","end":[53,14]},{"Ident":"toMaybe"}]},{"ValueRef":[{"start":[1,1],"name":"/Users/lmcphail/projects/BasicLambda/bower_components/purescript-nullable/src/Data/Nullable.purs","end":[53,14]},{"Ident":"toNullable"}]},{"TypeInstanceRef":[{"start":[0,0],"name":"<generated>","end":[0,0]},{"Ident":"showNullable"}]},{"TypeInstanceRef":[{"start":[0,0],"name":"<generated>","end":[0,0]},{"Ident":"eqNullable"}]},{"TypeInstanceRef":[{"start":[0,0],"name":"<generated>","end":[0,0]},{"Ident":"eq1Nullable"}]},{"TypeInstanceRef":[{"start":[0,0],"name":"<generated>","end":[0,0]},{"Ident":"ordNullable"}]},{"TypeInstanceRef":[{"start":[0,0],"name":"<generated>","end":[0,0]},{"Ident":"ord1Nullable"}]}],"efImports":[{"eiModule":["Prim"],"eiImportType":{"Implicit":[]},"eiImportedAs":null},{"eiModule":["Prim"],"eiImportType":{"Implicit":[]},"eiImportedAs":["Prim"]},{"eiModule":["Prelude"],"eiImportType":{"Implicit":[]},"eiImportedAs":null},{"eiModule":["Data","Eq"],"eiImportType":{"Explicit":[{"TypeClassRef":[{"start":[12,17],"name":"/Users/lmcphail/projects/BasicLambda/bower_components/purescript-nullable/src/Data/Nullable.purs","end":[12,26]},"Eq1"]}]},"eiImportedAs":null},{"eiModule":["Data","Function"],"eiImportType":{"Explicit":[{"ValueRef":[{"start":[13,23],"name":"/Users/lmcphail/projects/BasicLambda/bower_components/purescript-nullable/src/Data/Nullable.purs","end":[13,25]},{"Ident":"on"}]}]},"eiImportedAs":null},{"eiModule":["Data","Function","Uncurried"],"eiImportType":{"Explicit":[{"TypeRef":[{"start":[14,33],"name":"/Users/lmcphail/projects/BasicLambda/bower_components/purescript-nullable/src/Data/Nullable.purs","end":[14,36]},"Fn3",[]]},{"ValueRef":[{"start":[14,38],"name":"/Users/lmcphail/projects/BasicLambda/bower_components/purescript-nullable/src/Data/Nullable.purs","end":[14,44]},{"Ident":"runFn3"}]}]},"eiImportedAs":null},{"eiModule":["Data","Maybe"],"eiImportType":{"Explicit":[{"TypeRef":[{"start":[15,20],"name":"/Users/lmcphail/projects/BasicLambda/bower_components/purescript-nullable/src/Data/Nullable.purs","end":[15,29]},"Maybe",null]},{"ValueRef":[{"start":[15,31],"name":"/Users/lmcphail/projects/BasicLambda/bower_components/purescript-nullable/src/Data/Nullable.purs","end":[15,36]},{"Ident":"maybe"}]}]},"eiImportedAs":null},{"eiModule":["Data","Ord"],"eiImportType":{"Explicit":[{"TypeClassRef":[{"start":[16,18],"name":"/Users/lmcphail/projects/BasicLambda/bower_components/purescript-nullable/src/Data/Nullable.purs","end":[16,28]},"Ord1"]}]},"eiImportedAs":null}],"efFixities":[],"efTypeFixities":[],"efDeclarations":[{"EDType":{"edTypeName":"Nullable","edTypeKind":{"tag":"FunKind","contents":[{"tag":"NamedKind","contents":[["Prim"],"Type"]},{"tag":"NamedKind","contents":[["Prim"],"Type"]}]},"edTypeDeclarationKind":"ExternData"}},{"EDValue":{"edValueName":{"Ident":"toMaybe"},"edValueType":{"tag":"ForAll","contents":["a",{"tag":"TypeApp","contents":[{"tag":"TypeApp","contents":[{"tag":"TypeConstructor","contents":[["Prim"],"Function"]},{"tag":"TypeApp","contents":[{"tag":"TypeConstructor","contents":[["Data","Nullable"],"Nullable"]},{"tag":"TypeVar","contents":"a"}]}]},{"tag":"TypeApp","contents":[{"tag":"TypeConstructor","contents":[["Data","Maybe"],"Maybe"]},{"tag":"TypeVar","contents":"a"}]}]},4]}}},{"EDValue":{"edValueName":{"Ident":"toNullable"},"edValueType":{"tag":"ForAll","contents":["a",{"tag":"TypeApp","contents":[{"tag":"TypeApp","contents":[{"tag":"TypeConstructor","contents":[["Prim"],"Function"]},{"tag":"TypeApp","contents":[{"tag":"TypeConstructor","contents":[["Data","Maybe"],"Maybe"]},{"tag":"TypeVar","contents":"a"}]}]},{"tag":"TypeApp","contents":[{"tag":"TypeConstructor","contents":[["Data","Nullable"],"Nullable"]},{"tag":"TypeVar","contents":"a"}]}]},0]}}},{"EDInstance":{"edInstanceClassName":[["Data","Show"],"Show"],"edInstanceName":{"Ident":"showNullable"},"edInstanceTypes":[{"tag":"TypeApp","contents":[{"tag":"TypeConstructor","contents":[["Data","Nullable"],"Nullable"]},{"tag":"TypeVar","contents":"a"}]}],"edInstanceConstraints":[{"constraintClass":[["Data","Show"],"Show"],"constraintArgs":[{"tag":"TypeVar","contents":"a"}],"constraintData":null}]}},{"EDInstance":{"edInstanceClassName":[["Data","Eq"],"Eq"],"edInstanceName":{"Ident":"eqNullable"},"edInstanceTypes":[{"tag":"TypeApp","contents":[{"tag":"TypeConstructor","contents":[["Data","Nullable"],"Nullable"]},{"tag":"TypeVar","contents":"a"}]}],"edInstanceConstraints":[{"constraintClass":[["Data","Eq"],"Eq"],"constraintArgs":[{"tag":"TypeVar","contents":"a"}],"constraintData":null}]}},{"EDInstance":{"edInstanceClassName":[["Data","Eq"],"Eq1"],"edInstanceName":{"Ident":"eq1Nullable"},"edInstanceTypes":[{"tag":"TypeConstructor","contents":[["Data","Nullable"],"Nullable"]}],"edInstanceConstraints":[]}},{"EDInstance":{"edInstanceClassName":[["Data","Ord"],"Ord"],"edInstanceName":{"Ident":"ordNullable"},"edInstanceTypes":[{"tag":"TypeApp","contents":[{"tag":"TypeConstructor","contents":[["Data","Nullable"],"Nullable"]},{"tag":"TypeVar","contents":"a"}]}],"edInstanceConstraints":[{"constraintClass":[["Data","Ord"],"Ord"],"constraintArgs":[{"tag":"TypeVar","contents":"a"}],"constraintData":null}]}},{"EDInstance":{"edInstanceClassName":[["Data","Ord"],"Ord1"],"edInstanceName":{"Ident":"ord1Nullable"},"edInstanceTypes":[{"tag":"TypeConstructor","contents":[["Data","Nullable"],"Nullable"]}],"edInstanceConstraints":[]}}],"efSourceSpan":{"start":[1,1],"name":"/Users/lmcphail/projects/BasicLambda/bower_components/purescript-nullable/src/Data/Nullable.purs","end":[53,14]}}