{"efVersion":"0.11.6","efModuleName":["Simple","JSON"],"efExports":[{"TypeClassRef":[{"start":[1,1],"name":"/Users/lmcphail/projects/BasicLambda/bower_components/purescript-simple-json/src/Simple/JSON.purs","end":[175,29]},"ReadForeign"]},{"TypeClassRef":[{"start":[1,1],"name":"/Users/lmcphail/projects/BasicLambda/bower_components/purescript-simple-json/src/Simple/JSON.purs","end":[175,29]},"ReadForeignFields"]},{"TypeClassRef":[{"start":[1,1],"name":"/Users/lmcphail/projects/BasicLambda/bower_components/purescript-simple-json/src/Simple/JSON.purs","end":[175,29]},"WriteForeign"]},{"TypeClassRef":[{"start":[1,1],"name":"/Users/lmcphail/projects/BasicLambda/bower_components/purescript-simple-json/src/Simple/JSON.purs","end":[175,29]},"WriteForeignFields"]},{"ValueRef":[{"start":[1,1],"name":"/Users/lmcphail/projects/BasicLambda/bower_components/purescript-simple-json/src/Simple/JSON.purs","end":[175,29]},{"Ident":"getFields"}]},{"ValueRef":[{"start":[1,1],"name":"/Users/lmcphail/projects/BasicLambda/bower_components/purescript-simple-json/src/Simple/JSON.purs","end":[175,29]},{"Ident":"read"}]},{"ValueRef":[{"start":[1,1],"name":"/Users/lmcphail/projects/BasicLambda/bower_components/purescript-simple-json/src/Simple/JSON.purs","end":[175,29]},{"Ident":"readImpl"}]},{"ValueRef":[{"start":[1,1],"name":"/Users/lmcphail/projects/BasicLambda/bower_components/purescript-simple-json/src/Simple/JSON.purs","end":[175,29]},{"Ident":"readJSON"}]},{"ValueRef":[{"start":[1,1],"name":"/Users/lmcphail/projects/BasicLambda/bower_components/purescript-simple-json/src/Simple/JSON.purs","end":[175,29]},{"Ident":"write"}]},{"ValueRef":[{"start":[1,1],"name":"/Users/lmcphail/projects/BasicLambda/bower_components/purescript-simple-json/src/Simple/JSON.purs","end":[175,29]},{"Ident":"writeImpl"}]},{"ValueRef":[{"start":[1,1],"name":"/Users/lmcphail/projects/BasicLambda/bower_components/purescript-simple-json/src/Simple/JSON.purs","end":[175,29]},{"Ident":"writeImplFields"}]},{"ValueRef":[{"start":[1,1],"name":"/Users/lmcphail/projects/BasicLambda/bower_components/purescript-simple-json/src/Simple/JSON.purs","end":[175,29]},{"Ident":"writeJSON"}]},{"TypeInstanceRef":[{"start":[0,0],"name":"<generated>","end":[0,0]},{"Ident":"readForeign"}]},{"TypeInstanceRef":[{"start":[0,0],"name":"<generated>","end":[0,0]},{"Ident":"readChar"}]},{"TypeInstanceRef":[{"start":[0,0],"name":"<generated>","end":[0,0]},{"Ident":"readNumber"}]},{"TypeInstanceRef":[{"start":[0,0],"name":"<generated>","end":[0,0]},{"Ident":"readInt"}]},{"TypeInstanceRef":[{"start":[0,0],"name":"<generated>","end":[0,0]},{"Ident":"readString"}]},{"TypeInstanceRef":[{"start":[0,0],"name":"<generated>","end":[0,0]},{"Ident":"readBoolean"}]},{"TypeInstanceRef":[{"start":[0,0],"name":"<generated>","end":[0,0]},{"Ident":"readArray"}]},{"TypeInstanceRef":[{"start":[0,0],"name":"<generated>","end":[0,0]},{"Ident":"readNullOrUndefined"}]},{"TypeInstanceRef":[{"start":[0,0],"name":"<generated>","end":[0,0]},{"Ident":"readStrMap"}]},{"TypeInstanceRef":[{"start":[0,0],"name":"<generated>","end":[0,0]},{"Ident":"readRecord"}]},{"TypeInstanceRef":[{"start":[0,0],"name":"<generated>","end":[0,0]},{"Ident":"readFieldsCons"}]},{"TypeInstanceRef":[{"start":[0,0],"name":"<generated>","end":[0,0]},{"Ident":"readFieldsNil"}]},{"TypeInstanceRef":[{"start":[0,0],"name":"<generated>","end":[0,0]},{"Ident":"writeForeignInt"}]},{"TypeInstanceRef":[{"start":[0,0],"name":"<generated>","end":[0,0]},{"Ident":"writeForeignString"}]},{"TypeInstanceRef":[{"start":[0,0],"name":"<generated>","end":[0,0]},{"Ident":"writeForeignChar"}]},{"TypeInstanceRef":[{"start":[0,0],"name":"<generated>","end":[0,0]},{"Ident":"writeForeignNumber"}]},{"TypeInstanceRef":[{"start":[0,0],"name":"<generated>","end":[0,0]},{"Ident":"writeForeignBoolean"}]},{"TypeInstanceRef":[{"start":[0,0],"name":"<generated>","end":[0,0]},{"Ident":"writeForeignArray"}]},{"TypeInstanceRef":[{"start":[0,0],"name":"<generated>","end":[0,0]},{"Ident":"writeForeignNullOrUndefined"}]},{"TypeInstanceRef":[{"start":[0,0],"name":"<generated>","end":[0,0]},{"Ident":"writeForeignStrMap"}]},{"TypeInstanceRef":[{"start":[0,0],"name":"<generated>","end":[0,0]},{"Ident":"recordWriteForeign"}]},{"TypeInstanceRef":[{"start":[0,0],"name":"<generated>","end":[0,0]},{"Ident":"consWriteForeignFields"}]},{"TypeInstanceRef":[{"start":[0,0],"name":"<generated>","end":[0,0]},{"Ident":"nilWriteForeignFields"}]}],"efImports":[{"eiModule":["Prim"],"eiImportType":{"Implicit":[]},"eiImportedAs":null},{"eiModule":["Prim"],"eiImportType":{"Implicit":[]},"eiImportedAs":["Prim"]},{"eiModule":["Prelude"],"eiImportType":{"Implicit":[]},"eiImportedAs":null},{"eiModule":["Data","Foreign"],"eiImportType":{"Explicit":[{"TypeRef":[{"start":[5,22],"name":"/Users/lmcphail/projects/BasicLambda/bower_components/purescript-simple-json/src/Simple/JSON.purs","end":[5,23]},"F",[]]},{"TypeRef":[{"start":[5,25],"name":"/Users/lmcphail/projects/BasicLambda/bower_components/purescript-simple-json/src/Simple/JSON.purs","end":[5,32]},"Foreign",[]]},{"ValueRef":[{"start":[5,34],"name":"/Users/lmcphail/projects/BasicLambda/bower_components/purescript-simple-json/src/Simple/JSON.purs","end":[5,43]},{"Ident":"readArray"}]},{"ValueRef":[{"start":[5,45],"name":"/Users/lmcphail/projects/BasicLambda/bower_components/purescript-simple-json/src/Simple/JSON.purs","end":[5,56]},{"Ident":"readBoolean"}]},{"ValueRef":[{"start":[5,58],"name":"/Users/lmcphail/projects/BasicLambda/bower_components/purescript-simple-json/src/Simple/JSON.purs","end":[5,66]},{"Ident":"readChar"}]},{"ValueRef":[{"start":[5,68],"name":"/Users/lmcphail/projects/BasicLambda/bower_components/purescript-simple-json/src/Simple/JSON.purs","end":[5,75]},{"Ident":"readInt"}]},{"ValueRef":[{"start":[5,77],"name":"/Users/lmcphail/projects/BasicLambda/bower_components/purescript-simple-json/src/Simple/JSON.purs","end":[5,87]},{"Ident":"readNumber"}]},{"ValueRef":[{"start":[5,89],"name":"/Users/lmcphail/projects/BasicLambda/bower_components/purescript-simple-json/src/Simple/JSON.purs","end":[5,99]},{"Ident":"readString"}]},{"ValueRef":[{"start":[5,101],"name":"/Users/lmcphail/projects/BasicLambda/bower_components/purescript-simple-json/src/Simple/JSON.purs","end":[5,110]},{"Ident":"toForeign"}]}]},"eiImportedAs":null},{"eiModule":["Data","Foreign","Index"],"eiImportType":{"Explicit":[{"ValueRef":[{"start":[6,28],"name":"/Users/lmcphail/projects/BasicLambda/bower_components/purescript-simple-json/src/Simple/JSON.purs","end":[6,36]},{"Ident":"readProp"}]}]},"eiImportedAs":null},{"eiModule":["Data","Foreign","Internal"],"eiImportType":{"Explicit":[{"ValueRef":[{"start":[7,31],"name":"/Users/lmcphail/projects/BasicLambda/bower_components/purescript-simple-json/src/Simple/JSON.purs","end":[7,41]},{"Ident":"readStrMap"}]}]},"eiImportedAs":null},{"eiModule":["Data","Foreign","JSON"],"eiImportType":{"Explicit":[{"ValueRef":[{"start":[8,27],"name":"/Users/lmcphail/projects/BasicLambda/bower_components/purescript-simple-json/src/Simple/JSON.purs","end":[8,36]},{"Ident":"parseJSON"}]}]},"eiImportedAs":null},{"eiModule":["Data","Foreign","NullOrUndefined"],"eiImportType":{"Explicit":[{"TypeRef":[{"start":[9,38],"name":"/Users/lmcphail/projects/BasicLambda/bower_components/purescript-simple-json/src/Simple/JSON.purs","end":[9,70]},"NullOrUndefined",["NullOrUndefined"]]},{"ValueRef":[{"start":[9,72],"name":"/Users/lmcphail/projects/BasicLambda/bower_components/purescript-simple-json/src/Simple/JSON.purs","end":[9,91]},{"Ident":"readNullOrUndefined"}]},{"ValueRef":[{"start":[9,93],"name":"/Users/lmcphail/projects/BasicLambda/bower_components/purescript-simple-json/src/Simple/JSON.purs","end":[9,102]},{"Ident":"undefined"}]}]},"eiImportedAs":null},{"eiModule":["Data","Maybe"],"eiImportType":{"Explicit":[{"ValueRef":[{"start":[10,20],"name":"/Users/lmcphail/projects/BasicLambda/bower_components/purescript-simple-json/src/Simple/JSON.purs","end":[10,25]},{"Ident":"maybe"}]}]},"eiImportedAs":null},{"eiModule":["Data","Record"],"eiImportType":{"Explicit":[{"ValueRef":[{"start":[11,21],"name":"/Users/lmcphail/projects/BasicLambda/bower_components/purescript-simple-json/src/Simple/JSON.purs","end":[11,24]},{"Ident":"get"}]},{"ValueRef":[{"start":[11,26],"name":"/Users/lmcphail/projects/BasicLambda/bower_components/purescript-simple-json/src/Simple/JSON.purs","end":[11,32]},{"Ident":"insert"}]}]},"eiImportedAs":null},{"eiModule":["Data","StrMap"],"eiImportType":{"Implicit":[]},"eiImportedAs":["StrMap"]},{"eiModule":["Data","Symbol"],"eiImportType":{"Explicit":[{"TypeClassRef":[{"start":[13,21],"name":"/Users/lmcphail/projects/BasicLambda/bower_components/purescript-simple-json/src/Simple/JSON.purs","end":[13,35]},"IsSymbol"]},{"TypeRef":[{"start":[13,37],"name":"/Users/lmcphail/projects/BasicLambda/bower_components/purescript-simple-json/src/Simple/JSON.purs","end":[13,47]},"SProxy",null]},{"ValueRef":[{"start":[13,49],"name":"/Users/lmcphail/projects/BasicLambda/bower_components/purescript-simple-json/src/Simple/JSON.purs","end":[13,62]},{"Ident":"reflectSymbol"}]}]},"eiImportedAs":null},{"eiModule":["Data","Traversable"],"eiImportType":{"Explicit":[{"ValueRef":[{"start":[14,26],"name":"/Users/lmcphail/projects/BasicLambda/bower_components/purescript-simple-json/src/Simple/JSON.purs","end":[14,34]},{"Ident":"sequence"}]}]},"eiImportedAs":null},{"eiModule":["Global","Unsafe"],"eiImportType":{"Explicit":[{"ValueRef":[{"start":[15,23],"name":"/Users/lmcphail/projects/BasicLambda/bower_components/purescript-simple-json/src/Simple/JSON.purs","end":[15,38]},{"Ident":"unsafeStringify"}]}]},"eiImportedAs":null},{"eiModule":["Type","Prelude"],"eiImportType":{"Explicit":[{"TypeClassRef":[{"start":[16,22],"name":"/Users/lmcphail/projects/BasicLambda/bower_components/purescript-simple-json/src/Simple/JSON.purs","end":[16,38]},"TypeEquals"]},{"ValueRef":[{"start":[16,40],"name":"/Users/lmcphail/projects/BasicLambda/bower_components/purescript-simple-json/src/Simple/JSON.purs","end":[16,42]},{"Ident":"to"}]}]},"eiImportedAs":null},{"eiModule":["Type","Row"],"eiImportType":{"Explicit":[{"TypeClassRef":[{"start":[17,18],"name":"/Users/lmcphail/projects/BasicLambda/bower_components/purescript-simple-json/src/Simple/JSON.purs","end":[17,33]},"ListToRow"]},{"TypeClassRef":[{"start":[17,35],"name":"/Users/lmcphail/projects/BasicLambda/bower_components/purescript-simple-json/src/Simple/JSON.purs","end":[17,49]},"RowLacks"]},{"TypeClassRef":[{"start":[17,51],"name":"/Users/lmcphail/projects/BasicLambda/bower_components/purescript-simple-json/src/Simple/JSON.purs","end":[17,66]},"RowToList"]},{"TypeRef":[{"start":[17,68],"name":"/Users/lmcphail/projects/BasicLambda/bower_components/purescript-simple-json/src/Simple/JSON.purs","end":[17,72]},"Cons",[]]},{"TypeRef":[{"start":[17,74],"name":"/Users/lmcphail/projects/BasicLambda/bower_components/purescript-simple-json/src/Simple/JSON.purs","end":[17,77]},"Nil",[]]},{"TypeRef":[{"start":[17,79],"name":"/Users/lmcphail/projects/BasicLambda/bower_components/purescript-simple-json/src/Simple/JSON.purs","end":[17,95]},"RLProxy",["RLProxy"]]},{"TypeRef":[{"start":[17,97],"name":"/Users/lmcphail/projects/BasicLambda/bower_components/purescript-simple-json/src/Simple/JSON.purs","end":[17,107]},"RProxy",null]},{"KindRef":[{"start":[17,109],"name":"/Users/lmcphail/projects/BasicLambda/bower_components/purescript-simple-json/src/Simple/JSON.purs","end":[17,121]},"RowList"]}]},"eiImportedAs":null}],"efFixities":[],"efTypeFixities":[],"efDeclarations":[{"EDType":{"edTypeName":"ReadForeign","edTypeKind":{"tag":"FunKind","contents":[{"tag":"NamedKind","contents":[["Prim"],"Type"]},{"tag":"NamedKind","contents":[["Prim"],"Type"]}]},"edTypeDeclarationKind":"TypeSynonym"}},{"EDTypeSynonym":{"edTypeSynonymName":"ReadForeign","edTypeSynonymArguments":[["a",null]],"edTypeSynonymType":{"tag":"TypeApp","contents":[{"tag":"TypeConstructor","contents":[["Prim"],"Record"]},{"tag":"RCons","contents":["readImpl",{"tag":"TypeApp","contents":[{"tag":"TypeApp","contents":[{"tag":"TypeConstructor","contents":[["Prim"],"Function"]},{"tag":"TypeConstructor","contents":[["Data","Foreign"],"Foreign"]}]},{"tag":"TypeApp","contents":[{"tag":"TypeConstructor","contents":[["Data","Foreign"],"F"]},{"tag":"TypeVar","contents":"a"}]}]},{"tag":"REmpty"}]}]}}},{"EDClass":{"edClassName":"ReadForeign","edClassTypeArguments":[["a",null]],"edClassMembers":[[{"Ident":"readImpl"},{"tag":"TypeApp","contents":[{"tag":"TypeApp","contents":[{"tag":"TypeConstructor","contents":[["Prim"],"Function"]},{"tag":"TypeConstructor","contents":[["Data","Foreign"],"Foreign"]}]},{"tag":"TypeApp","contents":[{"tag":"TypeConstructor","contents":[["Data","Foreign"],"F"]},{"tag":"TypeVar","contents":"a"}]}]}]],"edClassConstraints":[],"edFunctionalDependencies":[]}},{"EDType":{"edTypeName":"ReadForeignFields","edTypeKind":{"tag":"FunKind","contents":[{"tag":"NamedKind","contents":[["Type","Row"],"RowList"]},{"tag":"FunKind","contents":[{"tag":"Row","contents":{"tag":"NamedKind","contents":[["Prim"],"Type"]}},{"tag":"NamedKind","contents":[["Prim"],"Type"]}]}]},"edTypeDeclarationKind":"TypeSynonym"}},{"EDTypeSynonym":{"edTypeSynonymName":"ReadForeignFields","edTypeSynonymArguments":[["xs",{"tag":"NamedKind","contents":[["Type","Row"],"RowList"]}],["row",{"tag":"Row","contents":{"tag":"NamedKind","contents":[["Prim"],"Type"]}}]],"edTypeSynonymType":{"tag":"TypeApp","contents":[{"tag":"TypeConstructor","contents":[["Prim"],"Record"]},{"tag":"RCons","contents":["getFields",{"tag":"TypeApp","contents":[{"tag":"TypeApp","contents":[{"tag":"TypeConstructor","contents":[["Prim"],"Function"]},{"tag":"TypeApp","contents":[{"tag":"TypeConstructor","contents":[["Type","Row"],"RLProxy"]},{"tag":"TypeVar","contents":"xs"}]}]},{"tag":"TypeApp","contents":[{"tag":"TypeApp","contents":[{"tag":"TypeConstructor","contents":[["Prim"],"Function"]},{"tag":"TypeApp","contents":[{"tag":"TypeConstructor","contents":[["Type","Row"],"RProxy"]},{"tag":"TypeVar","contents":"row"}]}]},{"tag":"TypeApp","contents":[{"tag":"TypeApp","contents":[{"tag":"TypeConstructor","contents":[["Prim"],"Function"]},{"tag":"TypeConstructor","contents":[["Data","Foreign"],"Foreign"]}]},{"tag":"TypeApp","contents":[{"tag":"TypeConstructor","contents":[["Data","Foreign"],"F"]},{"tag":"TypeApp","contents":[{"tag":"TypeConstructor","contents":[["Prim"],"Record"]},{"tag":"TypeVar","contents":"row"}]}]}]}]}]},{"tag":"REmpty"}]}]}}},{"EDClass":{"edClassName":"ReadForeignFields","edClassTypeArguments":[["xs",{"tag":"NamedKind","contents":[["Type","Row"],"RowList"]}],["row",{"tag":"Row","contents":{"tag":"NamedKind","contents":[["Prim"],"Type"]}}]],"edClassMembers":[[{"Ident":"getFields"},{"tag":"TypeApp","contents":[{"tag":"TypeApp","contents":[{"tag":"TypeConstructor","contents":[["Prim"],"Function"]},{"tag":"TypeApp","contents":[{"tag":"TypeConstructor","contents":[["Type","Row"],"RLProxy"]},{"tag":"TypeVar","contents":"xs"}]}]},{"tag":"TypeApp","contents":[{"tag":"TypeApp","contents":[{"tag":"TypeConstructor","contents":[["Prim"],"Function"]},{"tag":"TypeApp","contents":[{"tag":"TypeConstructor","contents":[["Type","Row"],"RProxy"]},{"tag":"TypeVar","contents":"row"}]}]},{"tag":"TypeApp","contents":[{"tag":"TypeApp","contents":[{"tag":"TypeConstructor","contents":[["Prim"],"Function"]},{"tag":"TypeConstructor","contents":[["Data","Foreign"],"Foreign"]}]},{"tag":"TypeApp","contents":[{"tag":"TypeConstructor","contents":[["Data","Foreign"],"F"]},{"tag":"TypeApp","contents":[{"tag":"TypeConstructor","contents":[["Prim"],"Record"]},{"tag":"TypeVar","contents":"row"}]}]}]}]}]}]],"edClassConstraints":[],"edFunctionalDependencies":[]}},{"EDType":{"edTypeName":"WriteForeign","edTypeKind":{"tag":"FunKind","contents":[{"tag":"NamedKind","contents":[["Prim"],"Type"]},{"tag":"NamedKind","contents":[["Prim"],"Type"]}]},"edTypeDeclarationKind":"TypeSynonym"}},{"EDTypeSynonym":{"edTypeSynonymName":"WriteForeign","edTypeSynonymArguments":[["a",null]],"edTypeSynonymType":{"tag":"TypeApp","contents":[{"tag":"TypeConstructor","contents":[["Prim"],"Record"]},{"tag":"RCons","contents":["writeImpl",{"tag":"TypeApp","contents":[{"tag":"TypeApp","contents":[{"tag":"TypeConstructor","contents":[["Prim"],"Function"]},{"tag":"TypeVar","contents":"a"}]},{"tag":"TypeConstructor","contents":[["Data","Foreign"],"Foreign"]}]},{"tag":"REmpty"}]}]}}},{"EDClass":{"edClassName":"WriteForeign","edClassTypeArguments":[["a",null]],"edClassMembers":[[{"Ident":"writeImpl"},{"tag":"TypeApp","contents":[{"tag":"TypeApp","contents":[{"tag":"TypeConstructor","contents":[["Prim"],"Function"]},{"tag":"TypeVar","contents":"a"}]},{"tag":"TypeConstructor","contents":[["Data","Foreign"],"Foreign"]}]}]],"edClassConstraints":[],"edFunctionalDependencies":[]}},{"EDType":{"edTypeName":"WriteForeignFields","edTypeKind":{"tag":"FunKind","contents":[{"tag":"NamedKind","contents":[["Type","Row"],"RowList"]},{"tag":"FunKind","contents":[{"tag":"Row","contents":{"tag":"NamedKind","contents":[["Prim"],"Type"]}},{"tag":"FunKind","contents":[{"tag":"Row","contents":{"tag":"NamedKind","contents":[["Prim"],"Type"]}},{"tag":"NamedKind","contents":[["Prim"],"Type"]}]}]}]},"edTypeDeclarationKind":"TypeSynonym"}},{"EDTypeSynonym":{"edTypeSynonymName":"WriteForeignFields","edTypeSynonymArguments":[["rl",{"tag":"NamedKind","contents":[["Type","Row"],"RowList"]}],["row",null],["row'",{"tag":"Row","contents":{"tag":"NamedKind","contents":[["Prim"],"Type"]}}]],"edTypeSynonymType":{"tag":"TypeApp","contents":[{"tag":"TypeConstructor","contents":[["Prim"],"Record"]},{"tag":"RCons","contents":["writeImplFields",{"tag":"ForAll","contents":["g",{"tag":"TypeApp","contents":[{"tag":"TypeApp","contents":[{"tag":"TypeConstructor","contents":[["Prim"],"Function"]},{"tag":"TypeApp","contents":[{"tag":"TypeVar","contents":"g"},{"tag":"TypeVar","contents":"rl"}]}]},{"tag":"TypeApp","contents":[{"tag":"TypeApp","contents":[{"tag":"TypeConstructor","contents":[["Prim"],"Function"]},{"tag":"TypeApp","contents":[{"tag":"TypeConstructor","contents":[["Prim"],"Record"]},{"tag":"TypeVar","contents":"row"}]}]},{"tag":"TypeApp","contents":[{"tag":"TypeConstructor","contents":[["Prim"],"Record"]},{"tag":"TypeVar","contents":"row'"}]}]}]},null]},{"tag":"REmpty"}]}]}}},{"EDClass":{"edClassName":"WriteForeignFields","edClassTypeArguments":[["rl",{"tag":"NamedKind","contents":[["Type","Row"],"RowList"]}],["row",null],["row'",{"tag":"Row","contents":{"tag":"NamedKind","contents":[["Prim"],"Type"]}}]],"edClassMembers":[[{"Ident":"writeImplFields"},{"tag":"ForAll","contents":["g",{"tag":"TypeApp","contents":[{"tag":"TypeApp","contents":[{"tag":"TypeConstructor","contents":[["Prim"],"Function"]},{"tag":"TypeApp","contents":[{"tag":"TypeVar","contents":"g"},{"tag":"TypeVar","contents":"rl"}]}]},{"tag":"TypeApp","contents":[{"tag":"TypeApp","contents":[{"tag":"TypeConstructor","contents":[["Prim"],"Function"]},{"tag":"TypeApp","contents":[{"tag":"TypeConstructor","contents":[["Prim"],"Record"]},{"tag":"TypeVar","contents":"row"}]}]},{"tag":"TypeApp","contents":[{"tag":"TypeConstructor","contents":[["Prim"],"Record"]},{"tag":"TypeVar","contents":"row'"}]}]}]},null]}]],"edClassConstraints":[],"edFunctionalDependencies":[{"determiners":[0],"determined":[1,2]}]}},{"EDValue":{"edValueName":{"Ident":"getFields"},"edValueType":{"tag":"ForAll","contents":["xs",{"tag":"ForAll","contents":["row",{"tag":"ConstrainedType","contents":[{"constraintClass":[["Simple","JSON"],"ReadForeignFields"],"constraintArgs":[{"tag":"TypeVar","contents":"xs"},{"tag":"TypeVar","contents":"row"}],"constraintData":null},{"tag":"TypeApp","contents":[{"tag":"TypeApp","contents":[{"tag":"TypeConstructor","contents":[["Prim"],"Function"]},{"tag":"TypeApp","contents":[{"tag":"TypeConstructor","contents":[["Type","Row"],"RLProxy"]},{"tag":"TypeVar","contents":"xs"}]}]},{"tag":"TypeApp","contents":[{"tag":"TypeApp","contents":[{"tag":"TypeConstructor","contents":[["Prim"],"Function"]},{"tag":"TypeApp","contents":[{"tag":"TypeConstructor","contents":[["Type","Row"],"RProxy"]},{"tag":"TypeVar","contents":"row"}]}]},{"tag":"TypeApp","contents":[{"tag":"TypeApp","contents":[{"tag":"TypeConstructor","contents":[["Prim"],"Function"]},{"tag":"TypeConstructor","contents":[["Data","Foreign"],"Foreign"]}]},{"tag":"TypeApp","contents":[{"tag":"TypeApp","contents":[{"tag":"TypeApp","contents":[{"tag":"TypeConstructor","contents":[["Control","Monad","Except","Trans"],"ExceptT"]},{"tag":"TypeApp","contents":[{"tag":"TypeConstructor","contents":[["Data","List","Types"],"NonEmptyList"]},{"tag":"TypeConstructor","contents":[["Data","Foreign"],"ForeignError"]}]}]},{"tag":"TypeConstructor","contents":[["Data","Identity"],"Identity"]}]},{"tag":"TypeApp","contents":[{"tag":"TypeConstructor","contents":[["Prim"],"Record"]},{"tag":"TypeVar","contents":"row"}]}]}]}]}]}]},50]},51]}}},{"EDValue":{"edValueName":{"Ident":"read"},"edValueType":{"tag":"ForAll","contents":["a",{"tag":"ConstrainedType","contents":[{"constraintClass":[["Simple","JSON"],"ReadForeign"],"constraintArgs":[{"tag":"TypeVar","contents":"a"}],"constraintData":null},{"tag":"TypeApp","contents":[{"tag":"TypeApp","contents":[{"tag":"TypeConstructor","contents":[["Prim"],"Function"]},{"tag":"TypeConstructor","contents":[["Data","Foreign"],"Foreign"]}]},{"tag":"TypeApp","contents":[{"tag":"TypeApp","contents":[{"tag":"TypeApp","contents":[{"tag":"TypeConstructor","contents":[["Control","Monad","Except","Trans"],"ExceptT"]},{"tag":"TypeApp","contents":[{"tag":"TypeConstructor","contents":[["Data","List","Types"],"NonEmptyList"]},{"tag":"TypeConstructor","contents":[["Data","Foreign"],"ForeignError"]}]}]},{"tag":"TypeConstructor","contents":[["Data","Identity"],"Identity"]}]},{"tag":"TypeVar","contents":"a"}]}]}]},42]}}},{"EDValue":{"edValueName":{"Ident":"readImpl"},"edValueType":{"tag":"ForAll","contents":["a",{"tag":"ConstrainedType","contents":[{"constraintClass":[["Simple","JSON"],"ReadForeign"],"constraintArgs":[{"tag":"TypeVar","contents":"a"}],"constraintData":null},{"tag":"TypeApp","contents":[{"tag":"TypeApp","contents":[{"tag":"TypeConstructor","contents":[["Prim"],"Function"]},{"tag":"TypeConstructor","contents":[["Data","Foreign"],"Foreign"]}]},{"tag":"TypeApp","contents":[{"tag":"TypeApp","contents":[{"tag":"TypeApp","contents":[{"tag":"TypeConstructor","contents":[["Control","Monad","Except","Trans"],"ExceptT"]},{"tag":"TypeApp","contents":[{"tag":"TypeConstructor","contents":[["Data","List","Types"],"NonEmptyList"]},{"tag":"TypeConstructor","contents":[["Data","Foreign"],"ForeignError"]}]}]},{"tag":"TypeConstructor","contents":[["Data","Identity"],"Identity"]}]},{"tag":"TypeVar","contents":"a"}]}]}]},31]}}},{"EDValue":{"edValueName":{"Ident":"readJSON"},"edValueType":{"tag":"ForAll","contents":["a",{"tag":"ConstrainedType","contents":[{"constraintClass":[["Simple","JSON"],"ReadForeign"],"constraintArgs":[{"tag":"TypeVar","contents":"a"}],"constraintData":null},{"tag":"TypeApp","contents":[{"tag":"TypeApp","contents":[{"tag":"TypeConstructor","contents":[["Prim"],"Function"]},{"tag":"TypeConstructor","contents":[["Prim"],"String"]}]},{"tag":"TypeApp","contents":[{"tag":"TypeApp","contents":[{"tag":"TypeApp","contents":[{"tag":"TypeConstructor","contents":[["Control","Monad","Except","Trans"],"ExceptT"]},{"tag":"TypeApp","contents":[{"tag":"TypeConstructor","contents":[["Data","List","Types"],"NonEmptyList"]},{"tag":"TypeConstructor","contents":[["Data","Foreign"],"ForeignError"]}]}]},{"tag":"TypeConstructor","contents":[["Data","Identity"],"Identity"]}]},{"tag":"TypeVar","contents":"a"}]}]}]},32]}}},{"EDValue":{"edValueName":{"Ident":"write"},"edValueType":{"tag":"ForAll","contents":["a",{"tag":"ConstrainedType","contents":[{"constraintClass":[["Simple","JSON"],"WriteForeign"],"constraintArgs":[{"tag":"TypeVar","contents":"a"}],"constraintData":null},{"tag":"TypeApp","contents":[{"tag":"TypeApp","contents":[{"tag":"TypeConstructor","contents":[["Prim"],"Function"]},{"tag":"TypeVar","contents":"a"}]},{"tag":"TypeConstructor","contents":[["Data","Foreign"],"Foreign"]}]}]},21]}}},{"EDValue":{"edValueName":{"Ident":"writeImpl"},"edValueType":{"tag":"ForAll","contents":["a",{"tag":"ConstrainedType","contents":[{"constraintClass":[["Simple","JSON"],"WriteForeign"],"constraintArgs":[{"tag":"TypeVar","contents":"a"}],"constraintData":null},{"tag":"TypeApp","contents":[{"tag":"TypeApp","contents":[{"tag":"TypeConstructor","contents":[["Prim"],"Function"]},{"tag":"TypeVar","contents":"a"}]},{"tag":"TypeConstructor","contents":[["Data","Foreign"],"Foreign"]}]}]},4]}}},{"EDValue":{"edValueName":{"Ident":"writeImplFields"},"edValueType":{"tag":"ForAll","contents":["rl",{"tag":"ForAll","contents":["row",{"tag":"ForAll","contents":["row'",{"tag":"ForAll","contents":["g",{"tag":"ConstrainedType","contents":[{"constraintClass":[["Simple","JSON"],"WriteForeignFields"],"constraintArgs":[{"tag":"TypeVar","contents":"rl"},{"tag":"TypeVar","contents":"row"},{"tag":"TypeVar","contents":"row'"}],"constraintData":null},{"tag":"TypeApp","contents":[{"tag":"TypeApp","contents":[{"tag":"TypeConstructor","contents":[["Prim"],"Function"]},{"tag":"TypeApp","contents":[{"tag":"TypeVar","contents":"g"},{"tag":"TypeVar","contents":"rl"}]}]},{"tag":"TypeApp","contents":[{"tag":"TypeApp","contents":[{"tag":"TypeConstructor","contents":[["Prim"],"Function"]},{"tag":"TypeApp","contents":[{"tag":"TypeConstructor","contents":[["Prim"],"Record"]},{"tag":"TypeVar","contents":"row"}]}]},{"tag":"TypeApp","contents":[{"tag":"TypeConstructor","contents":[["Prim"],"Record"]},{"tag":"TypeVar","contents":"row'"}]}]}]}]},0]},1]},2]},3]}}},{"EDValue":{"edValueName":{"Ident":"writeJSON"},"edValueType":{"tag":"ForAll","contents":["a",{"tag":"ConstrainedType","contents":[{"constraintClass":[["Simple","JSON"],"WriteForeign"],"constraintArgs":[{"tag":"TypeVar","contents":"a"}],"constraintData":null},{"tag":"TypeApp","contents":[{"tag":"TypeApp","contents":[{"tag":"TypeConstructor","contents":[["Prim"],"Function"]},{"tag":"TypeVar","contents":"a"}]},{"tag":"TypeConstructor","contents":[["Prim"],"String"]}]}]},5]}}},{"EDInstance":{"edInstanceClassName":[["Simple","JSON"],"ReadForeign"],"edInstanceName":{"Ident":"readForeign"},"edInstanceTypes":[{"tag":"TypeConstructor","contents":[["Data","Foreign"],"Foreign"]}],"edInstanceConstraints":[]}},{"EDInstance":{"edInstanceClassName":[["Simple","JSON"],"ReadForeign"],"edInstanceName":{"Ident":"readChar"},"edInstanceTypes":[{"tag":"TypeConstructor","contents":[["Prim"],"Char"]}],"edInstanceConstraints":[]}},{"EDInstance":{"edInstanceClassName":[["Simple","JSON"],"ReadForeign"],"edInstanceName":{"Ident":"readNumber"},"edInstanceTypes":[{"tag":"TypeConstructor","contents":[["Prim"],"Number"]}],"edInstanceConstraints":[]}},{"EDInstance":{"edInstanceClassName":[["Simple","JSON"],"ReadForeign"],"edInstanceName":{"Ident":"readInt"},"edInstanceTypes":[{"tag":"TypeConstructor","contents":[["Prim"],"Int"]}],"edInstanceConstraints":[]}},{"EDInstance":{"edInstanceClassName":[["Simple","JSON"],"ReadForeign"],"edInstanceName":{"Ident":"readString"},"edInstanceTypes":[{"tag":"TypeConstructor","contents":[["Prim"],"String"]}],"edInstanceConstraints":[]}},{"EDInstance":{"edInstanceClassName":[["Simple","JSON"],"ReadForeign"],"edInstanceName":{"Ident":"readBoolean"},"edInstanceTypes":[{"tag":"TypeConstructor","contents":[["Prim"],"Boolean"]}],"edInstanceConstraints":[]}},{"EDInstance":{"edInstanceClassName":[["Simple","JSON"],"ReadForeign"],"edInstanceName":{"Ident":"readArray"},"edInstanceTypes":[{"tag":"TypeApp","contents":[{"tag":"TypeConstructor","contents":[["Prim"],"Array"]},{"tag":"TypeVar","contents":"a"}]}],"edInstanceConstraints":[{"constraintClass":[["Simple","JSON"],"ReadForeign"],"constraintArgs":[{"tag":"TypeVar","contents":"a"}],"constraintData":null}]}},{"EDInstance":{"edInstanceClassName":[["Simple","JSON"],"ReadForeign"],"edInstanceName":{"Ident":"readNullOrUndefined"},"edInstanceTypes":[{"tag":"TypeApp","contents":[{"tag":"TypeConstructor","contents":[["Data","Foreign","NullOrUndefined"],"NullOrUndefined"]},{"tag":"TypeVar","contents":"a"}]}],"edInstanceConstraints":[{"constraintClass":[["Simple","JSON"],"ReadForeign"],"constraintArgs":[{"tag":"TypeVar","contents":"a"}],"constraintData":null}]}},{"EDInstance":{"edInstanceClassName":[["Simple","JSON"],"ReadForeign"],"edInstanceName":{"Ident":"readStrMap"},"edInstanceTypes":[{"tag":"TypeApp","contents":[{"tag":"TypeConstructor","contents":[["Data","StrMap"],"StrMap"]},{"tag":"TypeVar","contents":"a"}]}],"edInstanceConstraints":[{"constraintClass":[["Simple","JSON"],"ReadForeign"],"constraintArgs":[{"tag":"TypeVar","contents":"a"}],"constraintData":null}]}},{"EDInstance":{"edInstanceClassName":[["Simple","JSON"],"ReadForeign"],"edInstanceName":{"Ident":"readRecord"},"edInstanceTypes":[{"tag":"TypeApp","contents":[{"tag":"TypeConstructor","contents":[["Prim"],"Record"]},{"tag":"TypeVar","contents":"fields"}]}],"edInstanceConstraints":[{"constraintClass":[["Type","Row"],"RowToList"],"constraintArgs":[{"tag":"TypeVar","contents":"fields"},{"tag":"TypeVar","contents":"fieldList"}],"constraintData":null},{"constraintClass":[["Simple","JSON"],"ReadForeignFields"],"constraintArgs":[{"tag":"TypeVar","contents":"fieldList"},{"tag":"TypeVar","contents":"fields"}],"constraintData":null},{"constraintClass":[["Type","Row"],"ListToRow"],"constraintArgs":[{"tag":"TypeVar","contents":"fieldList"},{"tag":"TypeVar","contents":"fields"}],"constraintData":null}]}},{"EDInstance":{"edInstanceClassName":[["Simple","JSON"],"ReadForeignFields"],"edInstanceName":{"Ident":"readFieldsCons"},"edInstanceTypes":[{"tag":"TypeApp","contents":[{"tag":"TypeApp","contents":[{"tag":"TypeApp","contents":[{"tag":"TypeConstructor","contents":[["Type","Row"],"Cons"]},{"tag":"TypeVar","contents":"name"}]},{"tag":"TypeVar","contents":"ty"}]},{"tag":"TypeVar","contents":"tail"}]},{"tag":"TypeVar","contents":"row"}],"edInstanceConstraints":[{"constraintClass":[["Data","Symbol"],"IsSymbol"],"constraintArgs":[{"tag":"TypeVar","contents":"name"}],"constraintData":null},{"constraintClass":[["Simple","JSON"],"ReadForeign"],"constraintArgs":[{"tag":"TypeVar","contents":"ty"}],"constraintData":null},{"constraintClass":[["Simple","JSON"],"ReadForeignFields"],"constraintArgs":[{"tag":"TypeVar","contents":"tail"},{"tag":"TypeVar","contents":"tailRow"}],"constraintData":null},{"constraintClass":[["Type","Row"],"RowLacks"],"constraintArgs":[{"tag":"TypeVar","contents":"name"},{"tag":"TypeVar","contents":"tailRow"}],"constraintData":null},{"constraintClass":[["Prim"],"RowCons"],"constraintArgs":[{"tag":"TypeVar","contents":"name"},{"tag":"TypeVar","contents":"ty"},{"tag":"TypeVar","contents":"tailRow"},{"tag":"TypeVar","contents":"row"}],"constraintData":null}]}},{"EDInstance":{"edInstanceClassName":[["Simple","JSON"],"ReadForeignFields"],"edInstanceName":{"Ident":"readFieldsNil"},"edInstanceTypes":[{"tag":"TypeConstructor","contents":[["Type","Row"],"Nil"]},{"tag":"TypeVar","contents":"row"}],"edInstanceConstraints":[{"constraintClass":[["Type","Equality"],"TypeEquals"],"constraintArgs":[{"tag":"TypeApp","contents":[{"tag":"TypeConstructor","contents":[["Prim"],"Record"]},{"tag":"REmpty"}]},{"tag":"TypeApp","contents":[{"tag":"TypeConstructor","contents":[["Prim"],"Record"]},{"tag":"TypeVar","contents":"row"}]}],"constraintData":null}]}},{"EDInstance":{"edInstanceClassName":[["Simple","JSON"],"WriteForeign"],"edInstanceName":{"Ident":"writeForeignInt"},"edInstanceTypes":[{"tag":"TypeConstructor","contents":[["Prim"],"String"]}],"edInstanceConstraints":[]}},{"EDInstance":{"edInstanceClassName":[["Simple","JSON"],"WriteForeign"],"edInstanceName":{"Ident":"writeForeignString"},"edInstanceTypes":[{"tag":"TypeConstructor","contents":[["Prim"],"Int"]}],"edInstanceConstraints":[]}},{"EDInstance":{"edInstanceClassName":[["Simple","JSON"],"WriteForeign"],"edInstanceName":{"Ident":"writeForeignChar"},"edInstanceTypes":[{"tag":"TypeConstructor","contents":[["Prim"],"Char"]}],"edInstanceConstraints":[]}},{"EDInstance":{"edInstanceClassName":[["Simple","JSON"],"WriteForeign"],"edInstanceName":{"Ident":"writeForeignNumber"},"edInstanceTypes":[{"tag":"TypeConstructor","contents":[["Prim"],"Number"]}],"edInstanceConstraints":[]}},{"EDInstance":{"edInstanceClassName":[["Simple","JSON"],"WriteForeign"],"edInstanceName":{"Ident":"writeForeignBoolean"},"edInstanceTypes":[{"tag":"TypeConstructor","contents":[["Prim"],"Boolean"]}],"edInstanceConstraints":[]}},{"EDInstance":{"edInstanceClassName":[["Simple","JSON"],"WriteForeign"],"edInstanceName":{"Ident":"writeForeignArray"},"edInstanceTypes":[{"tag":"TypeApp","contents":[{"tag":"TypeConstructor","contents":[["Prim"],"Array"]},{"tag":"TypeVar","contents":"a"}]}],"edInstanceConstraints":[{"constraintClass":[["Simple","JSON"],"WriteForeign"],"constraintArgs":[{"tag":"TypeVar","contents":"a"}],"constraintData":null}]}},{"EDInstance":{"edInstanceClassName":[["Simple","JSON"],"WriteForeign"],"edInstanceName":{"Ident":"writeForeignNullOrUndefined"},"edInstanceTypes":[{"tag":"TypeApp","contents":[{"tag":"TypeConstructor","contents":[["Data","Foreign","NullOrUndefined"],"NullOrUndefined"]},{"tag":"TypeVar","contents":"a"}]}],"edInstanceConstraints":[{"constraintClass":[["Simple","JSON"],"WriteForeign"],"constraintArgs":[{"tag":"TypeVar","contents":"a"}],"constraintData":null}]}},{"EDInstance":{"edInstanceClassName":[["Simple","JSON"],"WriteForeign"],"edInstanceName":{"Ident":"writeForeignStrMap"},"edInstanceTypes":[{"tag":"TypeApp","contents":[{"tag":"TypeConstructor","contents":[["Data","StrMap"],"StrMap"]},{"tag":"TypeVar","contents":"a"}]}],"edInstanceConstraints":[{"constraintClass":[["Simple","JSON"],"WriteForeign"],"constraintArgs":[{"tag":"TypeVar","contents":"a"}],"constraintData":null}]}},{"EDInstance":{"edInstanceClassName":[["Simple","JSON"],"WriteForeign"],"edInstanceName":{"Ident":"recordWriteForeign"},"edInstanceTypes":[{"tag":"TypeApp","contents":[{"tag":"TypeConstructor","contents":[["Prim"],"Record"]},{"tag":"TypeVar","contents":"row"}]}],"edInstanceConstraints":[{"constraintClass":[["Type","Row"],"RowToList"],"constraintArgs":[{"tag":"TypeVar","contents":"row"},{"tag":"TypeVar","contents":"rl"}],"constraintData":null},{"constraintClass":[["Simple","JSON"],"WriteForeignFields"],"constraintArgs":[{"tag":"TypeVar","contents":"rl"},{"tag":"TypeVar","contents":"row"},{"tag":"TypeVar","contents":"row'"}],"constraintData":null}]}},{"EDInstance":{"edInstanceClassName":[["Simple","JSON"],"WriteForeignFields"],"edInstanceName":{"Ident":"consWriteForeignFields"},"edInstanceTypes":[{"tag":"TypeApp","contents":[{"tag":"TypeApp","contents":[{"tag":"TypeApp","contents":[{"tag":"TypeConstructor","contents":[["Type","Row"],"Cons"]},{"tag":"TypeVar","contents":"name"}]},{"tag":"TypeVar","contents":"ty"}]},{"tag":"TypeVar","contents":"tail"}]},{"tag":"TypeVar","contents":"row"},{"tag":"TypeVar","contents":"row'"}],"edInstanceConstraints":[{"constraintClass":[["Data","Symbol"],"IsSymbol"],"constraintArgs":[{"tag":"TypeVar","contents":"name"}],"constraintData":null},{"constraintClass":[["Simple","JSON"],"WriteForeign"],"constraintArgs":[{"tag":"TypeVar","contents":"ty"}],"constraintData":null},{"constraintClass":[["Simple","JSON"],"WriteForeignFields"],"constraintArgs":[{"tag":"TypeVar","contents":"tail"},{"tag":"TypeVar","contents":"row"},{"tag":"TypeVar","contents":"tailRow"}],"constraintData":null},{"constraintClass":[["Prim"],"RowCons"],"constraintArgs":[{"tag":"TypeVar","contents":"name"},{"tag":"TypeVar","contents":"ty"},{"tag":"TypeVar","contents":"whatever"},{"tag":"TypeVar","contents":"row"}],"constraintData":null},{"constraintClass":[["Type","Row"],"RowLacks"],"constraintArgs":[{"tag":"TypeVar","contents":"name"},{"tag":"TypeVar","contents":"tailRow"}],"constraintData":null},{"constraintClass":[["Prim"],"RowCons"],"constraintArgs":[{"tag":"TypeVar","contents":"name"},{"tag":"TypeConstructor","contents":[["Data","Foreign"],"Foreign"]},{"tag":"TypeVar","contents":"tailRow"},{"tag":"TypeVar","contents":"row'"}],"constraintData":null}]}},{"EDInstance":{"edInstanceClassName":[["Simple","JSON"],"WriteForeignFields"],"edInstanceName":{"Ident":"nilWriteForeignFields"},"edInstanceTypes":[{"tag":"TypeConstructor","contents":[["Type","Row"],"Nil"]},{"tag":"TypeVar","contents":"row"},{"tag":"TypeVar","contents":"row'"}],"edInstanceConstraints":[{"constraintClass":[["Type","Equality"],"TypeEquals"],"constraintArgs":[{"tag":"TypeApp","contents":[{"tag":"TypeConstructor","contents":[["Prim"],"Record"]},{"tag":"REmpty"}]},{"tag":"TypeApp","contents":[{"tag":"TypeConstructor","contents":[["Prim"],"Record"]},{"tag":"TypeVar","contents":"row'"}]}],"constraintData":null}]}}],"efSourceSpan":{"start":[1,1],"name":"/Users/lmcphail/projects/BasicLambda/bower_components/purescript-simple-json/src/Simple/JSON.purs","end":[175,29]}}