{"efVersion":"0.11.6","efModuleName":["Control","Monad","Eff","Unsafe"],"efExports":[{"ValueRef":[{"start":[1,1],"name":"/Users/lmcphail/projects/BasicLambda/bower_components/purescript-eff/src/Control/Monad/Eff/Unsafe.purs","end":[19,32]},{"Ident":"unsafeCoerceEff"}]},{"ValueRef":[{"start":[1,1],"name":"/Users/lmcphail/projects/BasicLambda/bower_components/purescript-eff/src/Control/Monad/Eff/Unsafe.purs","end":[19,32]},{"Ident":"unsafePerformEff"}]}],"efImports":[{"eiModule":["Prim"],"eiImportType":{"Implicit":[]},"eiImportedAs":null},{"eiModule":["Prim"],"eiImportType":{"Implicit":[]},"eiImportedAs":["Prim"]},{"eiModule":["Control","Monad","Eff"],"eiImportType":{"Explicit":[{"TypeRef":[{"start":[3,27],"name":"/Users/lmcphail/projects/BasicLambda/bower_components/purescript-eff/src/Control/Monad/Eff/Unsafe.purs","end":[3,30]},"Eff",[]]},{"ValueRef":[{"start":[3,32],"name":"/Users/lmcphail/projects/BasicLambda/bower_components/purescript-eff/src/Control/Monad/Eff/Unsafe.purs","end":[3,39]},{"Ident":"runPure"}]}]},"eiImportedAs":null},{"eiModule":["Control","Semigroupoid"],"eiImportType":{"Explicit":[{"ValueOpRef":[{"start":[4,30],"name":"/Users/lmcphail/projects/BasicLambda/bower_components/purescript-eff/src/Control/Monad/Eff/Unsafe.purs","end":[4,35]},"<<<"]}]},"eiImportedAs":null}],"efFixities":[],"efTypeFixities":[],"efDeclarations":[{"EDValue":{"edValueName":{"Ident":"unsafeCoerceEff"},"edValueType":{"tag":"ForAll","contents":["a",{"tag":"ForAll","contents":["eff2",{"tag":"ForAll","contents":["eff1",{"tag":"TypeApp","contents":[{"tag":"TypeApp","contents":[{"tag":"TypeConstructor","contents":[["Prim"],"Function"]},{"tag":"TypeApp","contents":[{"tag":"TypeApp","contents":[{"tag":"TypeConstructor","contents":[["Control","Monad","Eff"],"Eff"]},{"tag":"TypeVar","contents":"eff1"}]},{"tag":"TypeVar","contents":"a"}]}]},{"tag":"TypeApp","contents":[{"tag":"TypeApp","contents":[{"tag":"TypeConstructor","contents":[["Control","Monad","Eff"],"Eff"]},{"tag":"TypeVar","contents":"eff2"}]},{"tag":"TypeVar","contents":"a"}]}]},null]},null]},null]}}},{"EDValue":{"edValueName":{"Ident":"unsafePerformEff"},"edValueType":{"tag":"ForAll","contents":["a",{"tag":"ForAll","contents":["eff",{"tag":"TypeApp","contents":[{"tag":"TypeApp","contents":[{"tag":"TypeConstructor","contents":[["Prim"],"Function"]},{"tag":"TypeApp","contents":[{"tag":"TypeApp","contents":[{"tag":"TypeConstructor","contents":[["Control","Monad","Eff"],"Eff"]},{"tag":"TypeVar","contents":"eff"}]},{"tag":"TypeVar","contents":"a"}]}]},{"tag":"TypeVar","contents":"a"}]},0]},1]}}}],"efSourceSpan":{"start":[1,1],"name":"/Users/lmcphail/projects/BasicLambda/bower_components/purescript-eff/src/Control/Monad/Eff/Unsafe.purs","end":[19,32]}}