{"efVersion":"0.11.6","efModuleName":["Global"],"efExports":[{"ValueRef":[{"start":[1,1],"name":"/Users/lmcphail/projects/BasicLambda/bower_components/purescript-globals/src/Global.purs","end":[33,48]},{"Ident":"decodeURI"}]},{"ValueRef":[{"start":[1,1],"name":"/Users/lmcphail/projects/BasicLambda/bower_components/purescript-globals/src/Global.purs","end":[33,48]},{"Ident":"decodeURIComponent"}]},{"ValueRef":[{"start":[1,1],"name":"/Users/lmcphail/projects/BasicLambda/bower_components/purescript-globals/src/Global.purs","end":[33,48]},{"Ident":"encodeURI"}]},{"ValueRef":[{"start":[1,1],"name":"/Users/lmcphail/projects/BasicLambda/bower_components/purescript-globals/src/Global.purs","end":[33,48]},{"Ident":"encodeURIComponent"}]},{"ValueRef":[{"start":[1,1],"name":"/Users/lmcphail/projects/BasicLambda/bower_components/purescript-globals/src/Global.purs","end":[33,48]},{"Ident":"infinity"}]},{"ValueRef":[{"start":[1,1],"name":"/Users/lmcphail/projects/BasicLambda/bower_components/purescript-globals/src/Global.purs","end":[33,48]},{"Ident":"isFinite"}]},{"ValueRef":[{"start":[1,1],"name":"/Users/lmcphail/projects/BasicLambda/bower_components/purescript-globals/src/Global.purs","end":[33,48]},{"Ident":"isNaN"}]},{"ValueRef":[{"start":[1,1],"name":"/Users/lmcphail/projects/BasicLambda/bower_components/purescript-globals/src/Global.purs","end":[33,48]},{"Ident":"nan"}]},{"ValueRef":[{"start":[1,1],"name":"/Users/lmcphail/projects/BasicLambda/bower_components/purescript-globals/src/Global.purs","end":[33,48]},{"Ident":"readFloat"}]},{"ValueRef":[{"start":[1,1],"name":"/Users/lmcphail/projects/BasicLambda/bower_components/purescript-globals/src/Global.purs","end":[33,48]},{"Ident":"readInt"}]}],"efImports":[{"eiModule":["Prim"],"eiImportType":{"Implicit":[]},"eiImportedAs":null},{"eiModule":["Prim"],"eiImportType":{"Implicit":[]},"eiImportedAs":["Prim"]}],"efFixities":[],"efTypeFixities":[],"efDeclarations":[{"EDValue":{"edValueName":{"Ident":"decodeURI"},"edValueType":{"tag":"TypeApp","contents":[{"tag":"TypeApp","contents":[{"tag":"TypeConstructor","contents":[["Prim"],"Function"]},{"tag":"TypeConstructor","contents":[["Prim"],"String"]}]},{"tag":"TypeConstructor","contents":[["Prim"],"String"]}]}}},{"EDValue":{"edValueName":{"Ident":"decodeURIComponent"},"edValueType":{"tag":"TypeApp","contents":[{"tag":"TypeApp","contents":[{"tag":"TypeConstructor","contents":[["Prim"],"Function"]},{"tag":"TypeConstructor","contents":[["Prim"],"String"]}]},{"tag":"TypeConstructor","contents":[["Prim"],"String"]}]}}},{"EDValue":{"edValueName":{"Ident":"encodeURI"},"edValueType":{"tag":"TypeApp","contents":[{"tag":"TypeApp","contents":[{"tag":"TypeConstructor","contents":[["Prim"],"Function"]},{"tag":"TypeConstructor","contents":[["Prim"],"String"]}]},{"tag":"TypeConstructor","contents":[["Prim"],"String"]}]}}},{"EDValue":{"edValueName":{"Ident":"encodeURIComponent"},"edValueType":{"tag":"TypeApp","contents":[{"tag":"TypeApp","contents":[{"tag":"TypeConstructor","contents":[["Prim"],"Function"]},{"tag":"TypeConstructor","contents":[["Prim"],"String"]}]},{"tag":"TypeConstructor","contents":[["Prim"],"String"]}]}}},{"EDValue":{"edValueName":{"Ident":"infinity"},"edValueType":{"tag":"TypeConstructor","contents":[["Prim"],"Number"]}}},{"EDValue":{"edValueName":{"Ident":"isFinite"},"edValueType":{"tag":"TypeApp","contents":[{"tag":"TypeApp","contents":[{"tag":"TypeConstructor","contents":[["Prim"],"Function"]},{"tag":"TypeConstructor","contents":[["Prim"],"Number"]}]},{"tag":"TypeConstructor","contents":[["Prim"],"Boolean"]}]}}},{"EDValue":{"edValueName":{"Ident":"isNaN"},"edValueType":{"tag":"TypeApp","contents":[{"tag":"TypeApp","contents":[{"tag":"TypeConstructor","contents":[["Prim"],"Function"]},{"tag":"TypeConstructor","contents":[["Prim"],"Number"]}]},{"tag":"TypeConstructor","contents":[["Prim"],"Boolean"]}]}}},{"EDValue":{"edValueName":{"Ident":"nan"},"edValueType":{"tag":"TypeConstructor","contents":[["Prim"],"Number"]}}},{"EDValue":{"edValueName":{"Ident":"readFloat"},"edValueType":{"tag":"TypeApp","contents":[{"tag":"TypeApp","contents":[{"tag":"TypeConstructor","contents":[["Prim"],"Function"]},{"tag":"TypeConstructor","contents":[["Prim"],"String"]}]},{"tag":"TypeConstructor","contents":[["Prim"],"Number"]}]}}},{"EDValue":{"edValueName":{"Ident":"readInt"},"edValueType":{"tag":"TypeApp","contents":[{"tag":"TypeApp","contents":[{"tag":"TypeConstructor","contents":[["Prim"],"Function"]},{"tag":"TypeConstructor","contents":[["Prim"],"Int"]}]},{"tag":"TypeApp","contents":[{"tag":"TypeApp","contents":[{"tag":"TypeConstructor","contents":[["Prim"],"Function"]},{"tag":"TypeConstructor","contents":[["Prim"],"String"]}]},{"tag":"TypeConstructor","contents":[["Prim"],"Number"]}]}]}}}],"efSourceSpan":{"start":[1,1],"name":"/Users/lmcphail/projects/BasicLambda/bower_components/purescript-globals/src/Global.purs","end":[33,48]}}