{"efVersion":"0.11.6","efModuleName":["PSCI","Support"],"efExports":[{"TypeClassRef":[{"start":[1,1],"name":"/Users/lmcphail/projects/BasicLambda/bower_components/purescript-psci-support/src/PSCI/Support.purs","end":[26,10]},"Eval"]},{"ValueRef":[{"start":[1,1],"name":"/Users/lmcphail/projects/BasicLambda/bower_components/purescript-psci-support/src/PSCI/Support.purs","end":[26,10]},{"Ident":"eval"}]},{"TypeInstanceRef":[{"start":[0,0],"name":"<generated>","end":[0,0]},{"Ident":"evalShow"}]},{"TypeInstanceRef":[{"start":[0,0],"name":"<generated>","end":[0,0]},{"Ident":"evalEff"}]}],"efImports":[{"eiModule":["Prim"],"eiImportType":{"Implicit":[]},"eiImportedAs":null},{"eiModule":["Prim"],"eiImportType":{"Implicit":[]},"eiImportedAs":["Prim"]},{"eiModule":["Prelude"],"eiImportType":{"Implicit":[]},"eiImportedAs":null},{"eiModule":["Control","Monad","Eff"],"eiImportType":{"Explicit":[{"TypeRef":[{"start":[8,27],"name":"/Users/lmcphail/projects/BasicLambda/bower_components/purescript-psci-support/src/PSCI/Support.purs","end":[8,30]},"Eff",[]]}]},"eiImportedAs":null},{"eiModule":["Control","Monad","Eff","Console"],"eiImportType":{"Explicit":[{"TypeRef":[{"start":[9,35],"name":"/Users/lmcphail/projects/BasicLambda/bower_components/purescript-psci-support/src/PSCI/Support.purs","end":[9,42]},"CONSOLE",[]]},{"ValueRef":[{"start":[9,44],"name":"/Users/lmcphail/projects/BasicLambda/bower_components/purescript-psci-support/src/PSCI/Support.purs","end":[9,51]},{"Ident":"logShow"}]}]},"eiImportedAs":null},{"eiModule":["Control","Monad","Eff","Unsafe"],"eiImportType":{"Explicit":[{"ValueRef":[{"start":[10,34],"name":"/Users/lmcphail/projects/BasicLambda/bower_components/purescript-psci-support/src/PSCI/Support.purs","end":[10,49]},{"Ident":"unsafeCoerceEff"}]}]},"eiImportedAs":null}],"efFixities":[],"efTypeFixities":[],"efDeclarations":[{"EDType":{"edTypeName":"Eval","edTypeKind":{"tag":"FunKind","contents":[{"tag":"NamedKind","contents":[["Prim"],"Type"]},{"tag":"NamedKind","contents":[["Prim"],"Type"]}]},"edTypeDeclarationKind":"TypeSynonym"}},{"EDTypeSynonym":{"edTypeSynonymName":"Eval","edTypeSynonymArguments":[["a",null]],"edTypeSynonymType":{"tag":"TypeApp","contents":[{"tag":"TypeConstructor","contents":[["Prim"],"Record"]},{"tag":"RCons","contents":["eval",{"tag":"TypeApp","contents":[{"tag":"TypeApp","contents":[{"tag":"TypeConstructor","contents":[["Prim"],"Function"]},{"tag":"TypeVar","contents":"a"}]},{"tag":"TypeApp","contents":[{"tag":"TypeApp","contents":[{"tag":"TypeConstructor","contents":[["Control","Monad","Eff"],"Eff"]},{"tag":"RCons","contents":["console",{"tag":"TypeConstructor","contents":[["Control","Monad","Eff","Console"],"CONSOLE"]},{"tag":"REmpty"}]}]},{"tag":"TypeConstructor","contents":[["Data","Unit"],"Unit"]}]}]},{"tag":"REmpty"}]}]}}},{"EDClass":{"edClassName":"Eval","edClassTypeArguments":[["a",null]],"edClassMembers":[[{"Ident":"eval"},{"tag":"TypeApp","contents":[{"tag":"TypeApp","contents":[{"tag":"TypeConstructor","contents":[["Prim"],"Function"]},{"tag":"TypeVar","contents":"a"}]},{"tag":"TypeApp","contents":[{"tag":"TypeApp","contents":[{"tag":"TypeConstructor","contents":[["Control","Monad","Eff"],"Eff"]},{"tag":"RCons","contents":["console",{"tag":"TypeConstructor","contents":[["Control","Monad","Eff","Console"],"CONSOLE"]},{"tag":"REmpty"}]}]},{"tag":"TypeConstructor","contents":[["Data","Unit"],"Unit"]}]}]}]],"edClassConstraints":[],"edFunctionalDependencies":[]}},{"EDValue":{"edValueName":{"Ident":"eval"},"edValueType":{"tag":"ForAll","contents":["a",{"tag":"ConstrainedType","contents":[{"constraintClass":[["PSCI","Support"],"Eval"],"constraintArgs":[{"tag":"TypeVar","contents":"a"}],"constraintData":null},{"tag":"TypeApp","contents":[{"tag":"TypeApp","contents":[{"tag":"TypeConstructor","contents":[["Prim"],"Function"]},{"tag":"TypeVar","contents":"a"}]},{"tag":"TypeApp","contents":[{"tag":"TypeApp","contents":[{"tag":"TypeConstructor","contents":[["Control","Monad","Eff"],"Eff"]},{"tag":"RCons","contents":["console",{"tag":"TypeConstructor","contents":[["Control","Monad","Eff","Console"],"CONSOLE"]},{"tag":"REmpty"}]}]},{"tag":"TypeConstructor","contents":[["Data","Unit"],"Unit"]}]}]}]},2]}}},{"EDInstance":{"edInstanceClassName":[["PSCI","Support"],"Eval"],"edInstanceName":{"Ident":"evalShow"},"edInstanceTypes":[{"tag":"TypeVar","contents":"a"}],"edInstanceConstraints":[{"constraintClass":[["Data","Show"],"Show"],"constraintArgs":[{"tag":"TypeVar","contents":"a"}],"constraintData":null}]}},{"EDInstance":{"edInstanceClassName":[["PSCI","Support"],"Eval"],"edInstanceName":{"Ident":"evalEff"},"edInstanceTypes":[{"tag":"TypeApp","contents":[{"tag":"TypeApp","contents":[{"tag":"TypeConstructor","contents":[["Control","Monad","Eff"],"Eff"]},{"tag":"TypeVar","contents":"eff"}]},{"tag":"TypeVar","contents":"a"}]}],"edInstanceConstraints":[{"constraintClass":[["PSCI","Support"],"Eval"],"constraintArgs":[{"tag":"TypeVar","contents":"a"}],"constraintData":null}]}}],"efSourceSpan":{"start":[1,1],"name":"/Users/lmcphail/projects/BasicLambda/bower_components/purescript-psci-support/src/PSCI/Support.purs","end":[26,10]}}