{"efVersion":"0.11.6","efModuleName":["Control","Monad","Gen"],"efExports":[{"ReExportRef":[{"start":[1,1],"name":"/Users/lmcphail/projects/BasicLambda/bower_components/purescript-gen/src/Control/Monad/Gen.purs","end":[104,68]},["Control","Monad","Gen","Class"],{"TypeRef":[{"start":[1,1],"name":"/Users/lmcphail/projects/BasicLambda/bower_components/purescript-gen/src/Control/Monad/Gen.purs","end":[104,68]},"Size",[]]}]},{"ReExportRef":[{"start":[1,1],"name":"/Users/lmcphail/projects/BasicLambda/bower_components/purescript-gen/src/Control/Monad/Gen.purs","end":[104,68]},["Control","Monad","Gen","Class"],{"TypeClassRef":[{"start":[1,1],"name":"/Users/lmcphail/projects/BasicLambda/bower_components/purescript-gen/src/Control/Monad/Gen.purs","end":[104,68]},"MonadGen"]}]},{"ValueRef":[{"start":[1,1],"name":"/Users/lmcphail/projects/BasicLambda/bower_components/purescript-gen/src/Control/Monad/Gen.purs","end":[104,68]},{"Ident":"choose"}]},{"ReExportRef":[{"start":[1,1],"name":"/Users/lmcphail/projects/BasicLambda/bower_components/purescript-gen/src/Control/Monad/Gen.purs","end":[104,68]},["Control","Monad","Gen","Class"],{"ValueRef":[{"start":[1,1],"name":"/Users/lmcphail/projects/BasicLambda/bower_components/purescript-gen/src/Control/Monad/Gen.purs","end":[104,68]},{"Ident":"chooseBool"}]}]},{"ReExportRef":[{"start":[1,1],"name":"/Users/lmcphail/projects/BasicLambda/bower_components/purescript-gen/src/Control/Monad/Gen.purs","end":[104,68]},["Control","Monad","Gen","Class"],{"ValueRef":[{"start":[1,1],"name":"/Users/lmcphail/projects/BasicLambda/bower_components/purescript-gen/src/Control/Monad/Gen.purs","end":[104,68]},{"Ident":"chooseFloat"}]}]},{"ReExportRef":[{"start":[1,1],"name":"/Users/lmcphail/projects/BasicLambda/bower_components/purescript-gen/src/Control/Monad/Gen.purs","end":[104,68]},["Control","Monad","Gen","Class"],{"ValueRef":[{"start":[1,1],"name":"/Users/lmcphail/projects/BasicLambda/bower_components/purescript-gen/src/Control/Monad/Gen.purs","end":[104,68]},{"Ident":"chooseInt"}]}]},{"ValueRef":[{"start":[1,1],"name":"/Users/lmcphail/projects/BasicLambda/bower_components/purescript-gen/src/Control/Monad/Gen.purs","end":[104,68]},{"Ident":"elements"}]},{"ValueRef":[{"start":[1,1],"name":"/Users/lmcphail/projects/BasicLambda/bower_components/purescript-gen/src/Control/Monad/Gen.purs","end":[104,68]},{"Ident":"frequency"}]},{"ValueRef":[{"start":[1,1],"name":"/Users/lmcphail/projects/BasicLambda/bower_components/purescript-gen/src/Control/Monad/Gen.purs","end":[104,68]},{"Ident":"oneOf"}]},{"ReExportRef":[{"start":[1,1],"name":"/Users/lmcphail/projects/BasicLambda/bower_components/purescript-gen/src/Control/Monad/Gen.purs","end":[104,68]},["Control","Monad","Gen","Class"],{"ValueRef":[{"start":[1,1],"name":"/Users/lmcphail/projects/BasicLambda/bower_components/purescript-gen/src/Control/Monad/Gen.purs","end":[104,68]},{"Ident":"resize"}]}]},{"ReExportRef":[{"start":[1,1],"name":"/Users/lmcphail/projects/BasicLambda/bower_components/purescript-gen/src/Control/Monad/Gen.purs","end":[104,68]},["Control","Monad","Gen","Class"],{"ValueRef":[{"start":[1,1],"name":"/Users/lmcphail/projects/BasicLambda/bower_components/purescript-gen/src/Control/Monad/Gen.purs","end":[104,68]},{"Ident":"sized"}]}]},{"ValueRef":[{"start":[1,1],"name":"/Users/lmcphail/projects/BasicLambda/bower_components/purescript-gen/src/Control/Monad/Gen.purs","end":[104,68]},{"Ident":"suchThat"}]},{"ValueRef":[{"start":[1,1],"name":"/Users/lmcphail/projects/BasicLambda/bower_components/purescript-gen/src/Control/Monad/Gen.purs","end":[104,68]},{"Ident":"unfoldable"}]},{"ModuleRef":[{"start":[2,5],"name":"/Users/lmcphail/projects/BasicLambda/bower_components/purescript-gen/src/Control/Monad/Gen.purs","end":[2,35]},["Control","Monad","Gen","Class"]]}],"efImports":[{"eiModule":["Prim"],"eiImportType":{"Implicit":[]},"eiImportedAs":null},{"eiModule":["Prim"],"eiImportType":{"Implicit":[]},"eiImportedAs":["Prim"]},{"eiModule":["Prelude"],"eiImportType":{"Implicit":[]},"eiImportedAs":null},{"eiModule":["Control","Monad","Gen","Class"],"eiImportType":{"Explicit":[{"TypeClassRef":[{"start":[13,33],"name":"/Users/lmcphail/projects/BasicLambda/bower_components/purescript-gen/src/Control/Monad/Gen.purs","end":[13,47]},"MonadGen"]},{"TypeRef":[{"start":[13,49],"name":"/Users/lmcphail/projects/BasicLambda/bower_components/purescript-gen/src/Control/Monad/Gen.purs","end":[13,53]},"Size",[]]},{"ValueRef":[{"start":[13,55],"name":"/Users/lmcphail/projects/BasicLambda/bower_components/purescript-gen/src/Control/Monad/Gen.purs","end":[13,65]},{"Ident":"chooseBool"}]},{"ValueRef":[{"start":[13,67],"name":"/Users/lmcphail/projects/BasicLambda/bower_components/purescript-gen/src/Control/Monad/Gen.purs","end":[13,78]},{"Ident":"chooseFloat"}]},{"ValueRef":[{"start":[13,80],"name":"/Users/lmcphail/projects/BasicLambda/bower_components/purescript-gen/src/Control/Monad/Gen.purs","end":[13,89]},{"Ident":"chooseInt"}]},{"ValueRef":[{"start":[13,91],"name":"/Users/lmcphail/projects/BasicLambda/bower_components/purescript-gen/src/Control/Monad/Gen.purs","end":[13,97]},{"Ident":"resize"}]},{"ValueRef":[{"start":[13,99],"name":"/Users/lmcphail/projects/BasicLambda/bower_components/purescript-gen/src/Control/Monad/Gen.purs","end":[13,104]},{"Ident":"sized"}]}]},"eiImportedAs":null},{"eiModule":["Control","Monad","Rec","Class"],"eiImportType":{"Explicit":[{"TypeClassRef":[{"start":[14,33],"name":"/Users/lmcphail/projects/BasicLambda/bower_components/purescript-gen/src/Control/Monad/Gen.purs","end":[14,47]},"MonadRec"]},{"TypeRef":[{"start":[14,49],"name":"/Users/lmcphail/projects/BasicLambda/bower_components/purescript-gen/src/Control/Monad/Gen.purs","end":[14,57]},"Step",null]},{"ValueRef":[{"start":[14,59],"name":"/Users/lmcphail/projects/BasicLambda/bower_components/purescript-gen/src/Control/Monad/Gen.purs","end":[14,67]},{"Ident":"tailRecM"}]}]},"eiImportedAs":null},{"eiModule":["Data","Foldable"],"eiImportType":{"Explicit":[{"TypeClassRef":[{"start":[16,23],"name":"/Users/lmcphail/projects/BasicLambda/bower_components/purescript-gen/src/Control/Monad/Gen.purs","end":[16,37]},"Foldable"]},{"ValueRef":[{"start":[16,39],"name":"/Users/lmcphail/projects/BasicLambda/bower_components/purescript-gen/src/Control/Monad/Gen.purs","end":[16,45]},{"Ident":"length"}]},{"ValueRef":[{"start":[16,47],"name":"/Users/lmcphail/projects/BasicLambda/bower_components/purescript-gen/src/Control/Monad/Gen.purs","end":[16,52]},{"Ident":"foldl"}]},{"ValueRef":[{"start":[16,54],"name":"/Users/lmcphail/projects/BasicLambda/bower_components/purescript-gen/src/Control/Monad/Gen.purs","end":[16,61]},{"Ident":"foldMap"}]}]},"eiImportedAs":null},{"eiModule":["Data","Int"],"eiImportType":{"Implicit":[]},"eiImportedAs":["Int"]},{"eiModule":["Data","Maybe"],"eiImportType":{"Explicit":[{"TypeRef":[{"start":[18,20],"name":"/Users/lmcphail/projects/BasicLambda/bower_components/purescript-gen/src/Control/Monad/Gen.purs","end":[18,29]},"Maybe",null]},{"ValueRef":[{"start":[18,31],"name":"/Users/lmcphail/projects/BasicLambda/bower_components/purescript-gen/src/Control/Monad/Gen.purs","end":[18,40]},{"Ident":"fromMaybe"}]}]},"eiImportedAs":null},{"eiModule":["Data","Monoid","Additive"],"eiImportType":{"Explicit":[{"TypeRef":[{"start":[19,30],"name":"/Users/lmcphail/projects/BasicLambda/bower_components/purescript-gen/src/Control/Monad/Gen.purs","end":[19,42]},"Additive",null]}]},"eiImportedAs":null},{"eiModule":["Data","Newtype"],"eiImportType":{"Explicit":[{"ValueRef":[{"start":[20,22],"name":"/Users/lmcphail/projects/BasicLambda/bower_components/purescript-gen/src/Control/Monad/Gen.purs","end":[20,26]},{"Ident":"alaF"}]}]},"eiImportedAs":null},{"eiModule":["Data","NonEmpty"],"eiImportType":{"Explicit":[{"TypeRef":[{"start":[21,23],"name":"/Users/lmcphail/projects/BasicLambda/bower_components/purescript-gen/src/Control/Monad/Gen.purs","end":[21,31]},"NonEmpty",[]]},{"ValueOpRef":[{"start":[21,33],"name":"/Users/lmcphail/projects/BasicLambda/bower_components/purescript-gen/src/Control/Monad/Gen.purs","end":[21,37]},":|"]}]},"eiImportedAs":null},{"eiModule":["Data","Tuple"],"eiImportType":{"Explicit":[{"TypeRef":[{"start":[22,20],"name":"/Users/lmcphail/projects/BasicLambda/bower_components/purescript-gen/src/Control/Monad/Gen.purs","end":[22,29]},"Tuple",null]},{"ValueRef":[{"start":[22,31],"name":"/Users/lmcphail/projects/BasicLambda/bower_components/purescript-gen/src/Control/Monad/Gen.purs","end":[22,34]},{"Ident":"fst"}]},{"ValueRef":[{"start":[22,36],"name":"/Users/lmcphail/projects/BasicLambda/bower_components/purescript-gen/src/Control/Monad/Gen.purs","end":[22,39]},{"Ident":"snd"}]}]},"eiImportedAs":null},{"eiModule":["Data","Unfoldable"],"eiImportType":{"Explicit":[{"TypeClassRef":[{"start":[23,25],"name":"/Users/lmcphail/projects/BasicLambda/bower_components/purescript-gen/src/Control/Monad/Gen.purs","end":[23,41]},"Unfoldable"]},{"ValueRef":[{"start":[23,43],"name":"/Users/lmcphail/projects/BasicLambda/bower_components/purescript-gen/src/Control/Monad/Gen.purs","end":[23,50]},{"Ident":"unfoldr"}]}]},"eiImportedAs":null}],"efFixities":[],"efTypeFixities":[],"efDeclarations":[{"EDValue":{"edValueName":{"Ident":"choose"},"edValueType":{"tag":"ForAll","contents":["a",{"tag":"ForAll","contents":["m",{"tag":"ConstrainedType","contents":[{"constraintClass":[["Control","Monad","Gen","Class"],"MonadGen"],"constraintArgs":[{"tag":"TypeVar","contents":"m"}],"constraintData":null},{"tag":"TypeApp","contents":[{"tag":"TypeApp","contents":[{"tag":"TypeConstructor","contents":[["Prim"],"Function"]},{"tag":"TypeApp","contents":[{"tag":"TypeVar","contents":"m"},{"tag":"TypeVar","contents":"a"}]}]},{"tag":"TypeApp","contents":[{"tag":"TypeApp","contents":[{"tag":"TypeConstructor","contents":[["Prim"],"Function"]},{"tag":"TypeApp","contents":[{"tag":"TypeVar","contents":"m"},{"tag":"TypeVar","contents":"a"}]}]},{"tag":"TypeApp","contents":[{"tag":"TypeVar","contents":"m"},{"tag":"TypeVar","contents":"a"}]}]}]}]},34]},35]}}},{"EDValue":{"edValueName":{"Ident":"elements"},"edValueType":{"tag":"ForAll","contents":["a",{"tag":"ForAll","contents":["f",{"tag":"ForAll","contents":["m",{"tag":"ConstrainedType","contents":[{"constraintClass":[["Control","Monad","Gen","Class"],"MonadGen"],"constraintArgs":[{"tag":"TypeVar","contents":"m"}],"constraintData":null},{"tag":"ConstrainedType","contents":[{"constraintClass":[["Data","Foldable"],"Foldable"],"constraintArgs":[{"tag":"TypeVar","contents":"f"}],"constraintData":null},{"tag":"TypeApp","contents":[{"tag":"TypeApp","contents":[{"tag":"TypeConstructor","contents":[["Prim"],"Function"]},{"tag":"TypeApp","contents":[{"tag":"TypeApp","contents":[{"tag":"TypeConstructor","contents":[["Data","NonEmpty"],"NonEmpty"]},{"tag":"TypeVar","contents":"f"}]},{"tag":"TypeVar","contents":"a"}]}]},{"tag":"TypeApp","contents":[{"tag":"TypeVar","contents":"m"},{"tag":"TypeVar","contents":"a"}]}]}]}]},28]},29]},30]}}},{"EDValue":{"edValueName":{"Ident":"frequency"},"edValueType":{"tag":"ForAll","contents":["a",{"tag":"ForAll","contents":["f",{"tag":"ForAll","contents":["m",{"tag":"ConstrainedType","contents":[{"constraintClass":[["Control","Monad","Gen","Class"],"MonadGen"],"constraintArgs":[{"tag":"TypeVar","contents":"m"}],"constraintData":null},{"tag":"ConstrainedType","contents":[{"constraintClass":[["Data","Foldable"],"Foldable"],"constraintArgs":[{"tag":"TypeVar","contents":"f"}],"constraintData":null},{"tag":"TypeApp","contents":[{"tag":"TypeApp","contents":[{"tag":"TypeConstructor","contents":[["Prim"],"Function"]},{"tag":"TypeApp","contents":[{"tag":"TypeApp","contents":[{"tag":"TypeConstructor","contents":[["Data","NonEmpty"],"NonEmpty"]},{"tag":"TypeVar","contents":"f"}]},{"tag":"TypeApp","contents":[{"tag":"TypeApp","contents":[{"tag":"TypeConstructor","contents":[["Data","Tuple"],"Tuple"]},{"tag":"TypeConstructor","contents":[["Prim"],"Number"]}]},{"tag":"TypeApp","contents":[{"tag":"TypeVar","contents":"m"},{"tag":"TypeVar","contents":"a"}]}]}]}]},{"tag":"TypeApp","contents":[{"tag":"TypeVar","contents":"m"},{"tag":"TypeVar","contents":"a"}]}]}]}]},21]},22]},23]}}},{"EDValue":{"edValueName":{"Ident":"oneOf"},"edValueType":{"tag":"ForAll","contents":["a",{"tag":"ForAll","contents":["f",{"tag":"ForAll","contents":["m",{"tag":"ConstrainedType","contents":[{"constraintClass":[["Control","Monad","Gen","Class"],"MonadGen"],"constraintArgs":[{"tag":"TypeVar","contents":"m"}],"constraintData":null},{"tag":"ConstrainedType","contents":[{"constraintClass":[["Data","Foldable"],"Foldable"],"constraintArgs":[{"tag":"TypeVar","contents":"f"}],"constraintData":null},{"tag":"TypeApp","contents":[{"tag":"TypeApp","contents":[{"tag":"TypeConstructor","contents":[["Prim"],"Function"]},{"tag":"TypeApp","contents":[{"tag":"TypeApp","contents":[{"tag":"TypeConstructor","contents":[["Data","NonEmpty"],"NonEmpty"]},{"tag":"TypeVar","contents":"f"}]},{"tag":"TypeApp","contents":[{"tag":"TypeVar","contents":"m"},{"tag":"TypeVar","contents":"a"}]}]}]},{"tag":"TypeApp","contents":[{"tag":"TypeVar","contents":"m"},{"tag":"TypeVar","contents":"a"}]}]}]}]},15]},16]},17]}}},{"EDValue":{"edValueName":{"Ident":"suchThat"},"edValueType":{"tag":"ForAll","contents":["a",{"tag":"ForAll","contents":["m",{"tag":"ConstrainedType","contents":[{"constraintClass":[["Control","Monad","Rec","Class"],"MonadRec"],"constraintArgs":[{"tag":"TypeVar","contents":"m"}],"constraintData":null},{"tag":"ConstrainedType","contents":[{"constraintClass":[["Control","Monad","Gen","Class"],"MonadGen"],"constraintArgs":[{"tag":"TypeVar","contents":"m"}],"constraintData":null},{"tag":"TypeApp","contents":[{"tag":"TypeApp","contents":[{"tag":"TypeConstructor","contents":[["Prim"],"Function"]},{"tag":"TypeApp","contents":[{"tag":"TypeVar","contents":"m"},{"tag":"TypeVar","contents":"a"}]}]},{"tag":"TypeApp","contents":[{"tag":"TypeApp","contents":[{"tag":"TypeConstructor","contents":[["Prim"],"Function"]},{"tag":"TypeApp","contents":[{"tag":"TypeApp","contents":[{"tag":"TypeConstructor","contents":[["Prim"],"Function"]},{"tag":"TypeVar","contents":"a"}]},{"tag":"TypeConstructor","contents":[["Prim"],"Boolean"]}]}]},{"tag":"TypeApp","contents":[{"tag":"TypeVar","contents":"m"},{"tag":"TypeVar","contents":"a"}]}]}]}]}]},7]},8]}}},{"EDValue":{"edValueName":{"Ident":"unfoldable"},"edValueType":{"tag":"ForAll","contents":["a",{"tag":"ForAll","contents":["f",{"tag":"ForAll","contents":["m",{"tag":"ConstrainedType","contents":[{"constraintClass":[["Control","Monad","Rec","Class"],"MonadRec"],"constraintArgs":[{"tag":"TypeVar","contents":"m"}],"constraintData":null},{"tag":"ConstrainedType","contents":[{"constraintClass":[["Control","Monad","Gen","Class"],"MonadGen"],"constraintArgs":[{"tag":"TypeVar","contents":"m"}],"constraintData":null},{"tag":"ConstrainedType","contents":[{"constraintClass":[["Data","Unfoldable"],"Unfoldable"],"constraintArgs":[{"tag":"TypeVar","contents":"f"}],"constraintData":null},{"tag":"TypeApp","contents":[{"tag":"TypeApp","contents":[{"tag":"TypeConstructor","contents":[["Prim"],"Function"]},{"tag":"TypeApp","contents":[{"tag":"TypeVar","contents":"m"},{"tag":"TypeVar","contents":"a"}]}]},{"tag":"TypeApp","contents":[{"tag":"TypeVar","contents":"m"},{"tag":"TypeApp","contents":[{"tag":"TypeVar","contents":"f"},{"tag":"TypeVar","contents":"a"}]}]}]}]}]}]},0]},1]},2]}}}],"efSourceSpan":{"start":[1,1],"name":"/Users/lmcphail/projects/BasicLambda/bower_components/purescript-gen/src/Control/Monad/Gen.purs","end":[104,68]}}