{"efVersion":"0.11.6","efModuleName":["Control","Monad","Writer","Trans"],"efExports":[{"TypeRef":[{"start":[1,1],"name":"/Users/lmcphail/projects/BasicLambda/bower_components/purescript-transformers/src/Control/Monad/Writer/Trans.purs","end":[129,24]},"WriterT",["WriterT"]]},{"ReExportRef":[{"start":[1,1],"name":"/Users/lmcphail/projects/BasicLambda/bower_components/purescript-transformers/src/Control/Monad/Writer/Trans.purs","end":[129,24]},["Control","Monad","Writer","Class"],{"TypeClassRef":[{"start":[1,1],"name":"/Users/lmcphail/projects/BasicLambda/bower_components/purescript-transformers/src/Control/Monad/Writer/Trans.purs","end":[129,24]},"MonadTell"]}]},{"ReExportRef":[{"start":[1,1],"name":"/Users/lmcphail/projects/BasicLambda/bower_components/purescript-transformers/src/Control/Monad/Writer/Trans.purs","end":[129,24]},["Control","Monad","Trans","Class"],{"TypeClassRef":[{"start":[1,1],"name":"/Users/lmcphail/projects/BasicLambda/bower_components/purescript-transformers/src/Control/Monad/Writer/Trans.purs","end":[129,24]},"MonadTrans"]}]},{"ReExportRef":[{"start":[1,1],"name":"/Users/lmcphail/projects/BasicLambda/bower_components/purescript-transformers/src/Control/Monad/Writer/Trans.purs","end":[129,24]},["Control","Monad","Writer","Class"],{"TypeClassRef":[{"start":[1,1],"name":"/Users/lmcphail/projects/BasicLambda/bower_components/purescript-transformers/src/Control/Monad/Writer/Trans.purs","end":[129,24]},"MonadWriter"]}]},{"ReExportRef":[{"start":[1,1],"name":"/Users/lmcphail/projects/BasicLambda/bower_components/purescript-transformers/src/Control/Monad/Writer/Trans.purs","end":[129,24]},["Control","Monad","Writer","Class"],{"ValueRef":[{"start":[1,1],"name":"/Users/lmcphail/projects/BasicLambda/bower_components/purescript-transformers/src/Control/Monad/Writer/Trans.purs","end":[129,24]},{"Ident":"censor"}]}]},{"ValueRef":[{"start":[1,1],"name":"/Users/lmcphail/projects/BasicLambda/bower_components/purescript-transformers/src/Control/Monad/Writer/Trans.purs","end":[129,24]},{"Ident":"execWriterT"}]},{"ReExportRef":[{"start":[1,1],"name":"/Users/lmcphail/projects/BasicLambda/bower_components/purescript-transformers/src/Control/Monad/Writer/Trans.purs","end":[129,24]},["Control","Monad","Trans","Class"],{"ValueRef":[{"start":[1,1],"name":"/Users/lmcphail/projects/BasicLambda/bower_components/purescript-transformers/src/Control/Monad/Writer/Trans.purs","end":[129,24]},{"Ident":"lift"}]}]},{"ReExportRef":[{"start":[1,1],"name":"/Users/lmcphail/projects/BasicLambda/bower_components/purescript-transformers/src/Control/Monad/Writer/Trans.purs","end":[129,24]},["Control","Monad","Writer","Class"],{"ValueRef":[{"start":[1,1],"name":"/Users/lmcphail/projects/BasicLambda/bower_components/purescript-transformers/src/Control/Monad/Writer/Trans.purs","end":[129,24]},{"Ident":"listen"}]}]},{"ReExportRef":[{"start":[1,1],"name":"/Users/lmcphail/projects/BasicLambda/bower_components/purescript-transformers/src/Control/Monad/Writer/Trans.purs","end":[129,24]},["Control","Monad","Writer","Class"],{"ValueRef":[{"start":[1,1],"name":"/Users/lmcphail/projects/BasicLambda/bower_components/purescript-transformers/src/Control/Monad/Writer/Trans.purs","end":[129,24]},{"Ident":"listens"}]}]},{"ValueRef":[{"start":[1,1],"name":"/Users/lmcphail/projects/BasicLambda/bower_components/purescript-transformers/src/Control/Monad/Writer/Trans.purs","end":[129,24]},{"Ident":"mapWriterT"}]},{"ReExportRef":[{"start":[1,1],"name":"/Users/lmcphail/projects/BasicLambda/bower_components/purescript-transformers/src/Control/Monad/Writer/Trans.purs","end":[129,24]},["Control","Monad","Writer","Class"],{"ValueRef":[{"start":[1,1],"name":"/Users/lmcphail/projects/BasicLambda/bower_components/purescript-transformers/src/Control/Monad/Writer/Trans.purs","end":[129,24]},{"Ident":"pass"}]}]},{"ValueRef":[{"start":[1,1],"name":"/Users/lmcphail/projects/BasicLambda/bower_components/purescript-transformers/src/Control/Monad/Writer/Trans.purs","end":[129,24]},{"Ident":"runWriterT"}]},{"ReExportRef":[{"start":[1,1],"name":"/Users/lmcphail/projects/BasicLambda/bower_components/purescript-transformers/src/Control/Monad/Writer/Trans.purs","end":[129,24]},["Control","Monad","Writer","Class"],{"ValueRef":[{"start":[1,1],"name":"/Users/lmcphail/projects/BasicLambda/bower_components/purescript-transformers/src/Control/Monad/Writer/Trans.purs","end":[129,24]},{"Ident":"tell"}]}]},{"ModuleRef":[{"start":[5,5],"name":"/Users/lmcphail/projects/BasicLambda/bower_components/purescript-transformers/src/Control/Monad/Writer/Trans.purs","end":[5,37]},["Control","Monad","Trans","Class"]]},{"ModuleRef":[{"start":[6,5],"name":"/Users/lmcphail/projects/BasicLambda/bower_components/purescript-transformers/src/Control/Monad/Writer/Trans.purs","end":[6,38]},["Control","Monad","Writer","Class"]]},{"TypeInstanceRef":[{"start":[0,0],"name":"<generated>","end":[0,0]},{"Ident":"newtypeWriterT"}]},{"TypeInstanceRef":[{"start":[0,0],"name":"<generated>","end":[0,0]},{"Ident":"functorWriterT"}]},{"TypeInstanceRef":[{"start":[0,0],"name":"<generated>","end":[0,0]},{"Ident":"applyWriterT"}]},{"TypeInstanceRef":[{"start":[0,0],"name":"<generated>","end":[0,0]},{"Ident":"applicativeWriterT"}]},{"TypeInstanceRef":[{"start":[0,0],"name":"<generated>","end":[0,0]},{"Ident":"altWriterT"}]},{"TypeInstanceRef":[{"start":[0,0],"name":"<generated>","end":[0,0]},{"Ident":"plusWriterT"}]},{"TypeInstanceRef":[{"start":[0,0],"name":"<generated>","end":[0,0]},{"Ident":"alternativeWriterT"}]},{"TypeInstanceRef":[{"start":[0,0],"name":"<generated>","end":[0,0]},{"Ident":"bindWriterT"}]},{"TypeInstanceRef":[{"start":[0,0],"name":"<generated>","end":[0,0]},{"Ident":"monadWriterT"}]},{"TypeInstanceRef":[{"start":[0,0],"name":"<generated>","end":[0,0]},{"Ident":"monadRecWriterT"}]},{"TypeInstanceRef":[{"start":[0,0],"name":"<generated>","end":[0,0]},{"Ident":"monadZeroWriterT"}]},{"TypeInstanceRef":[{"start":[0,0],"name":"<generated>","end":[0,0]},{"Ident":"monadPlusWriterT"}]},{"TypeInstanceRef":[{"start":[0,0],"name":"<generated>","end":[0,0]},{"Ident":"monadTransWriterT"}]},{"TypeInstanceRef":[{"start":[0,0],"name":"<generated>","end":[0,0]},{"Ident":"monadEffWriter"}]},{"TypeInstanceRef":[{"start":[0,0],"name":"<generated>","end":[0,0]},{"Ident":"monadContWriterT"}]},{"TypeInstanceRef":[{"start":[0,0],"name":"<generated>","end":[0,0]},{"Ident":"monadThrowWriterT"}]},{"TypeInstanceRef":[{"start":[0,0],"name":"<generated>","end":[0,0]},{"Ident":"monadErrorWriterT"}]},{"TypeInstanceRef":[{"start":[0,0],"name":"<generated>","end":[0,0]},{"Ident":"monadAskWriterT"}]},{"TypeInstanceRef":[{"start":[0,0],"name":"<generated>","end":[0,0]},{"Ident":"monadReaderWriterT"}]},{"TypeInstanceRef":[{"start":[0,0],"name":"<generated>","end":[0,0]},{"Ident":"monadStateWriterT"}]},{"TypeInstanceRef":[{"start":[0,0],"name":"<generated>","end":[0,0]},{"Ident":"monadTellWriterT"}]},{"TypeInstanceRef":[{"start":[0,0],"name":"<generated>","end":[0,0]},{"Ident":"monadWriterWriterT"}]}],"efImports":[{"eiModule":["Prim"],"eiImportType":{"Implicit":[]},"eiImportedAs":null},{"eiModule":["Prim"],"eiImportType":{"Implicit":[]},"eiImportedAs":["Prim"]},{"eiModule":["Prelude"],"eiImportType":{"Implicit":[]},"eiImportedAs":null},{"eiModule":["Control","Alt"],"eiImportType":{"Explicit":[{"TypeClassRef":[{"start":[11,21],"name":"/Users/lmcphail/projects/BasicLambda/bower_components/purescript-transformers/src/Control/Monad/Writer/Trans.purs","end":[11,30]},"Alt"]},{"ValueOpRef":[{"start":[11,32],"name":"/Users/lmcphail/projects/BasicLambda/bower_components/purescript-transformers/src/Control/Monad/Writer/Trans.purs","end":[11,37]},"<|>"]}]},"eiImportedAs":null},{"eiModule":["Control","Alternative"],"eiImportType":{"Explicit":[{"TypeClassRef":[{"start":[12,29],"name":"/Users/lmcphail/projects/BasicLambda/bower_components/purescript-transformers/src/Control/Monad/Writer/Trans.purs","end":[12,46]},"Alternative"]}]},"eiImportedAs":null},{"eiModule":["Control","Monad","Cont","Class"],"eiImportType":{"Explicit":[{"TypeClassRef":[{"start":[13,34],"name":"/Users/lmcphail/projects/BasicLambda/bower_components/purescript-transformers/src/Control/Monad/Writer/Trans.purs","end":[13,49]},"MonadCont"]},{"ValueRef":[{"start":[13,51],"name":"/Users/lmcphail/projects/BasicLambda/bower_components/purescript-transformers/src/Control/Monad/Writer/Trans.purs","end":[13,57]},{"Ident":"callCC"}]}]},"eiImportedAs":null},{"eiModule":["Control","Monad","Eff","Class"],"eiImportType":{"Explicit":[{"TypeClassRef":[{"start":[14,33],"name":"/Users/lmcphail/projects/BasicLambda/bower_components/purescript-transformers/src/Control/Monad/Writer/Trans.purs","end":[14,47]},"MonadEff"]},{"ValueRef":[{"start":[14,49],"name":"/Users/lmcphail/projects/BasicLambda/bower_components/purescript-transformers/src/Control/Monad/Writer/Trans.purs","end":[14,56]},{"Ident":"liftEff"}]}]},"eiImportedAs":null},{"eiModule":["Control","Monad","Error","Class"],"eiImportType":{"Explicit":[{"TypeClassRef":[{"start":[15,35],"name":"/Users/lmcphail/projects/BasicLambda/bower_components/purescript-transformers/src/Control/Monad/Writer/Trans.purs","end":[15,51]},"MonadThrow"]},{"TypeClassRef":[{"start":[15,53],"name":"/Users/lmcphail/projects/BasicLambda/bower_components/purescript-transformers/src/Control/Monad/Writer/Trans.purs","end":[15,69]},"MonadError"]},{"ValueRef":[{"start":[15,71],"name":"/Users/lmcphail/projects/BasicLambda/bower_components/purescript-transformers/src/Control/Monad/Writer/Trans.purs","end":[15,81]},{"Ident":"catchError"}]},{"ValueRef":[{"start":[15,83],"name":"/Users/lmcphail/projects/BasicLambda/bower_components/purescript-transformers/src/Control/Monad/Writer/Trans.purs","end":[15,93]},{"Ident":"throwError"}]}]},"eiImportedAs":null},{"eiModule":["Control","Monad","Reader","Class"],"eiImportType":{"Explicit":[{"TypeClassRef":[{"start":[16,36],"name":"/Users/lmcphail/projects/BasicLambda/bower_components/purescript-transformers/src/Control/Monad/Writer/Trans.purs","end":[16,50]},"MonadAsk"]},{"TypeClassRef":[{"start":[16,52],"name":"/Users/lmcphail/projects/BasicLambda/bower_components/purescript-transformers/src/Control/Monad/Writer/Trans.purs","end":[16,69]},"MonadReader"]},{"ValueRef":[{"start":[16,71],"name":"/Users/lmcphail/projects/BasicLambda/bower_components/purescript-transformers/src/Control/Monad/Writer/Trans.purs","end":[16,74]},{"Ident":"ask"}]},{"ValueRef":[{"start":[16,76],"name":"/Users/lmcphail/projects/BasicLambda/bower_components/purescript-transformers/src/Control/Monad/Writer/Trans.purs","end":[16,81]},{"Ident":"local"}]}]},"eiImportedAs":null},{"eiModule":["Control","Monad","Rec","Class"],"eiImportType":{"Explicit":[{"TypeClassRef":[{"start":[17,33],"name":"/Users/lmcphail/projects/BasicLambda/bower_components/purescript-transformers/src/Control/Monad/Writer/Trans.purs","end":[17,47]},"MonadRec"]},{"ValueRef":[{"start":[17,49],"name":"/Users/lmcphail/projects/BasicLambda/bower_components/purescript-transformers/src/Control/Monad/Writer/Trans.purs","end":[17,57]},{"Ident":"tailRecM"}]},{"TypeRef":[{"start":[17,59],"name":"/Users/lmcphail/projects/BasicLambda/bower_components/purescript-transformers/src/Control/Monad/Writer/Trans.purs","end":[17,67]},"Step",null]}]},"eiImportedAs":null},{"eiModule":["Control","Monad","State","Class"],"eiImportType":{"Explicit":[{"TypeClassRef":[{"start":[18,35],"name":"/Users/lmcphail/projects/BasicLambda/bower_components/purescript-transformers/src/Control/Monad/Writer/Trans.purs","end":[18,51]},"MonadState"]},{"ValueRef":[{"start":[18,53],"name":"/Users/lmcphail/projects/BasicLambda/bower_components/purescript-transformers/src/Control/Monad/Writer/Trans.purs","end":[18,58]},{"Ident":"state"}]}]},"eiImportedAs":null},{"eiModule":["Control","Monad","Trans","Class"],"eiImportType":{"Explicit":[{"TypeClassRef":[{"start":[19,35],"name":"/Users/lmcphail/projects/BasicLambda/bower_components/purescript-transformers/src/Control/Monad/Writer/Trans.purs","end":[19,51]},"MonadTrans"]},{"ValueRef":[{"start":[19,53],"name":"/Users/lmcphail/projects/BasicLambda/bower_components/purescript-transformers/src/Control/Monad/Writer/Trans.purs","end":[19,57]},{"Ident":"lift"}]}]},"eiImportedAs":null},{"eiModule":["Control","Monad","Writer","Class"],"eiImportType":{"Explicit":[{"TypeClassRef":[{"start":[20,36],"name":"/Users/lmcphail/projects/BasicLambda/bower_components/purescript-transformers/src/Control/Monad/Writer/Trans.purs","end":[20,51]},"MonadTell"]},{"ValueRef":[{"start":[20,53],"name":"/Users/lmcphail/projects/BasicLambda/bower_components/purescript-transformers/src/Control/Monad/Writer/Trans.purs","end":[20,57]},{"Ident":"tell"}]},{"TypeClassRef":[{"start":[20,59],"name":"/Users/lmcphail/projects/BasicLambda/bower_components/purescript-transformers/src/Control/Monad/Writer/Trans.purs","end":[20,76]},"MonadWriter"]},{"ValueRef":[{"start":[20,78],"name":"/Users/lmcphail/projects/BasicLambda/bower_components/purescript-transformers/src/Control/Monad/Writer/Trans.purs","end":[20,84]},{"Ident":"censor"}]},{"ValueRef":[{"start":[20,86],"name":"/Users/lmcphail/projects/BasicLambda/bower_components/purescript-transformers/src/Control/Monad/Writer/Trans.purs","end":[20,92]},{"Ident":"listen"}]},{"ValueRef":[{"start":[20,94],"name":"/Users/lmcphail/projects/BasicLambda/bower_components/purescript-transformers/src/Control/Monad/Writer/Trans.purs","end":[20,101]},{"Ident":"listens"}]},{"ValueRef":[{"start":[20,103],"name":"/Users/lmcphail/projects/BasicLambda/bower_components/purescript-transformers/src/Control/Monad/Writer/Trans.purs","end":[20,107]},{"Ident":"pass"}]}]},"eiImportedAs":null},{"eiModule":["Control","MonadPlus"],"eiImportType":{"Explicit":[{"TypeClassRef":[{"start":[21,27],"name":"/Users/lmcphail/projects/BasicLambda/bower_components/purescript-transformers/src/Control/Monad/Writer/Trans.purs","end":[21,42]},"MonadPlus"]}]},"eiImportedAs":null},{"eiModule":["Control","MonadZero"],"eiImportType":{"Explicit":[{"TypeClassRef":[{"start":[22,27],"name":"/Users/lmcphail/projects/BasicLambda/bower_components/purescript-transformers/src/Control/Monad/Writer/Trans.purs","end":[22,42]},"MonadZero"]}]},"eiImportedAs":null},{"eiModule":["Control","Plus"],"eiImportType":{"Explicit":[{"TypeClassRef":[{"start":[23,22],"name":"/Users/lmcphail/projects/BasicLambda/bower_components/purescript-transformers/src/Control/Monad/Writer/Trans.purs","end":[23,32]},"Plus"]},{"ValueRef":[{"start":[23,34],"name":"/Users/lmcphail/projects/BasicLambda/bower_components/purescript-transformers/src/Control/Monad/Writer/Trans.purs","end":[23,39]},{"Ident":"empty"}]}]},"eiImportedAs":null},{"eiModule":["Data","Monoid"],"eiImportType":{"Explicit":[{"TypeClassRef":[{"start":[25,21],"name":"/Users/lmcphail/projects/BasicLambda/bower_components/purescript-transformers/src/Control/Monad/Writer/Trans.purs","end":[25,33]},"Monoid"]},{"ValueRef":[{"start":[25,35],"name":"/Users/lmcphail/projects/BasicLambda/bower_components/purescript-transformers/src/Control/Monad/Writer/Trans.purs","end":[25,41]},{"Ident":"mempty"}]}]},"eiImportedAs":null},{"eiModule":["Data","Newtype"],"eiImportType":{"Explicit":[{"TypeClassRef":[{"start":[26,22],"name":"/Users/lmcphail/projects/BasicLambda/bower_components/purescript-transformers/src/Control/Monad/Writer/Trans.purs","end":[26,35]},"Newtype"]}]},"eiImportedAs":null},{"eiModule":["Data","Tuple"],"eiImportType":{"Explicit":[{"TypeRef":[{"start":[27,20],"name":"/Users/lmcphail/projects/BasicLambda/bower_components/purescript-transformers/src/Control/Monad/Writer/Trans.purs","end":[27,29]},"Tuple",null]},{"ValueRef":[{"start":[27,31],"name":"/Users/lmcphail/projects/BasicLambda/bower_components/purescript-transformers/src/Control/Monad/Writer/Trans.purs","end":[27,34]},{"Ident":"snd"}]}]},"eiImportedAs":null}],"efFixities":[],"efTypeFixities":[],"efDeclarations":[{"EDType":{"edTypeName":"WriterT","edTypeKind":{"tag":"FunKind","contents":[{"tag":"NamedKind","contents":[["Prim"],"Type"]},{"tag":"FunKind","contents":[{"tag":"FunKind","contents":[{"tag":"NamedKind","contents":[["Prim"],"Type"]},{"tag":"NamedKind","contents":[["Prim"],"Type"]}]},{"tag":"FunKind","contents":[{"tag":"NamedKind","contents":[["Prim"],"Type"]},{"tag":"NamedKind","contents":[["Prim"],"Type"]}]}]}]},"edTypeDeclarationKind":{"DataType":{"args":[["w",{"tag":"NamedKind","contents":[["Prim"],"Type"]}],["m",{"tag":"FunKind","contents":[{"tag":"NamedKind","contents":[["Prim"],"Type"]},{"tag":"NamedKind","contents":[["Prim"],"Type"]}]}],["a",{"tag":"NamedKind","contents":[["Prim"],"Type"]}]],"ctors":[["WriterT",[{"tag":"TypeApp","contents":[{"tag":"TypeVar","contents":"m"},{"tag":"TypeApp","contents":[{"tag":"TypeApp","contents":[{"tag":"TypeConstructor","contents":[["Data","Tuple"],"Tuple"]},{"tag":"TypeVar","contents":"a"}]},{"tag":"TypeVar","contents":"w"}]}]}]]]}}}},{"EDDataConstructor":{"edDataCtorName":"WriterT","edDataCtorOrigin":"newtype","edDataCtorTypeCtor":"WriterT","edDataCtorType":{"tag":"ForAll","contents":["a",{"tag":"ForAll","contents":["m",{"tag":"ForAll","contents":["w",{"tag":"TypeApp","contents":[{"tag":"TypeApp","contents":[{"tag":"TypeConstructor","contents":[["Prim"],"Function"]},{"tag":"TypeApp","contents":[{"tag":"TypeVar","contents":"m"},{"tag":"TypeApp","contents":[{"tag":"TypeApp","contents":[{"tag":"TypeConstructor","contents":[["Data","Tuple"],"Tuple"]},{"tag":"TypeVar","contents":"a"}]},{"tag":"TypeVar","contents":"w"}]}]}]},{"tag":"TypeApp","contents":[{"tag":"TypeApp","contents":[{"tag":"TypeApp","contents":[{"tag":"TypeConstructor","contents":[["Control","Monad","Writer","Trans"],"WriterT"]},{"tag":"TypeVar","contents":"w"}]},{"tag":"TypeVar","contents":"m"}]},{"tag":"TypeVar","contents":"a"}]}]},null]},null]},null]},"edDataCtorFields":[{"Ident":"value0"}]}},{"EDValue":{"edValueName":{"Ident":"execWriterT"},"edValueType":{"tag":"ForAll","contents":["a",{"tag":"ForAll","contents":["m",{"tag":"ForAll","contents":["w",{"tag":"ConstrainedType","contents":[{"constraintClass":[["Data","Functor"],"Functor"],"constraintArgs":[{"tag":"TypeVar","contents":"m"}],"constraintData":null},{"tag":"TypeApp","contents":[{"tag":"TypeApp","contents":[{"tag":"TypeConstructor","contents":[["Prim"],"Function"]},{"tag":"TypeApp","contents":[{"tag":"TypeApp","contents":[{"tag":"TypeApp","contents":[{"tag":"TypeConstructor","contents":[["Control","Monad","Writer","Trans"],"WriterT"]},{"tag":"TypeVar","contents":"w"}]},{"tag":"TypeVar","contents":"m"}]},{"tag":"TypeVar","contents":"a"}]}]},{"tag":"TypeApp","contents":[{"tag":"TypeVar","contents":"m"},{"tag":"TypeVar","contents":"w"}]}]}]},313]},314]},315]}}},{"EDValue":{"edValueName":{"Ident":"mapWriterT"},"edValueType":{"tag":"ForAll","contents":["b",{"tag":"ForAll","contents":["a",{"tag":"ForAll","contents":["m2",{"tag":"ForAll","contents":["m1",{"tag":"ForAll","contents":["w2",{"tag":"ForAll","contents":["w1",{"tag":"TypeApp","contents":[{"tag":"TypeApp","contents":[{"tag":"TypeConstructor","contents":[["Prim"],"Function"]},{"tag":"TypeApp","contents":[{"tag":"TypeApp","contents":[{"tag":"TypeConstructor","contents":[["Prim"],"Function"]},{"tag":"TypeApp","contents":[{"tag":"TypeVar","contents":"m1"},{"tag":"TypeApp","contents":[{"tag":"TypeApp","contents":[{"tag":"TypeConstructor","contents":[["Data","Tuple"],"Tuple"]},{"tag":"TypeVar","contents":"a"}]},{"tag":"TypeVar","contents":"w1"}]}]}]},{"tag":"TypeApp","contents":[{"tag":"TypeVar","contents":"m2"},{"tag":"TypeApp","contents":[{"tag":"TypeApp","contents":[{"tag":"TypeConstructor","contents":[["Data","Tuple"],"Tuple"]},{"tag":"TypeVar","contents":"b"}]},{"tag":"TypeVar","contents":"w2"}]}]}]}]},{"tag":"TypeApp","contents":[{"tag":"TypeApp","contents":[{"tag":"TypeConstructor","contents":[["Prim"],"Function"]},{"tag":"TypeApp","contents":[{"tag":"TypeApp","contents":[{"tag":"TypeApp","contents":[{"tag":"TypeConstructor","contents":[["Control","Monad","Writer","Trans"],"WriterT"]},{"tag":"TypeVar","contents":"w1"}]},{"tag":"TypeVar","contents":"m1"}]},{"tag":"TypeVar","contents":"a"}]}]},{"tag":"TypeApp","contents":[{"tag":"TypeApp","contents":[{"tag":"TypeApp","contents":[{"tag":"TypeConstructor","contents":[["Control","Monad","Writer","Trans"],"WriterT"]},{"tag":"TypeVar","contents":"w2"}]},{"tag":"TypeVar","contents":"m2"}]},{"tag":"TypeVar","contents":"b"}]}]}]},274]},275]},276]},277]},278]},279]}}},{"EDValue":{"edValueName":{"Ident":"runWriterT"},"edValueType":{"tag":"ForAll","contents":["a",{"tag":"ForAll","contents":["m",{"tag":"ForAll","contents":["w",{"tag":"TypeApp","contents":[{"tag":"TypeApp","contents":[{"tag":"TypeConstructor","contents":[["Prim"],"Function"]},{"tag":"TypeApp","contents":[{"tag":"TypeApp","contents":[{"tag":"TypeApp","contents":[{"tag":"TypeConstructor","contents":[["Control","Monad","Writer","Trans"],"WriterT"]},{"tag":"TypeVar","contents":"w"}]},{"tag":"TypeVar","contents":"m"}]},{"tag":"TypeVar","contents":"a"}]}]},{"tag":"TypeApp","contents":[{"tag":"TypeVar","contents":"m"},{"tag":"TypeApp","contents":[{"tag":"TypeApp","contents":[{"tag":"TypeConstructor","contents":[["Data","Tuple"],"Tuple"]},{"tag":"TypeVar","contents":"a"}]},{"tag":"TypeVar","contents":"w"}]}]}]},0]},1]},2]}}},{"EDInstance":{"edInstanceClassName":[["Data","Newtype"],"Newtype"],"edInstanceName":{"Ident":"newtypeWriterT"},"edInstanceTypes":[{"tag":"TypeApp","contents":[{"tag":"TypeApp","contents":[{"tag":"TypeApp","contents":[{"tag":"TypeConstructor","contents":[["Control","Monad","Writer","Trans"],"WriterT"]},{"tag":"TypeVar","contents":"w"}]},{"tag":"TypeVar","contents":"m"}]},{"tag":"TypeVar","contents":"a"}]},{"tag":"TypeApp","contents":[{"tag":"TypeVar","contents":"m"},{"tag":"TypeApp","contents":[{"tag":"TypeApp","contents":[{"tag":"TypeConstructor","contents":[["Data","Tuple"],"Tuple"]},{"tag":"TypeVar","contents":"a"}]},{"tag":"TypeVar","contents":"w"}]}]}],"edInstanceConstraints":[]}},{"EDInstance":{"edInstanceClassName":[["Data","Functor"],"Functor"],"edInstanceName":{"Ident":"functorWriterT"},"edInstanceTypes":[{"tag":"TypeApp","contents":[{"tag":"TypeApp","contents":[{"tag":"TypeConstructor","contents":[["Control","Monad","Writer","Trans"],"WriterT"]},{"tag":"TypeVar","contents":"w"}]},{"tag":"TypeVar","contents":"m"}]}],"edInstanceConstraints":[{"constraintClass":[["Data","Functor"],"Functor"],"constraintArgs":[{"tag":"TypeVar","contents":"m"}],"constraintData":null}]}},{"EDInstance":{"edInstanceClassName":[["Control","Apply"],"Apply"],"edInstanceName":{"Ident":"applyWriterT"},"edInstanceTypes":[{"tag":"TypeApp","contents":[{"tag":"TypeApp","contents":[{"tag":"TypeConstructor","contents":[["Control","Monad","Writer","Trans"],"WriterT"]},{"tag":"TypeVar","contents":"w"}]},{"tag":"TypeVar","contents":"m"}]}],"edInstanceConstraints":[{"constraintClass":[["Data","Semigroup"],"Semigroup"],"constraintArgs":[{"tag":"TypeVar","contents":"w"}],"constraintData":null},{"constraintClass":[["Control","Apply"],"Apply"],"constraintArgs":[{"tag":"TypeVar","contents":"m"}],"constraintData":null}]}},{"EDInstance":{"edInstanceClassName":[["Control","Applicative"],"Applicative"],"edInstanceName":{"Ident":"applicativeWriterT"},"edInstanceTypes":[{"tag":"TypeApp","contents":[{"tag":"TypeApp","contents":[{"tag":"TypeConstructor","contents":[["Control","Monad","Writer","Trans"],"WriterT"]},{"tag":"TypeVar","contents":"w"}]},{"tag":"TypeVar","contents":"m"}]}],"edInstanceConstraints":[{"constraintClass":[["Data","Monoid"],"Monoid"],"constraintArgs":[{"tag":"TypeVar","contents":"w"}],"constraintData":null},{"constraintClass":[["Control","Applicative"],"Applicative"],"constraintArgs":[{"tag":"TypeVar","contents":"m"}],"constraintData":null}]}},{"EDInstance":{"edInstanceClassName":[["Control","Alt"],"Alt"],"edInstanceName":{"Ident":"altWriterT"},"edInstanceTypes":[{"tag":"TypeApp","contents":[{"tag":"TypeApp","contents":[{"tag":"TypeConstructor","contents":[["Control","Monad","Writer","Trans"],"WriterT"]},{"tag":"TypeVar","contents":"w"}]},{"tag":"TypeVar","contents":"m"}]}],"edInstanceConstraints":[{"constraintClass":[["Control","Alt"],"Alt"],"constraintArgs":[{"tag":"TypeVar","contents":"m"}],"constraintData":null}]}},{"EDInstance":{"edInstanceClassName":[["Control","Plus"],"Plus"],"edInstanceName":{"Ident":"plusWriterT"},"edInstanceTypes":[{"tag":"TypeApp","contents":[{"tag":"TypeApp","contents":[{"tag":"TypeConstructor","contents":[["Control","Monad","Writer","Trans"],"WriterT"]},{"tag":"TypeVar","contents":"w"}]},{"tag":"TypeVar","contents":"m"}]}],"edInstanceConstraints":[{"constraintClass":[["Control","Plus"],"Plus"],"constraintArgs":[{"tag":"TypeVar","contents":"m"}],"constraintData":null}]}},{"EDInstance":{"edInstanceClassName":[["Control","Alternative"],"Alternative"],"edInstanceName":{"Ident":"alternativeWriterT"},"edInstanceTypes":[{"tag":"TypeApp","contents":[{"tag":"TypeApp","contents":[{"tag":"TypeConstructor","contents":[["Control","Monad","Writer","Trans"],"WriterT"]},{"tag":"TypeVar","contents":"w"}]},{"tag":"TypeVar","contents":"m"}]}],"edInstanceConstraints":[{"constraintClass":[["Data","Monoid"],"Monoid"],"constraintArgs":[{"tag":"TypeVar","contents":"w"}],"constraintData":null},{"constraintClass":[["Control","Alternative"],"Alternative"],"constraintArgs":[{"tag":"TypeVar","contents":"m"}],"constraintData":null}]}},{"EDInstance":{"edInstanceClassName":[["Control","Bind"],"Bind"],"edInstanceName":{"Ident":"bindWriterT"},"edInstanceTypes":[{"tag":"TypeApp","contents":[{"tag":"TypeApp","contents":[{"tag":"TypeConstructor","contents":[["Control","Monad","Writer","Trans"],"WriterT"]},{"tag":"TypeVar","contents":"w"}]},{"tag":"TypeVar","contents":"m"}]}],"edInstanceConstraints":[{"constraintClass":[["Data","Semigroup"],"Semigroup"],"constraintArgs":[{"tag":"TypeVar","contents":"w"}],"constraintData":null},{"constraintClass":[["Control","Bind"],"Bind"],"constraintArgs":[{"tag":"TypeVar","contents":"m"}],"constraintData":null}]}},{"EDInstance":{"edInstanceClassName":[["Control","Monad"],"Monad"],"edInstanceName":{"Ident":"monadWriterT"},"edInstanceTypes":[{"tag":"TypeApp","contents":[{"tag":"TypeApp","contents":[{"tag":"TypeConstructor","contents":[["Control","Monad","Writer","Trans"],"WriterT"]},{"tag":"TypeVar","contents":"w"}]},{"tag":"TypeVar","contents":"m"}]}],"edInstanceConstraints":[{"constraintClass":[["Data","Monoid"],"Monoid"],"constraintArgs":[{"tag":"TypeVar","contents":"w"}],"constraintData":null},{"constraintClass":[["Control","Monad"],"Monad"],"constraintArgs":[{"tag":"TypeVar","contents":"m"}],"constraintData":null}]}},{"EDInstance":{"edInstanceClassName":[["Control","Monad","Rec","Class"],"MonadRec"],"edInstanceName":{"Ident":"monadRecWriterT"},"edInstanceTypes":[{"tag":"TypeApp","contents":[{"tag":"TypeApp","contents":[{"tag":"TypeConstructor","contents":[["Control","Monad","Writer","Trans"],"WriterT"]},{"tag":"TypeVar","contents":"w"}]},{"tag":"TypeVar","contents":"m"}]}],"edInstanceConstraints":[{"constraintClass":[["Data","Monoid"],"Monoid"],"constraintArgs":[{"tag":"TypeVar","contents":"w"}],"constraintData":null},{"constraintClass":[["Control","Monad","Rec","Class"],"MonadRec"],"constraintArgs":[{"tag":"TypeVar","contents":"m"}],"constraintData":null}]}},{"EDInstance":{"edInstanceClassName":[["Control","MonadZero"],"MonadZero"],"edInstanceName":{"Ident":"monadZeroWriterT"},"edInstanceTypes":[{"tag":"TypeApp","contents":[{"tag":"TypeApp","contents":[{"tag":"TypeConstructor","contents":[["Control","Monad","Writer","Trans"],"WriterT"]},{"tag":"TypeVar","contents":"w"}]},{"tag":"TypeVar","contents":"m"}]}],"edInstanceConstraints":[{"constraintClass":[["Data","Monoid"],"Monoid"],"constraintArgs":[{"tag":"TypeVar","contents":"w"}],"constraintData":null},{"constraintClass":[["Control","MonadZero"],"MonadZero"],"constraintArgs":[{"tag":"TypeVar","contents":"m"}],"constraintData":null}]}},{"EDInstance":{"edInstanceClassName":[["Control","MonadPlus"],"MonadPlus"],"edInstanceName":{"Ident":"monadPlusWriterT"},"edInstanceTypes":[{"tag":"TypeApp","contents":[{"tag":"TypeApp","contents":[{"tag":"TypeConstructor","contents":[["Control","Monad","Writer","Trans"],"WriterT"]},{"tag":"TypeVar","contents":"w"}]},{"tag":"TypeVar","contents":"m"}]}],"edInstanceConstraints":[{"constraintClass":[["Data","Monoid"],"Monoid"],"constraintArgs":[{"tag":"TypeVar","contents":"w"}],"constraintData":null},{"constraintClass":[["Control","MonadPlus"],"MonadPlus"],"constraintArgs":[{"tag":"TypeVar","contents":"m"}],"constraintData":null}]}},{"EDInstance":{"edInstanceClassName":[["Control","Monad","Trans","Class"],"MonadTrans"],"edInstanceName":{"Ident":"monadTransWriterT"},"edInstanceTypes":[{"tag":"TypeApp","contents":[{"tag":"TypeConstructor","contents":[["Control","Monad","Writer","Trans"],"WriterT"]},{"tag":"TypeVar","contents":"w"}]}],"edInstanceConstraints":[{"constraintClass":[["Data","Monoid"],"Monoid"],"constraintArgs":[{"tag":"TypeVar","contents":"w"}],"constraintData":null}]}},{"EDInstance":{"edInstanceClassName":[["Control","Monad","Eff","Class"],"MonadEff"],"edInstanceName":{"Ident":"monadEffWriter"},"edInstanceTypes":[{"tag":"TypeVar","contents":"eff"},{"tag":"TypeApp","contents":[{"tag":"TypeApp","contents":[{"tag":"TypeConstructor","contents":[["Control","Monad","Writer","Trans"],"WriterT"]},{"tag":"TypeVar","contents":"w"}]},{"tag":"TypeVar","contents":"m"}]}],"edInstanceConstraints":[{"constraintClass":[["Data","Monoid"],"Monoid"],"constraintArgs":[{"tag":"TypeVar","contents":"w"}],"constraintData":null},{"constraintClass":[["Control","Monad","Eff","Class"],"MonadEff"],"constraintArgs":[{"tag":"TypeVar","contents":"eff"},{"tag":"TypeVar","contents":"m"}],"constraintData":null}]}},{"EDInstance":{"edInstanceClassName":[["Control","Monad","Cont","Class"],"MonadCont"],"edInstanceName":{"Ident":"monadContWriterT"},"edInstanceTypes":[{"tag":"TypeApp","contents":[{"tag":"TypeApp","contents":[{"tag":"TypeConstructor","contents":[["Control","Monad","Writer","Trans"],"WriterT"]},{"tag":"TypeVar","contents":"w"}]},{"tag":"TypeVar","contents":"m"}]}],"edInstanceConstraints":[{"constraintClass":[["Data","Monoid"],"Monoid"],"constraintArgs":[{"tag":"TypeVar","contents":"w"}],"constraintData":null},{"constraintClass":[["Control","Monad","Cont","Class"],"MonadCont"],"constraintArgs":[{"tag":"TypeVar","contents":"m"}],"constraintData":null}]}},{"EDInstance":{"edInstanceClassName":[["Control","Monad","Error","Class"],"MonadThrow"],"edInstanceName":{"Ident":"monadThrowWriterT"},"edInstanceTypes":[{"tag":"TypeVar","contents":"e"},{"tag":"TypeApp","contents":[{"tag":"TypeApp","contents":[{"tag":"TypeConstructor","contents":[["Control","Monad","Writer","Trans"],"WriterT"]},{"tag":"TypeVar","contents":"w"}]},{"tag":"TypeVar","contents":"m"}]}],"edInstanceConstraints":[{"constraintClass":[["Data","Monoid"],"Monoid"],"constraintArgs":[{"tag":"TypeVar","contents":"w"}],"constraintData":null},{"constraintClass":[["Control","Monad","Error","Class"],"MonadThrow"],"constraintArgs":[{"tag":"TypeVar","contents":"e"},{"tag":"TypeVar","contents":"m"}],"constraintData":null}]}},{"EDInstance":{"edInstanceClassName":[["Control","Monad","Error","Class"],"MonadError"],"edInstanceName":{"Ident":"monadErrorWriterT"},"edInstanceTypes":[{"tag":"TypeVar","contents":"e"},{"tag":"TypeApp","contents":[{"tag":"TypeApp","contents":[{"tag":"TypeConstructor","contents":[["Control","Monad","Writer","Trans"],"WriterT"]},{"tag":"TypeVar","contents":"w"}]},{"tag":"TypeVar","contents":"m"}]}],"edInstanceConstraints":[{"constraintClass":[["Data","Monoid"],"Monoid"],"constraintArgs":[{"tag":"TypeVar","contents":"w"}],"constraintData":null},{"constraintClass":[["Control","Monad","Error","Class"],"MonadError"],"constraintArgs":[{"tag":"TypeVar","contents":"e"},{"tag":"TypeVar","contents":"m"}],"constraintData":null}]}},{"EDInstance":{"edInstanceClassName":[["Control","Monad","Reader","Class"],"MonadAsk"],"edInstanceName":{"Ident":"monadAskWriterT"},"edInstanceTypes":[{"tag":"TypeVar","contents":"r"},{"tag":"TypeApp","contents":[{"tag":"TypeApp","contents":[{"tag":"TypeConstructor","contents":[["Control","Monad","Writer","Trans"],"WriterT"]},{"tag":"TypeVar","contents":"w"}]},{"tag":"TypeVar","contents":"m"}]}],"edInstanceConstraints":[{"constraintClass":[["Data","Monoid"],"Monoid"],"constraintArgs":[{"tag":"TypeVar","contents":"w"}],"constraintData":null},{"constraintClass":[["Control","Monad","Reader","Class"],"MonadAsk"],"constraintArgs":[{"tag":"TypeVar","contents":"r"},{"tag":"TypeVar","contents":"m"}],"constraintData":null}]}},{"EDInstance":{"edInstanceClassName":[["Control","Monad","Reader","Class"],"MonadReader"],"edInstanceName":{"Ident":"monadReaderWriterT"},"edInstanceTypes":[{"tag":"TypeVar","contents":"r"},{"tag":"TypeApp","contents":[{"tag":"TypeApp","contents":[{"tag":"TypeConstructor","contents":[["Control","Monad","Writer","Trans"],"WriterT"]},{"tag":"TypeVar","contents":"w"}]},{"tag":"TypeVar","contents":"m"}]}],"edInstanceConstraints":[{"constraintClass":[["Data","Monoid"],"Monoid"],"constraintArgs":[{"tag":"TypeVar","contents":"w"}],"constraintData":null},{"constraintClass":[["Control","Monad","Reader","Class"],"MonadReader"],"constraintArgs":[{"tag":"TypeVar","contents":"r"},{"tag":"TypeVar","contents":"m"}],"constraintData":null}]}},{"EDInstance":{"edInstanceClassName":[["Control","Monad","State","Class"],"MonadState"],"edInstanceName":{"Ident":"monadStateWriterT"},"edInstanceTypes":[{"tag":"TypeVar","contents":"s"},{"tag":"TypeApp","contents":[{"tag":"TypeApp","contents":[{"tag":"TypeConstructor","contents":[["Control","Monad","Writer","Trans"],"WriterT"]},{"tag":"TypeVar","contents":"w"}]},{"tag":"TypeVar","contents":"m"}]}],"edInstanceConstraints":[{"constraintClass":[["Data","Monoid"],"Monoid"],"constraintArgs":[{"tag":"TypeVar","contents":"w"}],"constraintData":null},{"constraintClass":[["Control","Monad","State","Class"],"MonadState"],"constraintArgs":[{"tag":"TypeVar","contents":"s"},{"tag":"TypeVar","contents":"m"}],"constraintData":null}]}},{"EDInstance":{"edInstanceClassName":[["Control","Monad","Writer","Class"],"MonadTell"],"edInstanceName":{"Ident":"monadTellWriterT"},"edInstanceTypes":[{"tag":"TypeVar","contents":"w"},{"tag":"TypeApp","contents":[{"tag":"TypeApp","contents":[{"tag":"TypeConstructor","contents":[["Control","Monad","Writer","Trans"],"WriterT"]},{"tag":"TypeVar","contents":"w"}]},{"tag":"TypeVar","contents":"m"}]}],"edInstanceConstraints":[{"constraintClass":[["Data","Monoid"],"Monoid"],"constraintArgs":[{"tag":"TypeVar","contents":"w"}],"constraintData":null},{"constraintClass":[["Control","Monad"],"Monad"],"constraintArgs":[{"tag":"TypeVar","contents":"m"}],"constraintData":null}]}},{"EDInstance":{"edInstanceClassName":[["Control","Monad","Writer","Class"],"MonadWriter"],"edInstanceName":{"Ident":"monadWriterWriterT"},"edInstanceTypes":[{"tag":"TypeVar","contents":"w"},{"tag":"TypeApp","contents":[{"tag":"TypeApp","contents":[{"tag":"TypeConstructor","contents":[["Control","Monad","Writer","Trans"],"WriterT"]},{"tag":"TypeVar","contents":"w"}]},{"tag":"TypeVar","contents":"m"}]}],"edInstanceConstraints":[{"constraintClass":[["Data","Monoid"],"Monoid"],"constraintArgs":[{"tag":"TypeVar","contents":"w"}],"constraintData":null},{"constraintClass":[["Control","Monad"],"Monad"],"constraintArgs":[{"tag":"TypeVar","contents":"m"}],"constraintData":null}]}}],"efSourceSpan":{"start":[1,1],"name":"/Users/lmcphail/projects/BasicLambda/bower_components/purescript-transformers/src/Control/Monad/Writer/Trans.purs","end":[129,24]}}