{"efVersion":"0.11.6","efModuleName":["Type","Prelude"],"efExports":[{"ReExportRef":[{"start":[1,1],"name":"/Users/lmcphail/projects/BasicLambda/bower_components/purescript-typelevel-prelude/src/Type/Prelude.purs","end":[15,91]},["Type","Data","Boolean"],{"TypeRef":[{"start":[1,1],"name":"/Users/lmcphail/projects/BasicLambda/bower_components/purescript-typelevel-prelude/src/Type/Prelude.purs","end":[15,91]},"BProxy",["BProxy"]]}]},{"ReExportRef":[{"start":[1,1],"name":"/Users/lmcphail/projects/BasicLambda/bower_components/purescript-typelevel-prelude/src/Type/Prelude.purs","end":[15,91]},["Type","Data","Ordering"],{"TypeRef":[{"start":[1,1],"name":"/Users/lmcphail/projects/BasicLambda/bower_components/purescript-typelevel-prelude/src/Type/Prelude.purs","end":[15,91]},"EQ",[]]}]},{"ReExportRef":[{"start":[1,1],"name":"/Users/lmcphail/projects/BasicLambda/bower_components/purescript-typelevel-prelude/src/Type/Prelude.purs","end":[15,91]},["Type","Data","Boolean"],{"TypeRef":[{"start":[1,1],"name":"/Users/lmcphail/projects/BasicLambda/bower_components/purescript-typelevel-prelude/src/Type/Prelude.purs","end":[15,91]},"False",[]]}]},{"ReExportRef":[{"start":[1,1],"name":"/Users/lmcphail/projects/BasicLambda/bower_components/purescript-typelevel-prelude/src/Type/Prelude.purs","end":[15,91]},["Type","Data","Ordering"],{"TypeRef":[{"start":[1,1],"name":"/Users/lmcphail/projects/BasicLambda/bower_components/purescript-typelevel-prelude/src/Type/Prelude.purs","end":[15,91]},"GT",[]]}]},{"ReExportRef":[{"start":[1,1],"name":"/Users/lmcphail/projects/BasicLambda/bower_components/purescript-typelevel-prelude/src/Type/Prelude.purs","end":[15,91]},["Type","Data","Ordering"],{"TypeRef":[{"start":[1,1],"name":"/Users/lmcphail/projects/BasicLambda/bower_components/purescript-typelevel-prelude/src/Type/Prelude.purs","end":[15,91]},"LT",[]]}]},{"ReExportRef":[{"start":[1,1],"name":"/Users/lmcphail/projects/BasicLambda/bower_components/purescript-typelevel-prelude/src/Type/Prelude.purs","end":[15,91]},["Type","Data","Ordering"],{"TypeRef":[{"start":[1,1],"name":"/Users/lmcphail/projects/BasicLambda/bower_components/purescript-typelevel-prelude/src/Type/Prelude.purs","end":[15,91]},"OProxy",["OProxy"]]}]},{"ReExportRef":[{"start":[1,1],"name":"/Users/lmcphail/projects/BasicLambda/bower_components/purescript-typelevel-prelude/src/Type/Prelude.purs","end":[15,91]},["Type","Proxy"],{"TypeRef":[{"start":[1,1],"name":"/Users/lmcphail/projects/BasicLambda/bower_components/purescript-typelevel-prelude/src/Type/Prelude.purs","end":[15,91]},"Proxy",["Proxy"]]}]},{"ReExportRef":[{"start":[1,1],"name":"/Users/lmcphail/projects/BasicLambda/bower_components/purescript-typelevel-prelude/src/Type/Prelude.purs","end":[15,91]},["Type","Row"],{"TypeRef":[{"start":[1,1],"name":"/Users/lmcphail/projects/BasicLambda/bower_components/purescript-typelevel-prelude/src/Type/Prelude.purs","end":[15,91]},"RLProxy",["RLProxy"]]}]},{"ReExportRef":[{"start":[1,1],"name":"/Users/lmcphail/projects/BasicLambda/bower_components/purescript-typelevel-prelude/src/Type/Prelude.purs","end":[15,91]},["Type","Row"],{"TypeRef":[{"start":[1,1],"name":"/Users/lmcphail/projects/BasicLambda/bower_components/purescript-typelevel-prelude/src/Type/Prelude.purs","end":[15,91]},"RProxy",["RProxy"]]}]},{"ReExportRef":[{"start":[1,1],"name":"/Users/lmcphail/projects/BasicLambda/bower_components/purescript-typelevel-prelude/src/Type/Prelude.purs","end":[15,91]},["Data","Symbol"],{"TypeRef":[{"start":[1,1],"name":"/Users/lmcphail/projects/BasicLambda/bower_components/purescript-typelevel-prelude/src/Type/Prelude.purs","end":[15,91]},"SProxy",["SProxy"]]}]},{"ReExportRef":[{"start":[1,1],"name":"/Users/lmcphail/projects/BasicLambda/bower_components/purescript-typelevel-prelude/src/Type/Prelude.purs","end":[15,91]},["Type","Data","Boolean"],{"TypeRef":[{"start":[1,1],"name":"/Users/lmcphail/projects/BasicLambda/bower_components/purescript-typelevel-prelude/src/Type/Prelude.purs","end":[15,91]},"True",[]]}]},{"ReExportRef":[{"start":[1,1],"name":"/Users/lmcphail/projects/BasicLambda/bower_components/purescript-typelevel-prelude/src/Type/Prelude.purs","end":[15,91]},["Type","Data","Symbol"],{"TypeClassRef":[{"start":[1,1],"name":"/Users/lmcphail/projects/BasicLambda/bower_components/purescript-typelevel-prelude/src/Type/Prelude.purs","end":[15,91]},"AppendSymbol"]}]},{"ReExportRef":[{"start":[1,1],"name":"/Users/lmcphail/projects/BasicLambda/bower_components/purescript-typelevel-prelude/src/Type/Prelude.purs","end":[15,91]},["Type","Data","Symbol"],{"TypeClassRef":[{"start":[1,1],"name":"/Users/lmcphail/projects/BasicLambda/bower_components/purescript-typelevel-prelude/src/Type/Prelude.purs","end":[15,91]},"CompareSymbol"]}]},{"ReExportRef":[{"start":[1,1],"name":"/Users/lmcphail/projects/BasicLambda/bower_components/purescript-typelevel-prelude/src/Type/Prelude.purs","end":[15,91]},["Type","Data","Boolean"],{"TypeClassRef":[{"start":[1,1],"name":"/Users/lmcphail/projects/BasicLambda/bower_components/purescript-typelevel-prelude/src/Type/Prelude.purs","end":[15,91]},"IsBoolean"]}]},{"ReExportRef":[{"start":[1,1],"name":"/Users/lmcphail/projects/BasicLambda/bower_components/purescript-typelevel-prelude/src/Type/Prelude.purs","end":[15,91]},["Type","Data","Ordering"],{"TypeClassRef":[{"start":[1,1],"name":"/Users/lmcphail/projects/BasicLambda/bower_components/purescript-typelevel-prelude/src/Type/Prelude.purs","end":[15,91]},"IsOrdering"]}]},{"ReExportRef":[{"start":[1,1],"name":"/Users/lmcphail/projects/BasicLambda/bower_components/purescript-typelevel-prelude/src/Type/Prelude.purs","end":[15,91]},["Data","Symbol"],{"TypeClassRef":[{"start":[1,1],"name":"/Users/lmcphail/projects/BasicLambda/bower_components/purescript-typelevel-prelude/src/Type/Prelude.purs","end":[15,91]},"IsSymbol"]}]},{"ReExportRef":[{"start":[1,1],"name":"/Users/lmcphail/projects/BasicLambda/bower_components/purescript-typelevel-prelude/src/Type/Prelude.purs","end":[15,91]},["Type","Row"],{"TypeClassRef":[{"start":[1,1],"name":"/Users/lmcphail/projects/BasicLambda/bower_components/purescript-typelevel-prelude/src/Type/Prelude.purs","end":[15,91]},"ListToRow"]}]},{"ReExportRef":[{"start":[1,1],"name":"/Users/lmcphail/projects/BasicLambda/bower_components/purescript-typelevel-prelude/src/Type/Prelude.purs","end":[15,91]},["Type","Row"],{"TypeClassRef":[{"start":[1,1],"name":"/Users/lmcphail/projects/BasicLambda/bower_components/purescript-typelevel-prelude/src/Type/Prelude.purs","end":[15,91]},"RowLacks"]}]},{"ReExportRef":[{"start":[1,1],"name":"/Users/lmcphail/projects/BasicLambda/bower_components/purescript-typelevel-prelude/src/Type/Prelude.purs","end":[15,91]},["Type","Row"],{"TypeClassRef":[{"start":[1,1],"name":"/Users/lmcphail/projects/BasicLambda/bower_components/purescript-typelevel-prelude/src/Type/Prelude.purs","end":[15,91]},"RowToList"]}]},{"ReExportRef":[{"start":[1,1],"name":"/Users/lmcphail/projects/BasicLambda/bower_components/purescript-typelevel-prelude/src/Type/Prelude.purs","end":[15,91]},["Type","Equality"],{"TypeClassRef":[{"start":[1,1],"name":"/Users/lmcphail/projects/BasicLambda/bower_components/purescript-typelevel-prelude/src/Type/Prelude.purs","end":[15,91]},"TypeEquals"]}]},{"ReExportRef":[{"start":[1,1],"name":"/Users/lmcphail/projects/BasicLambda/bower_components/purescript-typelevel-prelude/src/Type/Prelude.purs","end":[15,91]},["Type","Data","Symbol"],{"ValueRef":[{"start":[1,1],"name":"/Users/lmcphail/projects/BasicLambda/bower_components/purescript-typelevel-prelude/src/Type/Prelude.purs","end":[15,91]},{"Ident":"appendSymbol"}]}]},{"ReExportRef":[{"start":[1,1],"name":"/Users/lmcphail/projects/BasicLambda/bower_components/purescript-typelevel-prelude/src/Type/Prelude.purs","end":[15,91]},["Type","Data","Symbol"],{"ValueRef":[{"start":[1,1],"name":"/Users/lmcphail/projects/BasicLambda/bower_components/purescript-typelevel-prelude/src/Type/Prelude.purs","end":[15,91]},{"Ident":"compareSymbol"}]}]},{"ReExportRef":[{"start":[1,1],"name":"/Users/lmcphail/projects/BasicLambda/bower_components/purescript-typelevel-prelude/src/Type/Prelude.purs","end":[15,91]},["Type","Equality"],{"ValueRef":[{"start":[1,1],"name":"/Users/lmcphail/projects/BasicLambda/bower_components/purescript-typelevel-prelude/src/Type/Prelude.purs","end":[15,91]},{"Ident":"from"}]}]},{"ReExportRef":[{"start":[1,1],"name":"/Users/lmcphail/projects/BasicLambda/bower_components/purescript-typelevel-prelude/src/Type/Prelude.purs","end":[15,91]},["Type","Data","Boolean"],{"ValueRef":[{"start":[1,1],"name":"/Users/lmcphail/projects/BasicLambda/bower_components/purescript-typelevel-prelude/src/Type/Prelude.purs","end":[15,91]},{"Ident":"reflectBoolean"}]}]},{"ReExportRef":[{"start":[1,1],"name":"/Users/lmcphail/projects/BasicLambda/bower_components/purescript-typelevel-prelude/src/Type/Prelude.purs","end":[15,91]},["Type","Data","Ordering"],{"ValueRef":[{"start":[1,1],"name":"/Users/lmcphail/projects/BasicLambda/bower_components/purescript-typelevel-prelude/src/Type/Prelude.purs","end":[15,91]},{"Ident":"reflectOrdering"}]}]},{"ReExportRef":[{"start":[1,1],"name":"/Users/lmcphail/projects/BasicLambda/bower_components/purescript-typelevel-prelude/src/Type/Prelude.purs","end":[15,91]},["Data","Symbol"],{"ValueRef":[{"start":[1,1],"name":"/Users/lmcphail/projects/BasicLambda/bower_components/purescript-typelevel-prelude/src/Type/Prelude.purs","end":[15,91]},{"Ident":"reflectSymbol"}]}]},{"ReExportRef":[{"start":[1,1],"name":"/Users/lmcphail/projects/BasicLambda/bower_components/purescript-typelevel-prelude/src/Type/Prelude.purs","end":[15,91]},["Type","Data","Boolean"],{"ValueRef":[{"start":[1,1],"name":"/Users/lmcphail/projects/BasicLambda/bower_components/purescript-typelevel-prelude/src/Type/Prelude.purs","end":[15,91]},{"Ident":"reifyBoolean"}]}]},{"ReExportRef":[{"start":[1,1],"name":"/Users/lmcphail/projects/BasicLambda/bower_components/purescript-typelevel-prelude/src/Type/Prelude.purs","end":[15,91]},["Type","Data","Ordering"],{"ValueRef":[{"start":[1,1],"name":"/Users/lmcphail/projects/BasicLambda/bower_components/purescript-typelevel-prelude/src/Type/Prelude.purs","end":[15,91]},{"Ident":"reifyOrdering"}]}]},{"ReExportRef":[{"start":[1,1],"name":"/Users/lmcphail/projects/BasicLambda/bower_components/purescript-typelevel-prelude/src/Type/Prelude.purs","end":[15,91]},["Data","Symbol"],{"ValueRef":[{"start":[1,1],"name":"/Users/lmcphail/projects/BasicLambda/bower_components/purescript-typelevel-prelude/src/Type/Prelude.purs","end":[15,91]},{"Ident":"reifySymbol"}]}]},{"ReExportRef":[{"start":[1,1],"name":"/Users/lmcphail/projects/BasicLambda/bower_components/purescript-typelevel-prelude/src/Type/Prelude.purs","end":[15,91]},["Type","Equality"],{"ValueRef":[{"start":[1,1],"name":"/Users/lmcphail/projects/BasicLambda/bower_components/purescript-typelevel-prelude/src/Type/Prelude.purs","end":[15,91]},{"Ident":"to"}]}]},{"ReExportRef":[{"start":[1,1],"name":"/Users/lmcphail/projects/BasicLambda/bower_components/purescript-typelevel-prelude/src/Type/Prelude.purs","end":[15,91]},["Type","Data","Boolean"],{"KindRef":[{"start":[1,1],"name":"/Users/lmcphail/projects/BasicLambda/bower_components/purescript-typelevel-prelude/src/Type/Prelude.purs","end":[15,91]},"Boolean"]}]},{"ReExportRef":[{"start":[1,1],"name":"/Users/lmcphail/projects/BasicLambda/bower_components/purescript-typelevel-prelude/src/Type/Prelude.purs","end":[15,91]},["Type","Data","Ordering"],{"KindRef":[{"start":[1,1],"name":"/Users/lmcphail/projects/BasicLambda/bower_components/purescript-typelevel-prelude/src/Type/Prelude.purs","end":[15,91]},"Ordering"]}]},{"ModuleRef":[{"start":[2,5],"name":"/Users/lmcphail/projects/BasicLambda/bower_components/purescript-typelevel-prelude/src/Type/Prelude.purs","end":[2,29]},["Type","Data","Boolean"]]},{"ModuleRef":[{"start":[3,5],"name":"/Users/lmcphail/projects/BasicLambda/bower_components/purescript-typelevel-prelude/src/Type/Prelude.purs","end":[3,30]},["Type","Data","Ordering"]]},{"ModuleRef":[{"start":[4,5],"name":"/Users/lmcphail/projects/BasicLambda/bower_components/purescript-typelevel-prelude/src/Type/Prelude.purs","end":[4,28]},["Type","Data","Symbol"]]},{"ModuleRef":[{"start":[5,5],"name":"/Users/lmcphail/projects/BasicLambda/bower_components/purescript-typelevel-prelude/src/Type/Prelude.purs","end":[5,25]},["Type","Equality"]]},{"ModuleRef":[{"start":[6,5],"name":"/Users/lmcphail/projects/BasicLambda/bower_components/purescript-typelevel-prelude/src/Type/Prelude.purs","end":[6,22]},["Type","Proxy"]]},{"ModuleRef":[{"start":[7,5],"name":"/Users/lmcphail/projects/BasicLambda/bower_components/purescript-typelevel-prelude/src/Type/Prelude.purs","end":[7,20]},["Type","Row"]]}],"efImports":[{"eiModule":["Prim"],"eiImportType":{"Implicit":[]},"eiImportedAs":null},{"eiModule":["Prim"],"eiImportType":{"Implicit":[]},"eiImportedAs":["Prim"]},{"eiModule":["Type","Data","Boolean"],"eiImportType":{"Explicit":[{"KindRef":[{"start":[10,27],"name":"/Users/lmcphail/projects/BasicLambda/bower_components/purescript-typelevel-prelude/src/Type/Prelude.purs","end":[10,39]},"Boolean"]},{"TypeRef":[{"start":[10,41],"name":"/Users/lmcphail/projects/BasicLambda/bower_components/purescript-typelevel-prelude/src/Type/Prelude.purs","end":[10,45]},"True",[]]},{"TypeRef":[{"start":[10,47],"name":"/Users/lmcphail/projects/BasicLambda/bower_components/purescript-typelevel-prelude/src/Type/Prelude.purs","end":[10,52]},"False",[]]},{"TypeRef":[{"start":[10,54],"name":"/Users/lmcphail/projects/BasicLambda/bower_components/purescript-typelevel-prelude/src/Type/Prelude.purs","end":[10,64]},"BProxy",null]},{"TypeClassRef":[{"start":[10,66],"name":"/Users/lmcphail/projects/BasicLambda/bower_components/purescript-typelevel-prelude/src/Type/Prelude.purs","end":[10,81]},"IsBoolean"]},{"ValueRef":[{"start":[10,83],"name":"/Users/lmcphail/projects/BasicLambda/bower_components/purescript-typelevel-prelude/src/Type/Prelude.purs","end":[10,97]},{"Ident":"reflectBoolean"}]},{"ValueRef":[{"start":[10,99],"name":"/Users/lmcphail/projects/BasicLambda/bower_components/purescript-typelevel-prelude/src/Type/Prelude.purs","end":[10,111]},{"Ident":"reifyBoolean"}]}]},"eiImportedAs":null},{"eiModule":["Type","Data","Ordering"],"eiImportType":{"Explicit":[{"KindRef":[{"start":[11,28],"name":"/Users/lmcphail/projects/BasicLambda/bower_components/purescript-typelevel-prelude/src/Type/Prelude.purs","end":[11,41]},"Ordering"]},{"TypeRef":[{"start":[11,43],"name":"/Users/lmcphail/projects/BasicLambda/bower_components/purescript-typelevel-prelude/src/Type/Prelude.purs","end":[11,45]},"LT",[]]},{"TypeRef":[{"start":[11,47],"name":"/Users/lmcphail/projects/BasicLambda/bower_components/purescript-typelevel-prelude/src/Type/Prelude.purs","end":[11,49]},"EQ",[]]},{"TypeRef":[{"start":[11,51],"name":"/Users/lmcphail/projects/BasicLambda/bower_components/purescript-typelevel-prelude/src/Type/Prelude.purs","end":[11,53]},"GT",[]]},{"TypeRef":[{"start":[11,55],"name":"/Users/lmcphail/projects/BasicLambda/bower_components/purescript-typelevel-prelude/src/Type/Prelude.purs","end":[11,65]},"OProxy",null]},{"TypeClassRef":[{"start":[11,67],"name":"/Users/lmcphail/projects/BasicLambda/bower_components/purescript-typelevel-prelude/src/Type/Prelude.purs","end":[11,83]},"IsOrdering"]},{"ValueRef":[{"start":[11,85],"name":"/Users/lmcphail/projects/BasicLambda/bower_components/purescript-typelevel-prelude/src/Type/Prelude.purs","end":[11,100]},{"Ident":"reflectOrdering"}]},{"ValueRef":[{"start":[11,102],"name":"/Users/lmcphail/projects/BasicLambda/bower_components/purescript-typelevel-prelude/src/Type/Prelude.purs","end":[11,115]},{"Ident":"reifyOrdering"}]}]},"eiImportedAs":null},{"eiModule":["Type","Proxy"],"eiImportType":{"Explicit":[{"TypeRef":[{"start":[12,20],"name":"/Users/lmcphail/projects/BasicLambda/bower_components/purescript-typelevel-prelude/src/Type/Prelude.purs","end":[12,29]},"Proxy",null]}]},"eiImportedAs":null},{"eiModule":["Type","Data","Symbol"],"eiImportType":{"Explicit":[{"TypeRef":[{"start":[13,26],"name":"/Users/lmcphail/projects/BasicLambda/bower_components/purescript-typelevel-prelude/src/Type/Prelude.purs","end":[13,36]},"SProxy",null]},{"TypeClassRef":[{"start":[13,38],"name":"/Users/lmcphail/projects/BasicLambda/bower_components/purescript-typelevel-prelude/src/Type/Prelude.purs","end":[13,52]},"IsSymbol"]},{"ValueRef":[{"start":[13,54],"name":"/Users/lmcphail/projects/BasicLambda/bower_components/purescript-typelevel-prelude/src/Type/Prelude.purs","end":[13,67]},{"Ident":"reflectSymbol"}]},{"ValueRef":[{"start":[13,69],"name":"/Users/lmcphail/projects/BasicLambda/bower_components/purescript-typelevel-prelude/src/Type/Prelude.purs","end":[13,80]},{"Ident":"reifySymbol"}]},{"TypeClassRef":[{"start":[13,82],"name":"/Users/lmcphail/projects/BasicLambda/bower_components/purescript-typelevel-prelude/src/Type/Prelude.purs","end":[13,101]},"CompareSymbol"]},{"ValueRef":[{"start":[13,103],"name":"/Users/lmcphail/projects/BasicLambda/bower_components/purescript-typelevel-prelude/src/Type/Prelude.purs","end":[13,116]},{"Ident":"compareSymbol"}]},{"TypeClassRef":[{"start":[13,118],"name":"/Users/lmcphail/projects/BasicLambda/bower_components/purescript-typelevel-prelude/src/Type/Prelude.purs","end":[13,136]},"AppendSymbol"]},{"ValueRef":[{"start":[13,138],"name":"/Users/lmcphail/projects/BasicLambda/bower_components/purescript-typelevel-prelude/src/Type/Prelude.purs","end":[13,150]},{"Ident":"appendSymbol"}]}]},"eiImportedAs":null},{"eiModule":["Type","Equality"],"eiImportType":{"Explicit":[{"TypeClassRef":[{"start":[14,23],"name":"/Users/lmcphail/projects/BasicLambda/bower_components/purescript-typelevel-prelude/src/Type/Prelude.purs","end":[14,39]},"TypeEquals"]},{"ValueRef":[{"start":[14,41],"name":"/Users/lmcphail/projects/BasicLambda/bower_components/purescript-typelevel-prelude/src/Type/Prelude.purs","end":[14,45]},{"Ident":"from"}]},{"ValueRef":[{"start":[14,47],"name":"/Users/lmcphail/projects/BasicLambda/bower_components/purescript-typelevel-prelude/src/Type/Prelude.purs","end":[14,49]},{"Ident":"to"}]}]},"eiImportedAs":null},{"eiModule":["Type","Row"],"eiImportType":{"Explicit":[{"TypeClassRef":[{"start":[15,18],"name":"/Users/lmcphail/projects/BasicLambda/bower_components/purescript-typelevel-prelude/src/Type/Prelude.purs","end":[15,32]},"RowLacks"]},{"TypeClassRef":[{"start":[15,34],"name":"/Users/lmcphail/projects/BasicLambda/bower_components/purescript-typelevel-prelude/src/Type/Prelude.purs","end":[15,49]},"RowToList"]},{"TypeClassRef":[{"start":[15,51],"name":"/Users/lmcphail/projects/BasicLambda/bower_components/purescript-typelevel-prelude/src/Type/Prelude.purs","end":[15,66]},"ListToRow"]},{"TypeRef":[{"start":[15,68],"name":"/Users/lmcphail/projects/BasicLambda/bower_components/purescript-typelevel-prelude/src/Type/Prelude.purs","end":[15,78]},"RProxy",null]},{"TypeRef":[{"start":[15,80],"name":"/Users/lmcphail/projects/BasicLambda/bower_components/purescript-typelevel-prelude/src/Type/Prelude.purs","end":[15,91]},"RLProxy",null]}]},"eiImportedAs":null}],"efFixities":[],"efTypeFixities":[],"efDeclarations":[],"efSourceSpan":{"start":[1,1],"name":"/Users/lmcphail/projects/BasicLambda/bower_components/purescript-typelevel-prelude/src/Type/Prelude.purs","end":[15,91]}}