{"efVersion":"0.11.6","efModuleName":["Data","TraversableWithIndex"],"efExports":[{"ReExportRef":[{"start":[1,1],"name":"/Users/lmcphail/projects/BasicLambda/bower_components/purescript-foldable-traversable/src/Data/TraversableWithIndex.purs","end":[168,91]},["Data","Traversable","Accum"],{"TypeRef":[{"start":[1,1],"name":"/Users/lmcphail/projects/BasicLambda/bower_components/purescript-foldable-traversable/src/Data/TraversableWithIndex.purs","end":[168,91]},"Accum",[]]}]},{"TypeClassRef":[{"start":[1,1],"name":"/Users/lmcphail/projects/BasicLambda/bower_components/purescript-foldable-traversable/src/Data/TraversableWithIndex.purs","end":[168,91]},"TraversableWithIndex"]},{"ValueRef":[{"start":[1,1],"name":"/Users/lmcphail/projects/BasicLambda/bower_components/purescript-foldable-traversable/src/Data/TraversableWithIndex.purs","end":[168,91]},{"Ident":"forWithIndex"}]},{"ValueRef":[{"start":[1,1],"name":"/Users/lmcphail/projects/BasicLambda/bower_components/purescript-foldable-traversable/src/Data/TraversableWithIndex.purs","end":[168,91]},{"Ident":"mapAccumLWithIndex"}]},{"ValueRef":[{"start":[1,1],"name":"/Users/lmcphail/projects/BasicLambda/bower_components/purescript-foldable-traversable/src/Data/TraversableWithIndex.purs","end":[168,91]},{"Ident":"mapAccumRWithIndex"}]},{"ValueRef":[{"start":[1,1],"name":"/Users/lmcphail/projects/BasicLambda/bower_components/purescript-foldable-traversable/src/Data/TraversableWithIndex.purs","end":[168,91]},{"Ident":"scanlWithIndex"}]},{"ValueRef":[{"start":[1,1],"name":"/Users/lmcphail/projects/BasicLambda/bower_components/purescript-foldable-traversable/src/Data/TraversableWithIndex.purs","end":[168,91]},{"Ident":"scanrWithIndex"}]},{"ValueRef":[{"start":[1,1],"name":"/Users/lmcphail/projects/BasicLambda/bower_components/purescript-foldable-traversable/src/Data/TraversableWithIndex.purs","end":[168,91]},{"Ident":"traverseWithIndex"}]},{"ValueRef":[{"start":[1,1],"name":"/Users/lmcphail/projects/BasicLambda/bower_components/purescript-foldable-traversable/src/Data/TraversableWithIndex.purs","end":[168,91]},{"Ident":"traverseWithIndexDefault"}]},{"ModuleRef":[{"start":[9,5],"name":"/Users/lmcphail/projects/BasicLambda/bower_components/purescript-foldable-traversable/src/Data/TraversableWithIndex.purs","end":[9,34]},["Data","Traversable","Accum"]]},{"TypeInstanceRef":[{"start":[0,0],"name":"<generated>","end":[0,0]},{"Ident":"traversableWithIndexArray"}]},{"TypeInstanceRef":[{"start":[0,0],"name":"<generated>","end":[0,0]},{"Ident":"traversableWithIndexMaybe"}]},{"TypeInstanceRef":[{"start":[0,0],"name":"<generated>","end":[0,0]},{"Ident":"traversableWithIndexFirst"}]},{"TypeInstanceRef":[{"start":[0,0],"name":"<generated>","end":[0,0]},{"Ident":"traversableWithIndexLast"}]},{"TypeInstanceRef":[{"start":[0,0],"name":"<generated>","end":[0,0]},{"Ident":"traversableWithIndexAdditive"}]},{"TypeInstanceRef":[{"start":[0,0],"name":"<generated>","end":[0,0]},{"Ident":"traversableWithIndexDual"}]},{"TypeInstanceRef":[{"start":[0,0],"name":"<generated>","end":[0,0]},{"Ident":"traversableWithIndexConj"}]},{"TypeInstanceRef":[{"start":[0,0],"name":"<generated>","end":[0,0]},{"Ident":"traversableWithIndexDisj"}]},{"TypeInstanceRef":[{"start":[0,0],"name":"<generated>","end":[0,0]},{"Ident":"traversableWithIndexMultiplicative"}]}],"efImports":[{"eiModule":["Prim"],"eiImportType":{"Implicit":[]},"eiImportedAs":null},{"eiModule":["Prim"],"eiImportType":{"Implicit":[]},"eiImportedAs":["Prim"]},{"eiModule":["Prelude"],"eiImportType":{"Implicit":[]},"eiImportedAs":null},{"eiModule":["Data","FoldableWithIndex"],"eiImportType":{"Explicit":[{"TypeClassRef":[{"start":[14,32],"name":"/Users/lmcphail/projects/BasicLambda/bower_components/purescript-foldable-traversable/src/Data/TraversableWithIndex.purs","end":[14,55]},"FoldableWithIndex"]}]},"eiImportedAs":null},{"eiModule":["Data","FunctorWithIndex"],"eiImportType":{"Explicit":[{"TypeClassRef":[{"start":[15,31],"name":"/Users/lmcphail/projects/BasicLambda/bower_components/purescript-foldable-traversable/src/Data/TraversableWithIndex.purs","end":[15,53]},"FunctorWithIndex"]},{"ValueRef":[{"start":[15,55],"name":"/Users/lmcphail/projects/BasicLambda/bower_components/purescript-foldable-traversable/src/Data/TraversableWithIndex.purs","end":[15,67]},{"Ident":"mapWithIndex"}]}]},"eiImportedAs":null},{"eiModule":["Data","Maybe"],"eiImportType":{"Explicit":[{"TypeRef":[{"start":[16,20],"name":"/Users/lmcphail/projects/BasicLambda/bower_components/purescript-foldable-traversable/src/Data/TraversableWithIndex.purs","end":[16,25]},"Maybe",[]]}]},"eiImportedAs":null},{"eiModule":["Data","Maybe","First"],"eiImportType":{"Explicit":[{"TypeRef":[{"start":[17,26],"name":"/Users/lmcphail/projects/BasicLambda/bower_components/purescript-foldable-traversable/src/Data/TraversableWithIndex.purs","end":[17,31]},"First",[]]}]},"eiImportedAs":null},{"eiModule":["Data","Maybe","Last"],"eiImportType":{"Explicit":[{"TypeRef":[{"start":[18,25],"name":"/Users/lmcphail/projects/BasicLambda/bower_components/purescript-foldable-traversable/src/Data/TraversableWithIndex.purs","end":[18,29]},"Last",[]]}]},"eiImportedAs":null},{"eiModule":["Data","Monoid","Additive"],"eiImportType":{"Explicit":[{"TypeRef":[{"start":[19,30],"name":"/Users/lmcphail/projects/BasicLambda/bower_components/purescript-foldable-traversable/src/Data/TraversableWithIndex.purs","end":[19,38]},"Additive",[]]}]},"eiImportedAs":null},{"eiModule":["Data","Monoid","Conj"],"eiImportType":{"Explicit":[{"TypeRef":[{"start":[20,26],"name":"/Users/lmcphail/projects/BasicLambda/bower_components/purescript-foldable-traversable/src/Data/TraversableWithIndex.purs","end":[20,30]},"Conj",[]]}]},"eiImportedAs":null},{"eiModule":["Data","Monoid","Disj"],"eiImportType":{"Explicit":[{"TypeRef":[{"start":[21,26],"name":"/Users/lmcphail/projects/BasicLambda/bower_components/purescript-foldable-traversable/src/Data/TraversableWithIndex.purs","end":[21,30]},"Disj",[]]}]},"eiImportedAs":null},{"eiModule":["Data","Monoid","Dual"],"eiImportType":{"Explicit":[{"TypeRef":[{"start":[22,26],"name":"/Users/lmcphail/projects/BasicLambda/bower_components/purescript-foldable-traversable/src/Data/TraversableWithIndex.purs","end":[22,30]},"Dual",[]]}]},"eiImportedAs":null},{"eiModule":["Data","Monoid","Multiplicative"],"eiImportType":{"Explicit":[{"TypeRef":[{"start":[23,36],"name":"/Users/lmcphail/projects/BasicLambda/bower_components/purescript-foldable-traversable/src/Data/TraversableWithIndex.purs","end":[23,50]},"Multiplicative",[]]}]},"eiImportedAs":null},{"eiModule":["Data","Traversable"],"eiImportType":{"Explicit":[{"TypeClassRef":[{"start":[24,26],"name":"/Users/lmcphail/projects/BasicLambda/bower_components/purescript-foldable-traversable/src/Data/TraversableWithIndex.purs","end":[24,43]},"Traversable"]},{"ValueRef":[{"start":[24,45],"name":"/Users/lmcphail/projects/BasicLambda/bower_components/purescript-foldable-traversable/src/Data/TraversableWithIndex.purs","end":[24,53]},{"Ident":"sequence"}]},{"ValueRef":[{"start":[24,55],"name":"/Users/lmcphail/projects/BasicLambda/bower_components/purescript-foldable-traversable/src/Data/TraversableWithIndex.purs","end":[24,63]},{"Ident":"traverse"}]}]},"eiImportedAs":null},{"eiModule":["Data","Traversable","Accum"],"eiImportType":{"Explicit":[{"TypeRef":[{"start":[25,32],"name":"/Users/lmcphail/projects/BasicLambda/bower_components/purescript-foldable-traversable/src/Data/TraversableWithIndex.purs","end":[25,37]},"Accum",[]]}]},"eiImportedAs":null},{"eiModule":["Data","Traversable","Accum","Internal"],"eiImportType":{"Explicit":[{"TypeRef":[{"start":[26,41],"name":"/Users/lmcphail/projects/BasicLambda/bower_components/purescript-foldable-traversable/src/Data/TraversableWithIndex.purs","end":[26,51]},"StateL",null]},{"TypeRef":[{"start":[26,53],"name":"/Users/lmcphail/projects/BasicLambda/bower_components/purescript-foldable-traversable/src/Data/TraversableWithIndex.purs","end":[26,63]},"StateR",null]},{"ValueRef":[{"start":[26,65],"name":"/Users/lmcphail/projects/BasicLambda/bower_components/purescript-foldable-traversable/src/Data/TraversableWithIndex.purs","end":[26,71]},{"Ident":"stateL"}]},{"ValueRef":[{"start":[26,73],"name":"/Users/lmcphail/projects/BasicLambda/bower_components/purescript-foldable-traversable/src/Data/TraversableWithIndex.purs","end":[26,79]},{"Ident":"stateR"}]}]},"eiImportedAs":null}],"efFixities":[],"efTypeFixities":[],"efDeclarations":[{"EDType":{"edTypeName":"TraversableWithIndex","edTypeKind":{"tag":"FunKind","contents":[{"tag":"NamedKind","contents":[["Prim"],"Type"]},{"tag":"FunKind","contents":[{"tag":"FunKind","contents":[{"tag":"NamedKind","contents":[["Prim"],"Type"]},{"tag":"NamedKind","contents":[["Prim"],"Type"]}]},{"tag":"NamedKind","contents":[["Prim"],"Type"]}]}]},"edTypeDeclarationKind":"TypeSynonym"}},{"EDTypeSynonym":{"edTypeSynonymName":"TraversableWithIndex","edTypeSynonymArguments":[["i",null],["t",null]],"edTypeSynonymType":{"tag":"TypeApp","contents":[{"tag":"TypeConstructor","contents":[["Prim"],"Record"]},{"tag":"RCons","contents":["traverseWithIndex",{"tag":"ForAll","contents":["m",{"tag":"ForAll","contents":["b",{"tag":"ForAll","contents":["a",{"tag":"ConstrainedType","contents":[{"constraintClass":[["Control","Applicative"],"Applicative"],"constraintArgs":[{"tag":"TypeVar","contents":"m"}],"constraintData":null},{"tag":"TypeApp","contents":[{"tag":"TypeApp","contents":[{"tag":"TypeConstructor","contents":[["Prim"],"Function"]},{"tag":"TypeApp","contents":[{"tag":"TypeApp","contents":[{"tag":"TypeConstructor","contents":[["Prim"],"Function"]},{"tag":"TypeVar","contents":"i"}]},{"tag":"TypeApp","contents":[{"tag":"TypeApp","contents":[{"tag":"TypeConstructor","contents":[["Prim"],"Function"]},{"tag":"TypeVar","contents":"a"}]},{"tag":"TypeApp","contents":[{"tag":"TypeVar","contents":"m"},{"tag":"TypeVar","contents":"b"}]}]}]}]},{"tag":"TypeApp","contents":[{"tag":"TypeApp","contents":[{"tag":"TypeConstructor","contents":[["Prim"],"Function"]},{"tag":"TypeApp","contents":[{"tag":"TypeVar","contents":"t"},{"tag":"TypeVar","contents":"a"}]}]},{"tag":"TypeApp","contents":[{"tag":"TypeVar","contents":"m"},{"tag":"TypeApp","contents":[{"tag":"TypeVar","contents":"t"},{"tag":"TypeVar","contents":"b"}]}]}]}]}]},null]},null]},null]},{"tag":"RCons","contents":["FunctorWithIndex0",{"tag":"TypeApp","contents":[{"tag":"TypeApp","contents":[{"tag":"TypeConstructor","contents":[["Prim"],"Function"]},{"tag":"TypeApp","contents":[{"tag":"TypeConstructor","contents":[["Prim"],"Record"]},{"tag":"REmpty"}]}]},{"tag":"TypeApp","contents":[{"tag":"TypeApp","contents":[{"tag":"TypeConstructor","contents":[["Data","FunctorWithIndex"],"FunctorWithIndex"]},{"tag":"TypeVar","contents":"i"}]},{"tag":"TypeVar","contents":"t"}]}]},{"tag":"RCons","contents":["FoldableWithIndex1",{"tag":"TypeApp","contents":[{"tag":"TypeApp","contents":[{"tag":"TypeConstructor","contents":[["Prim"],"Function"]},{"tag":"TypeApp","contents":[{"tag":"TypeConstructor","contents":[["Prim"],"Record"]},{"tag":"REmpty"}]}]},{"tag":"TypeApp","contents":[{"tag":"TypeApp","contents":[{"tag":"TypeConstructor","contents":[["Data","FoldableWithIndex"],"FoldableWithIndex"]},{"tag":"TypeVar","contents":"i"}]},{"tag":"TypeVar","contents":"t"}]}]},{"tag":"RCons","contents":["Traversable2",{"tag":"TypeApp","contents":[{"tag":"TypeApp","contents":[{"tag":"TypeConstructor","contents":[["Prim"],"Function"]},{"tag":"TypeApp","contents":[{"tag":"TypeConstructor","contents":[["Prim"],"Record"]},{"tag":"REmpty"}]}]},{"tag":"TypeApp","contents":[{"tag":"TypeConstructor","contents":[["Data","Traversable"],"Traversable"]},{"tag":"TypeVar","contents":"t"}]}]},{"tag":"REmpty"}]}]}]}]}]}}},{"EDClass":{"edClassName":"TraversableWithIndex","edClassTypeArguments":[["i",null],["t",null]],"edClassMembers":[[{"Ident":"traverseWithIndex"},{"tag":"ForAll","contents":["m",{"tag":"ForAll","contents":["b",{"tag":"ForAll","contents":["a",{"tag":"ConstrainedType","contents":[{"constraintClass":[["Control","Applicative"],"Applicative"],"constraintArgs":[{"tag":"TypeVar","contents":"m"}],"constraintData":null},{"tag":"TypeApp","contents":[{"tag":"TypeApp","contents":[{"tag":"TypeConstructor","contents":[["Prim"],"Function"]},{"tag":"TypeApp","contents":[{"tag":"TypeApp","contents":[{"tag":"TypeConstructor","contents":[["Prim"],"Function"]},{"tag":"TypeVar","contents":"i"}]},{"tag":"TypeApp","contents":[{"tag":"TypeApp","contents":[{"tag":"TypeConstructor","contents":[["Prim"],"Function"]},{"tag":"TypeVar","contents":"a"}]},{"tag":"TypeApp","contents":[{"tag":"TypeVar","contents":"m"},{"tag":"TypeVar","contents":"b"}]}]}]}]},{"tag":"TypeApp","contents":[{"tag":"TypeApp","contents":[{"tag":"TypeConstructor","contents":[["Prim"],"Function"]},{"tag":"TypeApp","contents":[{"tag":"TypeVar","contents":"t"},{"tag":"TypeVar","contents":"a"}]}]},{"tag":"TypeApp","contents":[{"tag":"TypeVar","contents":"m"},{"tag":"TypeApp","contents":[{"tag":"TypeVar","contents":"t"},{"tag":"TypeVar","contents":"b"}]}]}]}]}]},null]},null]},null]}]],"edClassConstraints":[{"constraintClass":[["Data","FunctorWithIndex"],"FunctorWithIndex"],"constraintArgs":[{"tag":"TypeVar","contents":"i"},{"tag":"TypeVar","contents":"t"}],"constraintData":null},{"constraintClass":[["Data","FoldableWithIndex"],"FoldableWithIndex"],"constraintArgs":[{"tag":"TypeVar","contents":"i"},{"tag":"TypeVar","contents":"t"}],"constraintData":null},{"constraintClass":[["Data","Traversable"],"Traversable"],"constraintArgs":[{"tag":"TypeVar","contents":"t"}],"constraintData":null}],"edFunctionalDependencies":[{"determiners":[1],"determined":[0]}]}},{"EDValue":{"edValueName":{"Ident":"forWithIndex"},"edValueType":{"tag":"ForAll","contents":["t",{"tag":"ForAll","contents":["m",{"tag":"ForAll","contents":["b",{"tag":"ForAll","contents":["a",{"tag":"ForAll","contents":["i",{"tag":"ConstrainedType","contents":[{"constraintClass":[["Control","Applicative"],"Applicative"],"constraintArgs":[{"tag":"TypeVar","contents":"m"}],"constraintData":null},{"tag":"ConstrainedType","contents":[{"constraintClass":[["Data","TraversableWithIndex"],"TraversableWithIndex"],"constraintArgs":[{"tag":"TypeVar","contents":"i"},{"tag":"TypeVar","contents":"t"}],"constraintData":null},{"tag":"TypeApp","contents":[{"tag":"TypeApp","contents":[{"tag":"TypeConstructor","contents":[["Prim"],"Function"]},{"tag":"TypeApp","contents":[{"tag":"TypeVar","contents":"t"},{"tag":"TypeVar","contents":"a"}]}]},{"tag":"TypeApp","contents":[{"tag":"TypeApp","contents":[{"tag":"TypeConstructor","contents":[["Prim"],"Function"]},{"tag":"TypeApp","contents":[{"tag":"TypeApp","contents":[{"tag":"TypeConstructor","contents":[["Prim"],"Function"]},{"tag":"TypeVar","contents":"i"}]},{"tag":"TypeApp","contents":[{"tag":"TypeApp","contents":[{"tag":"TypeConstructor","contents":[["Prim"],"Function"]},{"tag":"TypeVar","contents":"a"}]},{"tag":"TypeApp","contents":[{"tag":"TypeVar","contents":"m"},{"tag":"TypeVar","contents":"b"}]}]}]}]},{"tag":"TypeApp","contents":[{"tag":"TypeVar","contents":"m"},{"tag":"TypeApp","contents":[{"tag":"TypeVar","contents":"t"},{"tag":"TypeVar","contents":"b"}]}]}]}]}]}]},366]},367]},368]},369]},370]}}},{"EDValue":{"edValueName":{"Ident":"mapAccumLWithIndex"},"edValueType":{"tag":"ForAll","contents":["f",{"tag":"ForAll","contents":["s",{"tag":"ForAll","contents":["b",{"tag":"ForAll","contents":["a",{"tag":"ForAll","contents":["i",{"tag":"ConstrainedType","contents":[{"constraintClass":[["Data","TraversableWithIndex"],"TraversableWithIndex"],"constraintArgs":[{"tag":"TypeVar","contents":"i"},{"tag":"TypeVar","contents":"f"}],"constraintData":null},{"tag":"TypeApp","contents":[{"tag":"TypeApp","contents":[{"tag":"TypeConstructor","contents":[["Prim"],"Function"]},{"tag":"TypeApp","contents":[{"tag":"TypeApp","contents":[{"tag":"TypeConstructor","contents":[["Prim"],"Function"]},{"tag":"TypeVar","contents":"i"}]},{"tag":"TypeApp","contents":[{"tag":"TypeApp","contents":[{"tag":"TypeConstructor","contents":[["Prim"],"Function"]},{"tag":"TypeVar","contents":"s"}]},{"tag":"TypeApp","contents":[{"tag":"TypeApp","contents":[{"tag":"TypeConstructor","contents":[["Prim"],"Function"]},{"tag":"TypeVar","contents":"a"}]},{"tag":"TypeApp","contents":[{"tag":"TypeConstructor","contents":[["Prim"],"Record"]},{"tag":"RCons","contents":["accum",{"tag":"TypeVar","contents":"s"},{"tag":"RCons","contents":["value",{"tag":"TypeVar","contents":"b"},{"tag":"REmpty"}]}]}]}]}]}]}]},{"tag":"TypeApp","contents":[{"tag":"TypeApp","contents":[{"tag":"TypeConstructor","contents":[["Prim"],"Function"]},{"tag":"TypeVar","contents":"s"}]},{"tag":"TypeApp","contents":[{"tag":"TypeApp","contents":[{"tag":"TypeConstructor","contents":[["Prim"],"Function"]},{"tag":"TypeApp","contents":[{"tag":"TypeVar","contents":"f"},{"tag":"TypeVar","contents":"a"}]}]},{"tag":"TypeApp","contents":[{"tag":"TypeConstructor","contents":[["Prim"],"Record"]},{"tag":"RCons","contents":["accum",{"tag":"TypeVar","contents":"s"},{"tag":"RCons","contents":["value",{"tag":"TypeApp","contents":[{"tag":"TypeVar","contents":"f"},{"tag":"TypeVar","contents":"b"}]},{"tag":"REmpty"}]}]}]}]}]}]}]},348]},349]},350]},351]},352]}}},{"EDValue":{"edValueName":{"Ident":"mapAccumRWithIndex"},"edValueType":{"tag":"ForAll","contents":["f",{"tag":"ForAll","contents":["s",{"tag":"ForAll","contents":["b",{"tag":"ForAll","contents":["a",{"tag":"ForAll","contents":["i",{"tag":"ConstrainedType","contents":[{"constraintClass":[["Data","TraversableWithIndex"],"TraversableWithIndex"],"constraintArgs":[{"tag":"TypeVar","contents":"i"},{"tag":"TypeVar","contents":"f"}],"constraintData":null},{"tag":"TypeApp","contents":[{"tag":"TypeApp","contents":[{"tag":"TypeConstructor","contents":[["Prim"],"Function"]},{"tag":"TypeApp","contents":[{"tag":"TypeApp","contents":[{"tag":"TypeConstructor","contents":[["Prim"],"Function"]},{"tag":"TypeVar","contents":"i"}]},{"tag":"TypeApp","contents":[{"tag":"TypeApp","contents":[{"tag":"TypeConstructor","contents":[["Prim"],"Function"]},{"tag":"TypeVar","contents":"s"}]},{"tag":"TypeApp","contents":[{"tag":"TypeApp","contents":[{"tag":"TypeConstructor","contents":[["Prim"],"Function"]},{"tag":"TypeVar","contents":"a"}]},{"tag":"TypeApp","contents":[{"tag":"TypeConstructor","contents":[["Prim"],"Record"]},{"tag":"RCons","contents":["accum",{"tag":"TypeVar","contents":"s"},{"tag":"RCons","contents":["value",{"tag":"TypeVar","contents":"b"},{"tag":"REmpty"}]}]}]}]}]}]}]},{"tag":"TypeApp","contents":[{"tag":"TypeApp","contents":[{"tag":"TypeConstructor","contents":[["Prim"],"Function"]},{"tag":"TypeVar","contents":"s"}]},{"tag":"TypeApp","contents":[{"tag":"TypeApp","contents":[{"tag":"TypeConstructor","contents":[["Prim"],"Function"]},{"tag":"TypeApp","contents":[{"tag":"TypeVar","contents":"f"},{"tag":"TypeVar","contents":"a"}]}]},{"tag":"TypeApp","contents":[{"tag":"TypeConstructor","contents":[["Prim"],"Record"]},{"tag":"RCons","contents":["accum",{"tag":"TypeVar","contents":"s"},{"tag":"RCons","contents":["value",{"tag":"TypeApp","contents":[{"tag":"TypeVar","contents":"f"},{"tag":"TypeVar","contents":"b"}]},{"tag":"REmpty"}]}]}]}]}]}]}]},330]},331]},332]},333]},334]}}},{"EDValue":{"edValueName":{"Ident":"scanlWithIndex"},"edValueType":{"tag":"ForAll","contents":["f",{"tag":"ForAll","contents":["b",{"tag":"ForAll","contents":["a",{"tag":"ForAll","contents":["i",{"tag":"ConstrainedType","contents":[{"constraintClass":[["Data","TraversableWithIndex"],"TraversableWithIndex"],"constraintArgs":[{"tag":"TypeVar","contents":"i"},{"tag":"TypeVar","contents":"f"}],"constraintData":null},{"tag":"TypeApp","contents":[{"tag":"TypeApp","contents":[{"tag":"TypeConstructor","contents":[["Prim"],"Function"]},{"tag":"TypeApp","contents":[{"tag":"TypeApp","contents":[{"tag":"TypeConstructor","contents":[["Prim"],"Function"]},{"tag":"TypeVar","contents":"i"}]},{"tag":"TypeApp","contents":[{"tag":"TypeApp","contents":[{"tag":"TypeConstructor","contents":[["Prim"],"Function"]},{"tag":"TypeVar","contents":"b"}]},{"tag":"TypeApp","contents":[{"tag":"TypeApp","contents":[{"tag":"TypeConstructor","contents":[["Prim"],"Function"]},{"tag":"TypeVar","contents":"a"}]},{"tag":"TypeVar","contents":"b"}]}]}]}]},{"tag":"TypeApp","contents":[{"tag":"TypeApp","contents":[{"tag":"TypeConstructor","contents":[["Prim"],"Function"]},{"tag":"TypeVar","contents":"b"}]},{"tag":"TypeApp","contents":[{"tag":"TypeApp","contents":[{"tag":"TypeConstructor","contents":[["Prim"],"Function"]},{"tag":"TypeApp","contents":[{"tag":"TypeVar","contents":"f"},{"tag":"TypeVar","contents":"a"}]}]},{"tag":"TypeApp","contents":[{"tag":"TypeVar","contents":"f"},{"tag":"TypeVar","contents":"b"}]}]}]}]}]},358]},359]},360]},361]}}},{"EDValue":{"edValueName":{"Ident":"scanrWithIndex"},"edValueType":{"tag":"ForAll","contents":["f",{"tag":"ForAll","contents":["b",{"tag":"ForAll","contents":["a",{"tag":"ForAll","contents":["i",{"tag":"ConstrainedType","contents":[{"constraintClass":[["Data","TraversableWithIndex"],"TraversableWithIndex"],"constraintArgs":[{"tag":"TypeVar","contents":"i"},{"tag":"TypeVar","contents":"f"}],"constraintData":null},{"tag":"TypeApp","contents":[{"tag":"TypeApp","contents":[{"tag":"TypeConstructor","contents":[["Prim"],"Function"]},{"tag":"TypeApp","contents":[{"tag":"TypeApp","contents":[{"tag":"TypeConstructor","contents":[["Prim"],"Function"]},{"tag":"TypeVar","contents":"i"}]},{"tag":"TypeApp","contents":[{"tag":"TypeApp","contents":[{"tag":"TypeConstructor","contents":[["Prim"],"Function"]},{"tag":"TypeVar","contents":"a"}]},{"tag":"TypeApp","contents":[{"tag":"TypeApp","contents":[{"tag":"TypeConstructor","contents":[["Prim"],"Function"]},{"tag":"TypeVar","contents":"b"}]},{"tag":"TypeVar","contents":"b"}]}]}]}]},{"tag":"TypeApp","contents":[{"tag":"TypeApp","contents":[{"tag":"TypeConstructor","contents":[["Prim"],"Function"]},{"tag":"TypeVar","contents":"b"}]},{"tag":"TypeApp","contents":[{"tag":"TypeApp","contents":[{"tag":"TypeConstructor","contents":[["Prim"],"Function"]},{"tag":"TypeApp","contents":[{"tag":"TypeVar","contents":"f"},{"tag":"TypeVar","contents":"a"}]}]},{"tag":"TypeApp","contents":[{"tag":"TypeVar","contents":"f"},{"tag":"TypeVar","contents":"b"}]}]}]}]}]},340]},341]},342]},343]}}},{"EDValue":{"edValueName":{"Ident":"traverseWithIndex"},"edValueType":{"tag":"ForAll","contents":["i",{"tag":"ForAll","contents":["t",{"tag":"ForAll","contents":["m",{"tag":"ForAll","contents":["b",{"tag":"ForAll","contents":["a",{"tag":"ConstrainedType","contents":[{"constraintClass":[["Data","TraversableWithIndex"],"TraversableWithIndex"],"constraintArgs":[{"tag":"TypeVar","contents":"i"},{"tag":"TypeVar","contents":"t"}],"constraintData":null},{"tag":"ConstrainedType","contents":[{"constraintClass":[["Control","Applicative"],"Applicative"],"constraintArgs":[{"tag":"TypeVar","contents":"m"}],"constraintData":null},{"tag":"TypeApp","contents":[{"tag":"TypeApp","contents":[{"tag":"TypeConstructor","contents":[["Prim"],"Function"]},{"tag":"TypeApp","contents":[{"tag":"TypeApp","contents":[{"tag":"TypeConstructor","contents":[["Prim"],"Function"]},{"tag":"TypeVar","contents":"i"}]},{"tag":"TypeApp","contents":[{"tag":"TypeApp","contents":[{"tag":"TypeConstructor","contents":[["Prim"],"Function"]},{"tag":"TypeVar","contents":"a"}]},{"tag":"TypeApp","contents":[{"tag":"TypeVar","contents":"m"},{"tag":"TypeVar","contents":"b"}]}]}]}]},{"tag":"TypeApp","contents":[{"tag":"TypeApp","contents":[{"tag":"TypeConstructor","contents":[["Prim"],"Function"]},{"tag":"TypeApp","contents":[{"tag":"TypeVar","contents":"t"},{"tag":"TypeVar","contents":"a"}]}]},{"tag":"TypeApp","contents":[{"tag":"TypeVar","contents":"m"},{"tag":"TypeApp","contents":[{"tag":"TypeVar","contents":"t"},{"tag":"TypeVar","contents":"b"}]}]}]}]}]}]},10]},11]},12]},13]},14]}}},{"EDValue":{"edValueName":{"Ident":"traverseWithIndexDefault"},"edValueType":{"tag":"ForAll","contents":["m",{"tag":"ForAll","contents":["b",{"tag":"ForAll","contents":["a",{"tag":"ForAll","contents":["t",{"tag":"ForAll","contents":["i",{"tag":"ConstrainedType","contents":[{"constraintClass":[["Data","TraversableWithIndex"],"TraversableWithIndex"],"constraintArgs":[{"tag":"TypeVar","contents":"i"},{"tag":"TypeVar","contents":"t"}],"constraintData":null},{"tag":"ConstrainedType","contents":[{"constraintClass":[["Control","Applicative"],"Applicative"],"constraintArgs":[{"tag":"TypeVar","contents":"m"}],"constraintData":null},{"tag":"TypeApp","contents":[{"tag":"TypeApp","contents":[{"tag":"TypeConstructor","contents":[["Prim"],"Function"]},{"tag":"TypeApp","contents":[{"tag":"TypeApp","contents":[{"tag":"TypeConstructor","contents":[["Prim"],"Function"]},{"tag":"TypeVar","contents":"i"}]},{"tag":"TypeApp","contents":[{"tag":"TypeApp","contents":[{"tag":"TypeConstructor","contents":[["Prim"],"Function"]},{"tag":"TypeVar","contents":"a"}]},{"tag":"TypeApp","contents":[{"tag":"TypeVar","contents":"m"},{"tag":"TypeVar","contents":"b"}]}]}]}]},{"tag":"TypeApp","contents":[{"tag":"TypeApp","contents":[{"tag":"TypeConstructor","contents":[["Prim"],"Function"]},{"tag":"TypeApp","contents":[{"tag":"TypeVar","contents":"t"},{"tag":"TypeVar","contents":"a"}]}]},{"tag":"TypeApp","contents":[{"tag":"TypeVar","contents":"m"},{"tag":"TypeApp","contents":[{"tag":"TypeVar","contents":"t"},{"tag":"TypeVar","contents":"b"}]}]}]}]}]}]},0]},1]},2]},3]},4]}}},{"EDInstance":{"edInstanceClassName":[["Data","TraversableWithIndex"],"TraversableWithIndex"],"edInstanceName":{"Ident":"traversableWithIndexArray"},"edInstanceTypes":[{"tag":"TypeConstructor","contents":[["Prim"],"Int"]},{"tag":"TypeConstructor","contents":[["Prim"],"Array"]}],"edInstanceConstraints":[]}},{"EDInstance":{"edInstanceClassName":[["Data","TraversableWithIndex"],"TraversableWithIndex"],"edInstanceName":{"Ident":"traversableWithIndexMaybe"},"edInstanceTypes":[{"tag":"TypeConstructor","contents":[["Data","Unit"],"Unit"]},{"tag":"TypeConstructor","contents":[["Data","Maybe"],"Maybe"]}],"edInstanceConstraints":[]}},{"EDInstance":{"edInstanceClassName":[["Data","TraversableWithIndex"],"TraversableWithIndex"],"edInstanceName":{"Ident":"traversableWithIndexFirst"},"edInstanceTypes":[{"tag":"TypeConstructor","contents":[["Data","Unit"],"Unit"]},{"tag":"TypeConstructor","contents":[["Data","Maybe","First"],"First"]}],"edInstanceConstraints":[]}},{"EDInstance":{"edInstanceClassName":[["Data","TraversableWithIndex"],"TraversableWithIndex"],"edInstanceName":{"Ident":"traversableWithIndexLast"},"edInstanceTypes":[{"tag":"TypeConstructor","contents":[["Data","Unit"],"Unit"]},{"tag":"TypeConstructor","contents":[["Data","Maybe","Last"],"Last"]}],"edInstanceConstraints":[]}},{"EDInstance":{"edInstanceClassName":[["Data","TraversableWithIndex"],"TraversableWithIndex"],"edInstanceName":{"Ident":"traversableWithIndexAdditive"},"edInstanceTypes":[{"tag":"TypeConstructor","contents":[["Data","Unit"],"Unit"]},{"tag":"TypeConstructor","contents":[["Data","Monoid","Additive"],"Additive"]}],"edInstanceConstraints":[]}},{"EDInstance":{"edInstanceClassName":[["Data","TraversableWithIndex"],"TraversableWithIndex"],"edInstanceName":{"Ident":"traversableWithIndexDual"},"edInstanceTypes":[{"tag":"TypeConstructor","contents":[["Data","Unit"],"Unit"]},{"tag":"TypeConstructor","contents":[["Data","Monoid","Dual"],"Dual"]}],"edInstanceConstraints":[]}},{"EDInstance":{"edInstanceClassName":[["Data","TraversableWithIndex"],"TraversableWithIndex"],"edInstanceName":{"Ident":"traversableWithIndexConj"},"edInstanceTypes":[{"tag":"TypeConstructor","contents":[["Data","Unit"],"Unit"]},{"tag":"TypeConstructor","contents":[["Data","Monoid","Conj"],"Conj"]}],"edInstanceConstraints":[]}},{"EDInstance":{"edInstanceClassName":[["Data","TraversableWithIndex"],"TraversableWithIndex"],"edInstanceName":{"Ident":"traversableWithIndexDisj"},"edInstanceTypes":[{"tag":"TypeConstructor","contents":[["Data","Unit"],"Unit"]},{"tag":"TypeConstructor","contents":[["Data","Monoid","Disj"],"Disj"]}],"edInstanceConstraints":[]}},{"EDInstance":{"edInstanceClassName":[["Data","TraversableWithIndex"],"TraversableWithIndex"],"edInstanceName":{"Ident":"traversableWithIndexMultiplicative"},"edInstanceTypes":[{"tag":"TypeConstructor","contents":[["Data","Unit"],"Unit"]},{"tag":"TypeConstructor","contents":[["Data","Monoid","Multiplicative"],"Multiplicative"]}],"edInstanceConstraints":[]}}],"efSourceSpan":{"start":[1,1],"name":"/Users/lmcphail/projects/BasicLambda/bower_components/purescript-foldable-traversable/src/Data/TraversableWithIndex.purs","end":[168,91]}}