{"efVersion":"0.11.6","efModuleName":["Data","List","Lazy","Types"],"efExports":[{"TypeRef":[{"start":[1,1],"name":"/Users/lmcphail/projects/BasicLambda/bower_components/purescript-lists/src/Data/List/Lazy/Types.purs","end":[240,71]},"List",["List"]]},{"TypeRef":[{"start":[1,1],"name":"/Users/lmcphail/projects/BasicLambda/bower_components/purescript-lists/src/Data/List/Lazy/Types.purs","end":[240,71]},"NonEmptyList",["NonEmptyList"]]},{"TypeRef":[{"start":[1,1],"name":"/Users/lmcphail/projects/BasicLambda/bower_components/purescript-lists/src/Data/List/Lazy/Types.purs","end":[240,71]},"Step",["Nil","Cons"]]},{"ValueRef":[{"start":[1,1],"name":"/Users/lmcphail/projects/BasicLambda/bower_components/purescript-lists/src/Data/List/Lazy/Types.purs","end":[240,71]},{"Ident":"cons"}]},{"ValueRef":[{"start":[1,1],"name":"/Users/lmcphail/projects/BasicLambda/bower_components/purescript-lists/src/Data/List/Lazy/Types.purs","end":[240,71]},{"Ident":"nil"}]},{"ValueRef":[{"start":[1,1],"name":"/Users/lmcphail/projects/BasicLambda/bower_components/purescript-lists/src/Data/List/Lazy/Types.purs","end":[240,71]},{"Ident":"step"}]},{"ValueRef":[{"start":[1,1],"name":"/Users/lmcphail/projects/BasicLambda/bower_components/purescript-lists/src/Data/List/Lazy/Types.purs","end":[240,71]},{"Ident":"toList"}]},{"ValueOpRef":[{"start":[1,1],"name":"/Users/lmcphail/projects/BasicLambda/bower_components/purescript-lists/src/Data/List/Lazy/Types.purs","end":[240,71]},":"]},{"TypeInstanceRef":[{"start":[0,0],"name":"<generated>","end":[0,0]},{"Ident":"newtypeList"}]},{"TypeInstanceRef":[{"start":[0,0],"name":"<generated>","end":[0,0]},{"Ident":"showList"}]},{"TypeInstanceRef":[{"start":[0,0],"name":"<generated>","end":[0,0]},{"Ident":"eqList"}]},{"TypeInstanceRef":[{"start":[0,0],"name":"<generated>","end":[0,0]},{"Ident":"eq1List"}]},{"TypeInstanceRef":[{"start":[0,0],"name":"<generated>","end":[0,0]},{"Ident":"ordList"}]},{"TypeInstanceRef":[{"start":[0,0],"name":"<generated>","end":[0,0]},{"Ident":"ord1List"}]},{"TypeInstanceRef":[{"start":[0,0],"name":"<generated>","end":[0,0]},{"Ident":"lazyList"}]},{"TypeInstanceRef":[{"start":[0,0],"name":"<generated>","end":[0,0]},{"Ident":"semigroupList"}]},{"TypeInstanceRef":[{"start":[0,0],"name":"<generated>","end":[0,0]},{"Ident":"monoidList"}]},{"TypeInstanceRef":[{"start":[0,0],"name":"<generated>","end":[0,0]},{"Ident":"functorList"}]},{"TypeInstanceRef":[{"start":[0,0],"name":"<generated>","end":[0,0]},{"Ident":"foldableList"}]},{"TypeInstanceRef":[{"start":[0,0],"name":"<generated>","end":[0,0]},{"Ident":"unfoldableList"}]},{"TypeInstanceRef":[{"start":[0,0],"name":"<generated>","end":[0,0]},{"Ident":"traversableList"}]},{"TypeInstanceRef":[{"start":[0,0],"name":"<generated>","end":[0,0]},{"Ident":"applyList"}]},{"TypeInstanceRef":[{"start":[0,0],"name":"<generated>","end":[0,0]},{"Ident":"applicativeList"}]},{"TypeInstanceRef":[{"start":[0,0],"name":"<generated>","end":[0,0]},{"Ident":"bindList"}]},{"TypeInstanceRef":[{"start":[0,0],"name":"<generated>","end":[0,0]},{"Ident":"monadList"}]},{"TypeInstanceRef":[{"start":[0,0],"name":"<generated>","end":[0,0]},{"Ident":"altList"}]},{"TypeInstanceRef":[{"start":[0,0],"name":"<generated>","end":[0,0]},{"Ident":"plusList"}]},{"TypeInstanceRef":[{"start":[0,0],"name":"<generated>","end":[0,0]},{"Ident":"alternativeList"}]},{"TypeInstanceRef":[{"start":[0,0],"name":"<generated>","end":[0,0]},{"Ident":"monadZeroList"}]},{"TypeInstanceRef":[{"start":[0,0],"name":"<generated>","end":[0,0]},{"Ident":"monadPlusList"}]},{"TypeInstanceRef":[{"start":[0,0],"name":"<generated>","end":[0,0]},{"Ident":"extendList"}]},{"TypeInstanceRef":[{"start":[0,0],"name":"<generated>","end":[0,0]},{"Ident":"newtypeNonEmptyList"}]},{"TypeInstanceRef":[{"start":[0,0],"name":"<generated>","end":[0,0]},{"Ident":"eqNonEmptyList"}]},{"TypeInstanceRef":[{"start":[0,0],"name":"<generated>","end":[0,0]},{"Ident":"ordNonEmptyList"}]},{"TypeInstanceRef":[{"start":[0,0],"name":"<generated>","end":[0,0]},{"Ident":"showNonEmptyList"}]},{"TypeInstanceRef":[{"start":[0,0],"name":"<generated>","end":[0,0]},{"Ident":"functorNonEmptyList"}]},{"TypeInstanceRef":[{"start":[0,0],"name":"<generated>","end":[0,0]},{"Ident":"applyNonEmptyList"}]},{"TypeInstanceRef":[{"start":[0,0],"name":"<generated>","end":[0,0]},{"Ident":"applicativeNonEmptyList"}]},{"TypeInstanceRef":[{"start":[0,0],"name":"<generated>","end":[0,0]},{"Ident":"bindNonEmptyList"}]},{"TypeInstanceRef":[{"start":[0,0],"name":"<generated>","end":[0,0]},{"Ident":"monadNonEmptyList"}]},{"TypeInstanceRef":[{"start":[0,0],"name":"<generated>","end":[0,0]},{"Ident":"altNonEmptyList"}]},{"TypeInstanceRef":[{"start":[0,0],"name":"<generated>","end":[0,0]},{"Ident":"extendNonEmptyList"}]},{"TypeInstanceRef":[{"start":[0,0],"name":"<generated>","end":[0,0]},{"Ident":"comonadNonEmptyList"}]},{"TypeInstanceRef":[{"start":[0,0],"name":"<generated>","end":[0,0]},{"Ident":"semigroupNonEmptyList"}]},{"TypeInstanceRef":[{"start":[0,0],"name":"<generated>","end":[0,0]},{"Ident":"foldableNonEmptyList"}]},{"TypeInstanceRef":[{"start":[0,0],"name":"<generated>","end":[0,0]},{"Ident":"traversableNonEmptyList"}]}],"efImports":[{"eiModule":["Prim"],"eiImportType":{"Implicit":[]},"eiImportedAs":null},{"eiModule":["Prim"],"eiImportType":{"Implicit":[]},"eiImportedAs":["Prim"]},{"eiModule":["Prelude"],"eiImportType":{"Implicit":[]},"eiImportedAs":null},{"eiModule":["Control","Alt"],"eiImportType":{"Explicit":[{"TypeClassRef":[{"start":[5,21],"name":"/Users/lmcphail/projects/BasicLambda/bower_components/purescript-lists/src/Data/List/Lazy/Types.purs","end":[5,30]},"Alt"]}]},"eiImportedAs":null},{"eiModule":["Control","Alternative"],"eiImportType":{"Explicit":[{"TypeClassRef":[{"start":[6,29],"name":"/Users/lmcphail/projects/BasicLambda/bower_components/purescript-lists/src/Data/List/Lazy/Types.purs","end":[6,46]},"Alternative"]}]},"eiImportedAs":null},{"eiModule":["Control","Comonad"],"eiImportType":{"Explicit":[{"TypeClassRef":[{"start":[7,25],"name":"/Users/lmcphail/projects/BasicLambda/bower_components/purescript-lists/src/Data/List/Lazy/Types.purs","end":[7,38]},"Comonad"]}]},"eiImportedAs":null},{"eiModule":["Control","Extend"],"eiImportType":{"Explicit":[{"TypeClassRef":[{"start":[8,24],"name":"/Users/lmcphail/projects/BasicLambda/bower_components/purescript-lists/src/Data/List/Lazy/Types.purs","end":[8,36]},"Extend"]}]},"eiImportedAs":null},{"eiModule":["Control","Lazy"],"eiImportType":{"Implicit":[]},"eiImportedAs":["Z"]},{"eiModule":["Control","MonadPlus"],"eiImportType":{"Explicit":[{"TypeClassRef":[{"start":[10,27],"name":"/Users/lmcphail/projects/BasicLambda/bower_components/purescript-lists/src/Data/List/Lazy/Types.purs","end":[10,42]},"MonadPlus"]}]},"eiImportedAs":null},{"eiModule":["Control","MonadZero"],"eiImportType":{"Explicit":[{"TypeClassRef":[{"start":[11,27],"name":"/Users/lmcphail/projects/BasicLambda/bower_components/purescript-lists/src/Data/List/Lazy/Types.purs","end":[11,42]},"MonadZero"]}]},"eiImportedAs":null},{"eiModule":["Control","Plus"],"eiImportType":{"Explicit":[{"TypeClassRef":[{"start":[12,22],"name":"/Users/lmcphail/projects/BasicLambda/bower_components/purescript-lists/src/Data/List/Lazy/Types.purs","end":[12,32]},"Plus"]}]},"eiImportedAs":null},{"eiModule":["Data","Eq"],"eiImportType":{"Explicit":[{"TypeClassRef":[{"start":[14,17],"name":"/Users/lmcphail/projects/BasicLambda/bower_components/purescript-lists/src/Data/List/Lazy/Types.purs","end":[14,26]},"Eq1"]},{"ValueRef":[{"start":[14,28],"name":"/Users/lmcphail/projects/BasicLambda/bower_components/purescript-lists/src/Data/List/Lazy/Types.purs","end":[14,31]},{"Ident":"eq1"}]}]},"eiImportedAs":null},{"eiModule":["Data","Foldable"],"eiImportType":{"Explicit":[{"TypeClassRef":[{"start":[15,23],"name":"/Users/lmcphail/projects/BasicLambda/bower_components/purescript-lists/src/Data/List/Lazy/Types.purs","end":[15,37]},"Foldable"]},{"ValueRef":[{"start":[15,39],"name":"/Users/lmcphail/projects/BasicLambda/bower_components/purescript-lists/src/Data/List/Lazy/Types.purs","end":[15,46]},{"Ident":"foldMap"}]},{"ValueRef":[{"start":[15,48],"name":"/Users/lmcphail/projects/BasicLambda/bower_components/purescript-lists/src/Data/List/Lazy/Types.purs","end":[15,53]},{"Ident":"foldl"}]},{"ValueRef":[{"start":[15,55],"name":"/Users/lmcphail/projects/BasicLambda/bower_components/purescript-lists/src/Data/List/Lazy/Types.purs","end":[15,60]},{"Ident":"foldr"}]}]},"eiImportedAs":null},{"eiModule":["Data","Lazy"],"eiImportType":{"Explicit":[{"TypeRef":[{"start":[16,19],"name":"/Users/lmcphail/projects/BasicLambda/bower_components/purescript-lists/src/Data/List/Lazy/Types.purs","end":[16,23]},"Lazy",[]]},{"ValueRef":[{"start":[16,25],"name":"/Users/lmcphail/projects/BasicLambda/bower_components/purescript-lists/src/Data/List/Lazy/Types.purs","end":[16,30]},{"Ident":"defer"}]},{"ValueRef":[{"start":[16,32],"name":"/Users/lmcphail/projects/BasicLambda/bower_components/purescript-lists/src/Data/List/Lazy/Types.purs","end":[16,37]},{"Ident":"force"}]}]},"eiImportedAs":null},{"eiModule":["Data","Maybe"],"eiImportType":{"Explicit":[{"TypeRef":[{"start":[17,20],"name":"/Users/lmcphail/projects/BasicLambda/bower_components/purescript-lists/src/Data/List/Lazy/Types.purs","end":[17,29]},"Maybe",null]}]},"eiImportedAs":null},{"eiModule":["Data","Monoid"],"eiImportType":{"Explicit":[{"TypeClassRef":[{"start":[18,21],"name":"/Users/lmcphail/projects/BasicLambda/bower_components/purescript-lists/src/Data/List/Lazy/Types.purs","end":[18,33]},"Monoid"]},{"ValueRef":[{"start":[18,35],"name":"/Users/lmcphail/projects/BasicLambda/bower_components/purescript-lists/src/Data/List/Lazy/Types.purs","end":[18,41]},{"Ident":"mempty"}]}]},"eiImportedAs":null},{"eiModule":["Data","Newtype"],"eiImportType":{"Explicit":[{"TypeClassRef":[{"start":[19,22],"name":"/Users/lmcphail/projects/BasicLambda/bower_components/purescript-lists/src/Data/List/Lazy/Types.purs","end":[19,35]},"Newtype"]},{"ValueRef":[{"start":[19,37],"name":"/Users/lmcphail/projects/BasicLambda/bower_components/purescript-lists/src/Data/List/Lazy/Types.purs","end":[19,43]},{"Ident":"unwrap"}]}]},"eiImportedAs":null},{"eiModule":["Data","NonEmpty"],"eiImportType":{"Explicit":[{"TypeRef":[{"start":[20,23],"name":"/Users/lmcphail/projects/BasicLambda/bower_components/purescript-lists/src/Data/List/Lazy/Types.purs","end":[20,31]},"NonEmpty",[]]},{"ValueOpRef":[{"start":[20,33],"name":"/Users/lmcphail/projects/BasicLambda/bower_components/purescript-lists/src/Data/List/Lazy/Types.purs","end":[20,37]},":|"]}]},"eiImportedAs":null},{"eiModule":["Data","NonEmpty"],"eiImportType":{"Implicit":[]},"eiImportedAs":["NE"]},{"eiModule":["Data","Ord"],"eiImportType":{"Explicit":[{"TypeClassRef":[{"start":[22,18],"name":"/Users/lmcphail/projects/BasicLambda/bower_components/purescript-lists/src/Data/List/Lazy/Types.purs","end":[22,28]},"Ord1"]},{"ValueRef":[{"start":[22,30],"name":"/Users/lmcphail/projects/BasicLambda/bower_components/purescript-lists/src/Data/List/Lazy/Types.purs","end":[22,38]},{"Ident":"compare1"}]}]},"eiImportedAs":null},{"eiModule":["Data","Traversable"],"eiImportType":{"Explicit":[{"TypeClassRef":[{"start":[23,26],"name":"/Users/lmcphail/projects/BasicLambda/bower_components/purescript-lists/src/Data/List/Lazy/Types.purs","end":[23,43]},"Traversable"]},{"ValueRef":[{"start":[23,45],"name":"/Users/lmcphail/projects/BasicLambda/bower_components/purescript-lists/src/Data/List/Lazy/Types.purs","end":[23,53]},{"Ident":"traverse"}]},{"ValueRef":[{"start":[23,55],"name":"/Users/lmcphail/projects/BasicLambda/bower_components/purescript-lists/src/Data/List/Lazy/Types.purs","end":[23,63]},{"Ident":"sequence"}]}]},"eiImportedAs":null},{"eiModule":["Data","Tuple"],"eiImportType":{"Explicit":[{"TypeRef":[{"start":[24,20],"name":"/Users/lmcphail/projects/BasicLambda/bower_components/purescript-lists/src/Data/List/Lazy/Types.purs","end":[24,29]},"Tuple",null]}]},"eiImportedAs":null},{"eiModule":["Data","Unfoldable"],"eiImportType":{"Explicit":[{"TypeClassRef":[{"start":[25,25],"name":"/Users/lmcphail/projects/BasicLambda/bower_components/purescript-lists/src/Data/List/Lazy/Types.purs","end":[25,41]},"Unfoldable"]}]},"eiImportedAs":null}],"efFixities":[{"efAssociativity":"infixr","efPrecedence":6,"efOperator":":","efAlias":[["Data","List","Lazy","Types"],{"Left":{"Ident":"cons"}}]}],"efTypeFixities":[],"efDeclarations":[{"EDType":{"edTypeName":"List","edTypeKind":{"tag":"FunKind","contents":[{"tag":"NamedKind","contents":[["Prim"],"Type"]},{"tag":"NamedKind","contents":[["Prim"],"Type"]}]},"edTypeDeclarationKind":{"DataType":{"args":[["a",{"tag":"NamedKind","contents":[["Prim"],"Type"]}]],"ctors":[["List",[{"tag":"TypeApp","contents":[{"tag":"TypeConstructor","contents":[["Data","Lazy"],"Lazy"]},{"tag":"TypeApp","contents":[{"tag":"TypeConstructor","contents":[["Data","List","Lazy","Types"],"Step"]},{"tag":"TypeVar","contents":"a"}]}]}]]]}}}},{"EDDataConstructor":{"edDataCtorName":"List","edDataCtorOrigin":"newtype","edDataCtorTypeCtor":"List","edDataCtorType":{"tag":"ForAll","contents":["a",{"tag":"TypeApp","contents":[{"tag":"TypeApp","contents":[{"tag":"TypeConstructor","contents":[["Prim"],"Function"]},{"tag":"TypeApp","contents":[{"tag":"TypeConstructor","contents":[["Data","Lazy"],"Lazy"]},{"tag":"TypeApp","contents":[{"tag":"TypeConstructor","contents":[["Data","List","Lazy","Types"],"Step"]},{"tag":"TypeVar","contents":"a"}]}]}]},{"tag":"TypeApp","contents":[{"tag":"TypeConstructor","contents":[["Data","List","Lazy","Types"],"List"]},{"tag":"TypeVar","contents":"a"}]}]},null]},"edDataCtorFields":[{"Ident":"value0"}]}},{"EDType":{"edTypeName":"NonEmptyList","edTypeKind":{"tag":"FunKind","contents":[{"tag":"NamedKind","contents":[["Prim"],"Type"]},{"tag":"NamedKind","contents":[["Prim"],"Type"]}]},"edTypeDeclarationKind":{"DataType":{"args":[["a",{"tag":"NamedKind","contents":[["Prim"],"Type"]}]],"ctors":[["NonEmptyList",[{"tag":"TypeApp","contents":[{"tag":"TypeConstructor","contents":[["Data","Lazy"],"Lazy"]},{"tag":"TypeApp","contents":[{"tag":"TypeApp","contents":[{"tag":"TypeConstructor","contents":[["Data","NonEmpty"],"NonEmpty"]},{"tag":"TypeConstructor","contents":[["Data","List","Lazy","Types"],"List"]}]},{"tag":"TypeVar","contents":"a"}]}]}]]]}}}},{"EDDataConstructor":{"edDataCtorName":"NonEmptyList","edDataCtorOrigin":"newtype","edDataCtorTypeCtor":"NonEmptyList","edDataCtorType":{"tag":"ForAll","contents":["a",{"tag":"TypeApp","contents":[{"tag":"TypeApp","contents":[{"tag":"TypeConstructor","contents":[["Prim"],"Function"]},{"tag":"TypeApp","contents":[{"tag":"TypeConstructor","contents":[["Data","Lazy"],"Lazy"]},{"tag":"TypeApp","contents":[{"tag":"TypeApp","contents":[{"tag":"TypeConstructor","contents":[["Data","NonEmpty"],"NonEmpty"]},{"tag":"TypeConstructor","contents":[["Data","List","Lazy","Types"],"List"]}]},{"tag":"TypeVar","contents":"a"}]}]}]},{"tag":"TypeApp","contents":[{"tag":"TypeConstructor","contents":[["Data","List","Lazy","Types"],"NonEmptyList"]},{"tag":"TypeVar","contents":"a"}]}]},null]},"edDataCtorFields":[{"Ident":"value0"}]}},{"EDType":{"edTypeName":"Step","edTypeKind":{"tag":"FunKind","contents":[{"tag":"NamedKind","contents":[["Prim"],"Type"]},{"tag":"NamedKind","contents":[["Prim"],"Type"]}]},"edTypeDeclarationKind":{"DataType":{"args":[["a",{"tag":"NamedKind","contents":[["Prim"],"Type"]}]],"ctors":[["Nil",[]],["Cons",[{"tag":"TypeVar","contents":"a"},{"tag":"TypeApp","contents":[{"tag":"TypeConstructor","contents":[["Data","List","Lazy","Types"],"List"]},{"tag":"TypeVar","contents":"a"}]}]]]}}}},{"EDDataConstructor":{"edDataCtorName":"Nil","edDataCtorOrigin":"data","edDataCtorTypeCtor":"Step","edDataCtorType":{"tag":"ForAll","contents":["a",{"tag":"TypeApp","contents":[{"tag":"TypeConstructor","contents":[["Data","List","Lazy","Types"],"Step"]},{"tag":"TypeVar","contents":"a"}]},null]},"edDataCtorFields":[]}},{"EDDataConstructor":{"edDataCtorName":"Cons","edDataCtorOrigin":"data","edDataCtorTypeCtor":"Step","edDataCtorType":{"tag":"ForAll","contents":["a",{"tag":"TypeApp","contents":[{"tag":"TypeApp","contents":[{"tag":"TypeConstructor","contents":[["Prim"],"Function"]},{"tag":"TypeVar","contents":"a"}]},{"tag":"TypeApp","contents":[{"tag":"TypeApp","contents":[{"tag":"TypeConstructor","contents":[["Prim"],"Function"]},{"tag":"TypeApp","contents":[{"tag":"TypeConstructor","contents":[["Data","List","Lazy","Types"],"List"]},{"tag":"TypeVar","contents":"a"}]}]},{"tag":"TypeApp","contents":[{"tag":"TypeConstructor","contents":[["Data","List","Lazy","Types"],"Step"]},{"tag":"TypeVar","contents":"a"}]}]}]},null]},"edDataCtorFields":[{"Ident":"value0"},{"Ident":"value1"}]}},{"EDValue":{"edValueName":{"Ident":"cons"},"edValueType":{"tag":"ForAll","contents":["a",{"tag":"TypeApp","contents":[{"tag":"TypeApp","contents":[{"tag":"TypeConstructor","contents":[["Prim"],"Function"]},{"tag":"TypeVar","contents":"a"}]},{"tag":"TypeApp","contents":[{"tag":"TypeApp","contents":[{"tag":"TypeConstructor","contents":[["Prim"],"Function"]},{"tag":"TypeApp","contents":[{"tag":"TypeConstructor","contents":[["Data","List","Lazy","Types"],"List"]},{"tag":"TypeVar","contents":"a"}]}]},{"tag":"TypeApp","contents":[{"tag":"TypeConstructor","contents":[["Data","List","Lazy","Types"],"List"]},{"tag":"TypeVar","contents":"a"}]}]}]},152]}}},{"EDValue":{"edValueName":{"Ident":"nil"},"edValueType":{"tag":"ForAll","contents":["a",{"tag":"TypeApp","contents":[{"tag":"TypeConstructor","contents":[["Data","List","Lazy","Types"],"List"]},{"tag":"TypeVar","contents":"a"}]},40]}}},{"EDValue":{"edValueName":{"Ident":"step"},"edValueType":{"tag":"ForAll","contents":["a",{"tag":"TypeApp","contents":[{"tag":"TypeApp","contents":[{"tag":"TypeConstructor","contents":[["Prim"],"Function"]},{"tag":"TypeApp","contents":[{"tag":"TypeConstructor","contents":[["Data","List","Lazy","Types"],"List"]},{"tag":"TypeVar","contents":"a"}]}]},{"tag":"TypeApp","contents":[{"tag":"TypeConstructor","contents":[["Data","List","Lazy","Types"],"Step"]},{"tag":"TypeVar","contents":"a"}]}]},24]}}},{"EDValue":{"edValueName":{"Ident":"toList"},"edValueType":{"tag":"ForAll","contents":["a",{"tag":"TypeApp","contents":[{"tag":"TypeApp","contents":[{"tag":"TypeConstructor","contents":[["Prim"],"Function"]},{"tag":"TypeApp","contents":[{"tag":"TypeConstructor","contents":[["Data","List","Lazy","Types"],"NonEmptyList"]},{"tag":"TypeVar","contents":"a"}]}]},{"tag":"TypeApp","contents":[{"tag":"TypeConstructor","contents":[["Data","List","Lazy","Types"],"List"]},{"tag":"TypeVar","contents":"a"}]}]},184]}}},{"EDInstance":{"edInstanceClassName":[["Data","Newtype"],"Newtype"],"edInstanceName":{"Ident":"newtypeList"},"edInstanceTypes":[{"tag":"TypeApp","contents":[{"tag":"TypeConstructor","contents":[["Data","List","Lazy","Types"],"List"]},{"tag":"TypeVar","contents":"a"}]},{"tag":"TypeApp","contents":[{"tag":"TypeConstructor","contents":[["Data","Lazy"],"Lazy"]},{"tag":"TypeApp","contents":[{"tag":"TypeConstructor","contents":[["Data","List","Lazy","Types"],"Step"]},{"tag":"TypeVar","contents":"a"}]}]}],"edInstanceConstraints":[]}},{"EDInstance":{"edInstanceClassName":[["Data","Show"],"Show"],"edInstanceName":{"Ident":"showList"},"edInstanceTypes":[{"tag":"TypeApp","contents":[{"tag":"TypeConstructor","contents":[["Data","List","Lazy","Types"],"List"]},{"tag":"TypeVar","contents":"a"}]}],"edInstanceConstraints":[{"constraintClass":[["Data","Show"],"Show"],"constraintArgs":[{"tag":"TypeVar","contents":"a"}],"constraintData":null}]}},{"EDInstance":{"edInstanceClassName":[["Data","Eq"],"Eq"],"edInstanceName":{"Ident":"eqList"},"edInstanceTypes":[{"tag":"TypeApp","contents":[{"tag":"TypeConstructor","contents":[["Data","List","Lazy","Types"],"List"]},{"tag":"TypeVar","contents":"a"}]}],"edInstanceConstraints":[{"constraintClass":[["Data","Eq"],"Eq"],"constraintArgs":[{"tag":"TypeVar","contents":"a"}],"constraintData":null}]}},{"EDInstance":{"edInstanceClassName":[["Data","Eq"],"Eq1"],"edInstanceName":{"Ident":"eq1List"},"edInstanceTypes":[{"tag":"TypeConstructor","contents":[["Data","List","Lazy","Types"],"List"]}],"edInstanceConstraints":[]}},{"EDInstance":{"edInstanceClassName":[["Data","Ord"],"Ord"],"edInstanceName":{"Ident":"ordList"},"edInstanceTypes":[{"tag":"TypeApp","contents":[{"tag":"TypeConstructor","contents":[["Data","List","Lazy","Types"],"List"]},{"tag":"TypeVar","contents":"a"}]}],"edInstanceConstraints":[{"constraintClass":[["Data","Ord"],"Ord"],"constraintArgs":[{"tag":"TypeVar","contents":"a"}],"constraintData":null}]}},{"EDInstance":{"edInstanceClassName":[["Data","Ord"],"Ord1"],"edInstanceName":{"Ident":"ord1List"},"edInstanceTypes":[{"tag":"TypeConstructor","contents":[["Data","List","Lazy","Types"],"List"]}],"edInstanceConstraints":[]}},{"EDInstance":{"edInstanceClassName":[["Control","Lazy"],"Lazy"],"edInstanceName":{"Ident":"lazyList"},"edInstanceTypes":[{"tag":"TypeApp","contents":[{"tag":"TypeConstructor","contents":[["Data","List","Lazy","Types"],"List"]},{"tag":"TypeVar","contents":"a"}]}],"edInstanceConstraints":[]}},{"EDInstance":{"edInstanceClassName":[["Data","Semigroup"],"Semigroup"],"edInstanceName":{"Ident":"semigroupList"},"edInstanceTypes":[{"tag":"TypeApp","contents":[{"tag":"TypeConstructor","contents":[["Data","List","Lazy","Types"],"List"]},{"tag":"TypeVar","contents":"a"}]}],"edInstanceConstraints":[]}},{"EDInstance":{"edInstanceClassName":[["Data","Monoid"],"Monoid"],"edInstanceName":{"Ident":"monoidList"},"edInstanceTypes":[{"tag":"TypeApp","contents":[{"tag":"TypeConstructor","contents":[["Data","List","Lazy","Types"],"List"]},{"tag":"TypeVar","contents":"a"}]}],"edInstanceConstraints":[]}},{"EDInstance":{"edInstanceClassName":[["Data","Functor"],"Functor"],"edInstanceName":{"Ident":"functorList"},"edInstanceTypes":[{"tag":"TypeConstructor","contents":[["Data","List","Lazy","Types"],"List"]}],"edInstanceConstraints":[]}},{"EDInstance":{"edInstanceClassName":[["Data","Foldable"],"Foldable"],"edInstanceName":{"Ident":"foldableList"},"edInstanceTypes":[{"tag":"TypeConstructor","contents":[["Data","List","Lazy","Types"],"List"]}],"edInstanceConstraints":[]}},{"EDInstance":{"edInstanceClassName":[["Data","Unfoldable"],"Unfoldable"],"edInstanceName":{"Ident":"unfoldableList"},"edInstanceTypes":[{"tag":"TypeConstructor","contents":[["Data","List","Lazy","Types"],"List"]}],"edInstanceConstraints":[]}},{"EDInstance":{"edInstanceClassName":[["Data","Traversable"],"Traversable"],"edInstanceName":{"Ident":"traversableList"},"edInstanceTypes":[{"tag":"TypeConstructor","contents":[["Data","List","Lazy","Types"],"List"]}],"edInstanceConstraints":[]}},{"EDInstance":{"edInstanceClassName":[["Control","Apply"],"Apply"],"edInstanceName":{"Ident":"applyList"},"edInstanceTypes":[{"tag":"TypeConstructor","contents":[["Data","List","Lazy","Types"],"List"]}],"edInstanceConstraints":[]}},{"EDInstance":{"edInstanceClassName":[["Control","Applicative"],"Applicative"],"edInstanceName":{"Ident":"applicativeList"},"edInstanceTypes":[{"tag":"TypeConstructor","contents":[["Data","List","Lazy","Types"],"List"]}],"edInstanceConstraints":[]}},{"EDInstance":{"edInstanceClassName":[["Control","Bind"],"Bind"],"edInstanceName":{"Ident":"bindList"},"edInstanceTypes":[{"tag":"TypeConstructor","contents":[["Data","List","Lazy","Types"],"List"]}],"edInstanceConstraints":[]}},{"EDInstance":{"edInstanceClassName":[["Control","Monad"],"Monad"],"edInstanceName":{"Ident":"monadList"},"edInstanceTypes":[{"tag":"TypeConstructor","contents":[["Data","List","Lazy","Types"],"List"]}],"edInstanceConstraints":[]}},{"EDInstance":{"edInstanceClassName":[["Control","Alt"],"Alt"],"edInstanceName":{"Ident":"altList"},"edInstanceTypes":[{"tag":"TypeConstructor","contents":[["Data","List","Lazy","Types"],"List"]}],"edInstanceConstraints":[]}},{"EDInstance":{"edInstanceClassName":[["Control","Plus"],"Plus"],"edInstanceName":{"Ident":"plusList"},"edInstanceTypes":[{"tag":"TypeConstructor","contents":[["Data","List","Lazy","Types"],"List"]}],"edInstanceConstraints":[]}},{"EDInstance":{"edInstanceClassName":[["Control","Alternative"],"Alternative"],"edInstanceName":{"Ident":"alternativeList"},"edInstanceTypes":[{"tag":"TypeConstructor","contents":[["Data","List","Lazy","Types"],"List"]}],"edInstanceConstraints":[]}},{"EDInstance":{"edInstanceClassName":[["Control","MonadZero"],"MonadZero"],"edInstanceName":{"Ident":"monadZeroList"},"edInstanceTypes":[{"tag":"TypeConstructor","contents":[["Data","List","Lazy","Types"],"List"]}],"edInstanceConstraints":[]}},{"EDInstance":{"edInstanceClassName":[["Control","MonadPlus"],"MonadPlus"],"edInstanceName":{"Ident":"monadPlusList"},"edInstanceTypes":[{"tag":"TypeConstructor","contents":[["Data","List","Lazy","Types"],"List"]}],"edInstanceConstraints":[]}},{"EDInstance":{"edInstanceClassName":[["Control","Extend"],"Extend"],"edInstanceName":{"Ident":"extendList"},"edInstanceTypes":[{"tag":"TypeConstructor","contents":[["Data","List","Lazy","Types"],"List"]}],"edInstanceConstraints":[]}},{"EDInstance":{"edInstanceClassName":[["Data","Newtype"],"Newtype"],"edInstanceName":{"Ident":"newtypeNonEmptyList"},"edInstanceTypes":[{"tag":"TypeApp","contents":[{"tag":"TypeConstructor","contents":[["Data","List","Lazy","Types"],"NonEmptyList"]},{"tag":"TypeVar","contents":"a"}]},{"tag":"TypeApp","contents":[{"tag":"TypeConstructor","contents":[["Data","Lazy"],"Lazy"]},{"tag":"TypeApp","contents":[{"tag":"TypeApp","contents":[{"tag":"TypeConstructor","contents":[["Data","NonEmpty"],"NonEmpty"]},{"tag":"TypeConstructor","contents":[["Data","List","Lazy","Types"],"List"]}]},{"tag":"TypeVar","contents":"a"}]}]}],"edInstanceConstraints":[]}},{"EDInstance":{"edInstanceClassName":[["Data","Eq"],"Eq"],"edInstanceName":{"Ident":"eqNonEmptyList"},"edInstanceTypes":[{"tag":"TypeApp","contents":[{"tag":"TypeConstructor","contents":[["Data","List","Lazy","Types"],"NonEmptyList"]},{"tag":"TypeVar","contents":"a"}]}],"edInstanceConstraints":[{"constraintClass":[["Data","Eq"],"Eq"],"constraintArgs":[{"tag":"TypeVar","contents":"a"}],"constraintData":null}]}},{"EDInstance":{"edInstanceClassName":[["Data","Ord"],"Ord"],"edInstanceName":{"Ident":"ordNonEmptyList"},"edInstanceTypes":[{"tag":"TypeApp","contents":[{"tag":"TypeConstructor","contents":[["Data","List","Lazy","Types"],"NonEmptyList"]},{"tag":"TypeVar","contents":"a"}]}],"edInstanceConstraints":[{"constraintClass":[["Data","Ord"],"Ord"],"constraintArgs":[{"tag":"TypeVar","contents":"a"}],"constraintData":null}]}},{"EDInstance":{"edInstanceClassName":[["Data","Show"],"Show"],"edInstanceName":{"Ident":"showNonEmptyList"},"edInstanceTypes":[{"tag":"TypeApp","contents":[{"tag":"TypeConstructor","contents":[["Data","List","Lazy","Types"],"NonEmptyList"]},{"tag":"TypeVar","contents":"a"}]}],"edInstanceConstraints":[{"constraintClass":[["Data","Show"],"Show"],"constraintArgs":[{"tag":"TypeVar","contents":"a"}],"constraintData":null}]}},{"EDInstance":{"edInstanceClassName":[["Data","Functor"],"Functor"],"edInstanceName":{"Ident":"functorNonEmptyList"},"edInstanceTypes":[{"tag":"TypeConstructor","contents":[["Data","List","Lazy","Types"],"NonEmptyList"]}],"edInstanceConstraints":[]}},{"EDInstance":{"edInstanceClassName":[["Control","Apply"],"Apply"],"edInstanceName":{"Ident":"applyNonEmptyList"},"edInstanceTypes":[{"tag":"TypeConstructor","contents":[["Data","List","Lazy","Types"],"NonEmptyList"]}],"edInstanceConstraints":[]}},{"EDInstance":{"edInstanceClassName":[["Control","Applicative"],"Applicative"],"edInstanceName":{"Ident":"applicativeNonEmptyList"},"edInstanceTypes":[{"tag":"TypeConstructor","contents":[["Data","List","Lazy","Types"],"NonEmptyList"]}],"edInstanceConstraints":[]}},{"EDInstance":{"edInstanceClassName":[["Control","Bind"],"Bind"],"edInstanceName":{"Ident":"bindNonEmptyList"},"edInstanceTypes":[{"tag":"TypeConstructor","contents":[["Data","List","Lazy","Types"],"NonEmptyList"]}],"edInstanceConstraints":[]}},{"EDInstance":{"edInstanceClassName":[["Control","Monad"],"Monad"],"edInstanceName":{"Ident":"monadNonEmptyList"},"edInstanceTypes":[{"tag":"TypeConstructor","contents":[["Data","List","Lazy","Types"],"NonEmptyList"]}],"edInstanceConstraints":[]}},{"EDInstance":{"edInstanceClassName":[["Control","Alt"],"Alt"],"edInstanceName":{"Ident":"altNonEmptyList"},"edInstanceTypes":[{"tag":"TypeConstructor","contents":[["Data","List","Lazy","Types"],"NonEmptyList"]}],"edInstanceConstraints":[]}},{"EDInstance":{"edInstanceClassName":[["Control","Extend"],"Extend"],"edInstanceName":{"Ident":"extendNonEmptyList"},"edInstanceTypes":[{"tag":"TypeConstructor","contents":[["Data","List","Lazy","Types"],"NonEmptyList"]}],"edInstanceConstraints":[]}},{"EDInstance":{"edInstanceClassName":[["Control","Comonad"],"Comonad"],"edInstanceName":{"Ident":"comonadNonEmptyList"},"edInstanceTypes":[{"tag":"TypeConstructor","contents":[["Data","List","Lazy","Types"],"NonEmptyList"]}],"edInstanceConstraints":[]}},{"EDInstance":{"edInstanceClassName":[["Data","Semigroup"],"Semigroup"],"edInstanceName":{"Ident":"semigroupNonEmptyList"},"edInstanceTypes":[{"tag":"TypeApp","contents":[{"tag":"TypeConstructor","contents":[["Data","List","Lazy","Types"],"NonEmptyList"]},{"tag":"TypeVar","contents":"a"}]}],"edInstanceConstraints":[]}},{"EDInstance":{"edInstanceClassName":[["Data","Foldable"],"Foldable"],"edInstanceName":{"Ident":"foldableNonEmptyList"},"edInstanceTypes":[{"tag":"TypeConstructor","contents":[["Data","List","Lazy","Types"],"NonEmptyList"]}],"edInstanceConstraints":[]}},{"EDInstance":{"edInstanceClassName":[["Data","Traversable"],"Traversable"],"edInstanceName":{"Ident":"traversableNonEmptyList"},"edInstanceTypes":[{"tag":"TypeConstructor","contents":[["Data","List","Lazy","Types"],"NonEmptyList"]}],"edInstanceConstraints":[]}}],"efSourceSpan":{"start":[1,1],"name":"/Users/lmcphail/projects/BasicLambda/bower_components/purescript-lists/src/Data/List/Lazy/Types.purs","end":[240,71]}}