{"efVersion":"0.11.6","efModuleName":["Type","Equality"],"efExports":[{"TypeClassRef":[{"start":[1,1],"name":"/Users/lmcphail/projects/BasicLambda/bower_components/purescript-type-equality/src/Type/Equality.purs","end":[23,12]},"TypeEquals"]},{"ValueRef":[{"start":[1,1],"name":"/Users/lmcphail/projects/BasicLambda/bower_components/purescript-type-equality/src/Type/Equality.purs","end":[23,12]},{"Ident":"from"}]},{"ValueRef":[{"start":[1,1],"name":"/Users/lmcphail/projects/BasicLambda/bower_components/purescript-type-equality/src/Type/Equality.purs","end":[23,12]},{"Ident":"to"}]},{"TypeInstanceRef":[{"start":[0,0],"name":"<generated>","end":[0,0]},{"Ident":"refl"}]}],"efImports":[{"eiModule":["Prim"],"eiImportType":{"Implicit":[]},"eiImportedAs":null},{"eiModule":["Prim"],"eiImportType":{"Implicit":[]},"eiImportedAs":["Prim"]}],"efFixities":[],"efTypeFixities":[],"efDeclarations":[{"EDType":{"edTypeName":"TypeEquals","edTypeKind":{"tag":"FunKind","contents":[{"tag":"NamedKind","contents":[["Prim"],"Type"]},{"tag":"FunKind","contents":[{"tag":"NamedKind","contents":[["Prim"],"Type"]},{"tag":"NamedKind","contents":[["Prim"],"Type"]}]}]},"edTypeDeclarationKind":"TypeSynonym"}},{"EDTypeSynonym":{"edTypeSynonymName":"TypeEquals","edTypeSynonymArguments":[["a",null],["b",null]],"edTypeSynonymType":{"tag":"TypeApp","contents":[{"tag":"TypeConstructor","contents":[["Prim"],"Record"]},{"tag":"RCons","contents":["to",{"tag":"TypeApp","contents":[{"tag":"TypeApp","contents":[{"tag":"TypeConstructor","contents":[["Prim"],"Function"]},{"tag":"TypeVar","contents":"a"}]},{"tag":"TypeVar","contents":"b"}]},{"tag":"RCons","contents":["from",{"tag":"TypeApp","contents":[{"tag":"TypeApp","contents":[{"tag":"TypeConstructor","contents":[["Prim"],"Function"]},{"tag":"TypeVar","contents":"b"}]},{"tag":"TypeVar","contents":"a"}]},{"tag":"REmpty"}]}]}]}}},{"EDClass":{"edClassName":"TypeEquals","edClassTypeArguments":[["a",null],["b",null]],"edClassMembers":[[{"Ident":"to"},{"tag":"TypeApp","contents":[{"tag":"TypeApp","contents":[{"tag":"TypeConstructor","contents":[["Prim"],"Function"]},{"tag":"TypeVar","contents":"a"}]},{"tag":"TypeVar","contents":"b"}]}],[{"Ident":"from"},{"tag":"TypeApp","contents":[{"tag":"TypeApp","contents":[{"tag":"TypeConstructor","contents":[["Prim"],"Function"]},{"tag":"TypeVar","contents":"b"}]},{"tag":"TypeVar","contents":"a"}]}]],"edClassConstraints":[],"edFunctionalDependencies":[{"determiners":[0],"determined":[1]},{"determiners":[1],"determined":[0]}]}},{"EDValue":{"edValueName":{"Ident":"from"},"edValueType":{"tag":"ForAll","contents":["a",{"tag":"ForAll","contents":["b",{"tag":"ConstrainedType","contents":[{"constraintClass":[["Type","Equality"],"TypeEquals"],"constraintArgs":[{"tag":"TypeVar","contents":"a"},{"tag":"TypeVar","contents":"b"}],"constraintData":null},{"tag":"TypeApp","contents":[{"tag":"TypeApp","contents":[{"tag":"TypeConstructor","contents":[["Prim"],"Function"]},{"tag":"TypeVar","contents":"b"}]},{"tag":"TypeVar","contents":"a"}]}]},4]},5]}}},{"EDValue":{"edValueName":{"Ident":"to"},"edValueType":{"tag":"ForAll","contents":["a",{"tag":"ForAll","contents":["b",{"tag":"ConstrainedType","contents":[{"constraintClass":[["Type","Equality"],"TypeEquals"],"constraintArgs":[{"tag":"TypeVar","contents":"a"},{"tag":"TypeVar","contents":"b"}],"constraintData":null},{"tag":"TypeApp","contents":[{"tag":"TypeApp","contents":[{"tag":"TypeConstructor","contents":[["Prim"],"Function"]},{"tag":"TypeVar","contents":"a"}]},{"tag":"TypeVar","contents":"b"}]}]},0]},1]}}},{"EDInstance":{"edInstanceClassName":[["Type","Equality"],"TypeEquals"],"edInstanceName":{"Ident":"refl"},"edInstanceTypes":[{"tag":"TypeVar","contents":"a"},{"tag":"TypeVar","contents":"a"}],"edInstanceConstraints":[]}}],"efSourceSpan":{"start":[1,1],"name":"/Users/lmcphail/projects/BasicLambda/bower_components/purescript-type-equality/src/Type/Equality.purs","end":[23,12]}}