{"efVersion":"0.11.6","efModuleName":["Data","Generic","Rep","Eq"],"efExports":[{"TypeClassRef":[{"start":[1,1],"name":"/Users/lmcphail/projects/BasicLambda/bower_components/purescript-generics-rep/src/Data/Generic/Rep/Eq.purs","end":[41,44]},"GenericEq"]},{"ValueRef":[{"start":[1,1],"name":"/Users/lmcphail/projects/BasicLambda/bower_components/purescript-generics-rep/src/Data/Generic/Rep/Eq.purs","end":[41,44]},{"Ident":"genericEq"}]},{"ValueRef":[{"start":[1,1],"name":"/Users/lmcphail/projects/BasicLambda/bower_components/purescript-generics-rep/src/Data/Generic/Rep/Eq.purs","end":[41,44]},{"Ident":"genericEq'"}]},{"TypeInstanceRef":[{"start":[0,0],"name":"<generated>","end":[0,0]},{"Ident":"genericEqNoConstructors"}]},{"TypeInstanceRef":[{"start":[0,0],"name":"<generated>","end":[0,0]},{"Ident":"genericEqNoArguments"}]},{"TypeInstanceRef":[{"start":[0,0],"name":"<generated>","end":[0,0]},{"Ident":"genericEqSum"}]},{"TypeInstanceRef":[{"start":[0,0],"name":"<generated>","end":[0,0]},{"Ident":"genericEqProduct"}]},{"TypeInstanceRef":[{"start":[0,0],"name":"<generated>","end":[0,0]},{"Ident":"genericEqConstructor"}]},{"TypeInstanceRef":[{"start":[0,0],"name":"<generated>","end":[0,0]},{"Ident":"genericEqArgument"}]},{"TypeInstanceRef":[{"start":[0,0],"name":"<generated>","end":[0,0]},{"Ident":"genericEqRec"}]},{"TypeInstanceRef":[{"start":[0,0],"name":"<generated>","end":[0,0]},{"Ident":"genericEqField"}]}],"efImports":[{"eiModule":["Prim"],"eiImportType":{"Implicit":[]},"eiImportedAs":null},{"eiModule":["Prim"],"eiImportType":{"Implicit":[]},"eiImportedAs":["Prim"]},{"eiModule":["Prelude"],"eiImportType":{"Explicit":[{"TypeClassRef":[{"start":[7,17],"name":"/Users/lmcphail/projects/BasicLambda/bower_components/purescript-generics-rep/src/Data/Generic/Rep/Eq.purs","end":[7,25]},"Eq"]},{"ValueOpRef":[{"start":[7,27],"name":"/Users/lmcphail/projects/BasicLambda/bower_components/purescript-generics-rep/src/Data/Generic/Rep/Eq.purs","end":[7,31]},"=="]},{"ValueOpRef":[{"start":[7,33],"name":"/Users/lmcphail/projects/BasicLambda/bower_components/purescript-generics-rep/src/Data/Generic/Rep/Eq.purs","end":[7,37]},"&&"]}]},"eiImportedAs":null},{"eiModule":["Data","Generic","Rep"],"eiImportType":{"Implicit":[]},"eiImportedAs":null}],"efFixities":[],"efTypeFixities":[],"efDeclarations":[{"EDType":{"edTypeName":"GenericEq","edTypeKind":{"tag":"FunKind","contents":[{"tag":"NamedKind","contents":[["Prim"],"Type"]},{"tag":"NamedKind","contents":[["Prim"],"Type"]}]},"edTypeDeclarationKind":"TypeSynonym"}},{"EDTypeSynonym":{"edTypeSynonymName":"GenericEq","edTypeSynonymArguments":[["a",null]],"edTypeSynonymType":{"tag":"TypeApp","contents":[{"tag":"TypeConstructor","contents":[["Prim"],"Record"]},{"tag":"RCons","contents":["genericEq'",{"tag":"TypeApp","contents":[{"tag":"TypeApp","contents":[{"tag":"TypeConstructor","contents":[["Prim"],"Function"]},{"tag":"TypeVar","contents":"a"}]},{"tag":"TypeApp","contents":[{"tag":"TypeApp","contents":[{"tag":"TypeConstructor","contents":[["Prim"],"Function"]},{"tag":"TypeVar","contents":"a"}]},{"tag":"TypeConstructor","contents":[["Prim"],"Boolean"]}]}]},{"tag":"REmpty"}]}]}}},{"EDClass":{"edClassName":"GenericEq","edClassTypeArguments":[["a",null]],"edClassMembers":[[{"Ident":"genericEq'"},{"tag":"TypeApp","contents":[{"tag":"TypeApp","contents":[{"tag":"TypeConstructor","contents":[["Prim"],"Function"]},{"tag":"TypeVar","contents":"a"}]},{"tag":"TypeApp","contents":[{"tag":"TypeApp","contents":[{"tag":"TypeConstructor","contents":[["Prim"],"Function"]},{"tag":"TypeVar","contents":"a"}]},{"tag":"TypeConstructor","contents":[["Prim"],"Boolean"]}]}]}]],"edClassConstraints":[],"edFunctionalDependencies":[]}},{"EDValue":{"edValueName":{"Ident":"genericEq"},"edValueType":{"tag":"ForAll","contents":["rep",{"tag":"ForAll","contents":["a",{"tag":"ConstrainedType","contents":[{"constraintClass":[["Data","Generic","Rep"],"Generic"],"constraintArgs":[{"tag":"TypeVar","contents":"a"},{"tag":"TypeVar","contents":"rep"}],"constraintData":null},{"tag":"ConstrainedType","contents":[{"constraintClass":[["Data","Generic","Rep","Eq"],"GenericEq"],"constraintArgs":[{"tag":"TypeVar","contents":"rep"}],"constraintData":null},{"tag":"TypeApp","contents":[{"tag":"TypeApp","contents":[{"tag":"TypeConstructor","contents":[["Prim"],"Function"]},{"tag":"TypeVar","contents":"a"}]},{"tag":"TypeApp","contents":[{"tag":"TypeApp","contents":[{"tag":"TypeConstructor","contents":[["Prim"],"Function"]},{"tag":"TypeVar","contents":"a"}]},{"tag":"TypeConstructor","contents":[["Prim"],"Boolean"]}]}]}]}]},21]},22]}}},{"EDValue":{"edValueName":{"Ident":"genericEq'"},"edValueType":{"tag":"ForAll","contents":["a",{"tag":"ConstrainedType","contents":[{"constraintClass":[["Data","Generic","Rep","Eq"],"GenericEq"],"constraintArgs":[{"tag":"TypeVar","contents":"a"}],"constraintData":null},{"tag":"TypeApp","contents":[{"tag":"TypeApp","contents":[{"tag":"TypeConstructor","contents":[["Prim"],"Function"]},{"tag":"TypeVar","contents":"a"}]},{"tag":"TypeApp","contents":[{"tag":"TypeApp","contents":[{"tag":"TypeConstructor","contents":[["Prim"],"Function"]},{"tag":"TypeVar","contents":"a"}]},{"tag":"TypeConstructor","contents":[["Prim"],"Boolean"]}]}]}]},6]}}},{"EDInstance":{"edInstanceClassName":[["Data","Generic","Rep","Eq"],"GenericEq"],"edInstanceName":{"Ident":"genericEqNoConstructors"},"edInstanceTypes":[{"tag":"TypeConstructor","contents":[["Data","Generic","Rep"],"NoConstructors"]}],"edInstanceConstraints":[]}},{"EDInstance":{"edInstanceClassName":[["Data","Generic","Rep","Eq"],"GenericEq"],"edInstanceName":{"Ident":"genericEqNoArguments"},"edInstanceTypes":[{"tag":"TypeConstructor","contents":[["Data","Generic","Rep"],"NoArguments"]}],"edInstanceConstraints":[]}},{"EDInstance":{"edInstanceClassName":[["Data","Generic","Rep","Eq"],"GenericEq"],"edInstanceName":{"Ident":"genericEqSum"},"edInstanceTypes":[{"tag":"TypeApp","contents":[{"tag":"TypeApp","contents":[{"tag":"TypeConstructor","contents":[["Data","Generic","Rep"],"Sum"]},{"tag":"TypeVar","contents":"a"}]},{"tag":"TypeVar","contents":"b"}]}],"edInstanceConstraints":[{"constraintClass":[["Data","Generic","Rep","Eq"],"GenericEq"],"constraintArgs":[{"tag":"TypeVar","contents":"a"}],"constraintData":null},{"constraintClass":[["Data","Generic","Rep","Eq"],"GenericEq"],"constraintArgs":[{"tag":"TypeVar","contents":"b"}],"constraintData":null}]}},{"EDInstance":{"edInstanceClassName":[["Data","Generic","Rep","Eq"],"GenericEq"],"edInstanceName":{"Ident":"genericEqProduct"},"edInstanceTypes":[{"tag":"TypeApp","contents":[{"tag":"TypeApp","contents":[{"tag":"TypeConstructor","contents":[["Data","Generic","Rep"],"Product"]},{"tag":"TypeVar","contents":"a"}]},{"tag":"TypeVar","contents":"b"}]}],"edInstanceConstraints":[{"constraintClass":[["Data","Generic","Rep","Eq"],"GenericEq"],"constraintArgs":[{"tag":"TypeVar","contents":"a"}],"constraintData":null},{"constraintClass":[["Data","Generic","Rep","Eq"],"GenericEq"],"constraintArgs":[{"tag":"TypeVar","contents":"b"}],"constraintData":null}]}},{"EDInstance":{"edInstanceClassName":[["Data","Generic","Rep","Eq"],"GenericEq"],"edInstanceName":{"Ident":"genericEqConstructor"},"edInstanceTypes":[{"tag":"TypeApp","contents":[{"tag":"TypeApp","contents":[{"tag":"TypeConstructor","contents":[["Data","Generic","Rep"],"Constructor"]},{"tag":"TypeVar","contents":"name"}]},{"tag":"TypeVar","contents":"a"}]}],"edInstanceConstraints":[{"constraintClass":[["Data","Generic","Rep","Eq"],"GenericEq"],"constraintArgs":[{"tag":"TypeVar","contents":"a"}],"constraintData":null}]}},{"EDInstance":{"edInstanceClassName":[["Data","Generic","Rep","Eq"],"GenericEq"],"edInstanceName":{"Ident":"genericEqArgument"},"edInstanceTypes":[{"tag":"TypeApp","contents":[{"tag":"TypeConstructor","contents":[["Data","Generic","Rep"],"Argument"]},{"tag":"TypeVar","contents":"a"}]}],"edInstanceConstraints":[{"constraintClass":[["Data","Eq"],"Eq"],"constraintArgs":[{"tag":"TypeVar","contents":"a"}],"constraintData":null}]}},{"EDInstance":{"edInstanceClassName":[["Data","Generic","Rep","Eq"],"GenericEq"],"edInstanceName":{"Ident":"genericEqRec"},"edInstanceTypes":[{"tag":"TypeApp","contents":[{"tag":"TypeConstructor","contents":[["Data","Generic","Rep"],"Rec"]},{"tag":"TypeVar","contents":"a"}]}],"edInstanceConstraints":[{"constraintClass":[["Data","Generic","Rep","Eq"],"GenericEq"],"constraintArgs":[{"tag":"TypeVar","contents":"a"}],"constraintData":null}]}},{"EDInstance":{"edInstanceClassName":[["Data","Generic","Rep","Eq"],"GenericEq"],"edInstanceName":{"Ident":"genericEqField"},"edInstanceTypes":[{"tag":"TypeApp","contents":[{"tag":"TypeApp","contents":[{"tag":"TypeConstructor","contents":[["Data","Generic","Rep"],"Field"]},{"tag":"TypeVar","contents":"name"}]},{"tag":"TypeVar","contents":"a"}]}],"edInstanceConstraints":[{"constraintClass":[["Data","Eq"],"Eq"],"constraintArgs":[{"tag":"TypeVar","contents":"a"}],"constraintData":null}]}}],"efSourceSpan":{"start":[1,1],"name":"/Users/lmcphail/projects/BasicLambda/bower_components/purescript-generics-rep/src/Data/Generic/Rep/Eq.purs","end":[41,44]}}