{"efVersion":"0.11.6","efModuleName":["Type","Row"],"efExports":[{"TypeRef":[{"start":[1,1],"name":"/Users/lmcphail/projects/BasicLambda/bower_components/purescript-typelevel-prelude/src/Type/Row.purs","end":[72,37]},"Cons",[]]},{"TypeRef":[{"start":[1,1],"name":"/Users/lmcphail/projects/BasicLambda/bower_components/purescript-typelevel-prelude/src/Type/Row.purs","end":[72,37]},"Nil",[]]},{"TypeRef":[{"start":[1,1],"name":"/Users/lmcphail/projects/BasicLambda/bower_components/purescript-typelevel-prelude/src/Type/Row.purs","end":[72,37]},"RLProxy",["RLProxy"]]},{"TypeRef":[{"start":[1,1],"name":"/Users/lmcphail/projects/BasicLambda/bower_components/purescript-typelevel-prelude/src/Type/Row.purs","end":[72,37]},"RProxy",["RProxy"]]},{"TypeClassRef":[{"start":[1,1],"name":"/Users/lmcphail/projects/BasicLambda/bower_components/purescript-typelevel-prelude/src/Type/Row.purs","end":[72,37]},"ListToRow"]},{"TypeClassRef":[{"start":[1,1],"name":"/Users/lmcphail/projects/BasicLambda/bower_components/purescript-typelevel-prelude/src/Type/Row.purs","end":[72,37]},"RowLacking"]},{"TypeClassRef":[{"start":[1,1],"name":"/Users/lmcphail/projects/BasicLambda/bower_components/purescript-typelevel-prelude/src/Type/Row.purs","end":[72,37]},"RowLacks"]},{"TypeClassRef":[{"start":[1,1],"name":"/Users/lmcphail/projects/BasicLambda/bower_components/purescript-typelevel-prelude/src/Type/Row.purs","end":[72,37]},"RowToList"]},{"KindRef":[{"start":[1,1],"name":"/Users/lmcphail/projects/BasicLambda/bower_components/purescript-typelevel-prelude/src/Type/Row.purs","end":[72,37]},"RowList"]},{"TypeInstanceRef":[{"start":[0,0],"name":"<generated>","end":[0,0]},{"Ident":"rowLacking"}]},{"TypeInstanceRef":[{"start":[0,0],"name":"<generated>","end":[0,0]},{"Ident":"rowLacks"}]},{"TypeInstanceRef":[{"start":[0,0],"name":"<generated>","end":[0,0]},{"Ident":"listToRowNil"}]},{"TypeInstanceRef":[{"start":[0,0],"name":"<generated>","end":[0,0]},{"Ident":"listToRowCons"}]}],"efImports":[{"eiModule":["Prim"],"eiImportType":{"Implicit":[]},"eiImportedAs":null},{"eiModule":["Prim"],"eiImportType":{"Implicit":[]},"eiImportedAs":["Prim"]}],"efFixities":[],"efTypeFixities":[],"efDeclarations":[{"EDType":{"edTypeName":"Cons","edTypeKind":{"tag":"FunKind","contents":[{"tag":"NamedKind","contents":[["Prim"],"Symbol"]},{"tag":"FunKind","contents":[{"tag":"NamedKind","contents":[["Prim"],"Type"]},{"tag":"FunKind","contents":[{"tag":"NamedKind","contents":[["Type","Row"],"RowList"]},{"tag":"NamedKind","contents":[["Type","Row"],"RowList"]}]}]}]},"edTypeDeclarationKind":"ExternData"}},{"EDType":{"edTypeName":"Nil","edTypeKind":{"tag":"NamedKind","contents":[["Type","Row"],"RowList"]},"edTypeDeclarationKind":"ExternData"}},{"EDType":{"edTypeName":"RLProxy","edTypeKind":{"tag":"FunKind","contents":[{"tag":"NamedKind","contents":[["Type","Row"],"RowList"]},{"tag":"NamedKind","contents":[["Prim"],"Type"]}]},"edTypeDeclarationKind":{"DataType":{"args":[["rowList",{"tag":"NamedKind","contents":[["Type","Row"],"RowList"]}]],"ctors":[["RLProxy",[]]]}}}},{"EDDataConstructor":{"edDataCtorName":"RLProxy","edDataCtorOrigin":"data","edDataCtorTypeCtor":"RLProxy","edDataCtorType":{"tag":"ForAll","contents":["rowList",{"tag":"TypeApp","contents":[{"tag":"TypeConstructor","contents":[["Type","Row"],"RLProxy"]},{"tag":"TypeVar","contents":"rowList"}]},null]},"edDataCtorFields":[]}},{"EDType":{"edTypeName":"RProxy","edTypeKind":{"tag":"FunKind","contents":[{"tag":"Row","contents":{"tag":"NamedKind","contents":[["Prim"],"Type"]}},{"tag":"NamedKind","contents":[["Prim"],"Type"]}]},"edTypeDeclarationKind":{"DataType":{"args":[["row",{"tag":"Row","contents":{"tag":"NamedKind","contents":[["Prim"],"Type"]}}]],"ctors":[["RProxy",[]]]}}}},{"EDDataConstructor":{"edDataCtorName":"RProxy","edDataCtorOrigin":"data","edDataCtorTypeCtor":"RProxy","edDataCtorType":{"tag":"ForAll","contents":["row",{"tag":"TypeApp","contents":[{"tag":"TypeConstructor","contents":[["Type","Row"],"RProxy"]},{"tag":"TypeVar","contents":"row"}]},null]},"edDataCtorFields":[]}},{"EDType":{"edTypeName":"ListToRow","edTypeKind":{"tag":"FunKind","contents":[{"tag":"NamedKind","contents":[["Type","Row"],"RowList"]},{"tag":"FunKind","contents":[{"tag":"Row","contents":{"tag":"NamedKind","contents":[["Prim"],"Type"]}},{"tag":"NamedKind","contents":[["Prim"],"Type"]}]}]},"edTypeDeclarationKind":"TypeSynonym"}},{"EDTypeSynonym":{"edTypeSynonymName":"ListToRow","edTypeSynonymArguments":[["list",{"tag":"NamedKind","contents":[["Type","Row"],"RowList"]}],["row",{"tag":"Row","contents":{"tag":"NamedKind","contents":[["Prim"],"Type"]}}]],"edTypeSynonymType":{"tag":"TypeApp","contents":[{"tag":"TypeConstructor","contents":[["Prim"],"Record"]},{"tag":"REmpty"}]}}},{"EDClass":{"edClassName":"ListToRow","edClassTypeArguments":[["list",{"tag":"NamedKind","contents":[["Type","Row"],"RowList"]}],["row",{"tag":"Row","contents":{"tag":"NamedKind","contents":[["Prim"],"Type"]}}]],"edClassMembers":[],"edClassConstraints":[],"edFunctionalDependencies":[{"determiners":[0],"determined":[1]}]}},{"EDType":{"edTypeName":"RowLacking","edTypeKind":{"tag":"FunKind","contents":[{"tag":"NamedKind","contents":[["Prim"],"Type"]},{"tag":"FunKind","contents":[{"tag":"NamedKind","contents":[["Prim"],"Symbol"]},{"tag":"FunKind","contents":[{"tag":"NamedKind","contents":[["Prim"],"Type"]},{"tag":"FunKind","contents":[{"tag":"Row","contents":{"tag":"NamedKind","contents":[["Prim"],"Type"]}},{"tag":"NamedKind","contents":[["Prim"],"Type"]}]}]}]}]},"edTypeDeclarationKind":"TypeSynonym"}},{"EDTypeSynonym":{"edTypeSynonymName":"RowLacking","edTypeSynonymArguments":[["entry",{"tag":"NamedKind","contents":[["Prim"],"Type"]}],["key",{"tag":"NamedKind","contents":[["Prim"],"Symbol"]}],["typ",{"tag":"NamedKind","contents":[["Prim"],"Type"]}],["row",{"tag":"Row","contents":{"tag":"NamedKind","contents":[["Prim"],"Type"]}}]],"edTypeSynonymType":{"tag":"TypeApp","contents":[{"tag":"TypeConstructor","contents":[["Prim"],"Record"]},{"tag":"REmpty"}]}}},{"EDClass":{"edClassName":"RowLacking","edClassTypeArguments":[["entry",{"tag":"NamedKind","contents":[["Prim"],"Type"]}],["key",{"tag":"NamedKind","contents":[["Prim"],"Symbol"]}],["typ",{"tag":"NamedKind","contents":[["Prim"],"Type"]}],["row",{"tag":"Row","contents":{"tag":"NamedKind","contents":[["Prim"],"Type"]}}]],"edClassMembers":[],"edClassConstraints":[],"edFunctionalDependencies":[{"determiners":[0,2],"determined":[1,3]}]}},{"EDType":{"edTypeName":"RowLacks","edTypeKind":{"tag":"FunKind","contents":[{"tag":"NamedKind","contents":[["Prim"],"Symbol"]},{"tag":"FunKind","contents":[{"tag":"Row","contents":{"tag":"NamedKind","contents":[["Prim"],"Type"]}},{"tag":"NamedKind","contents":[["Prim"],"Type"]}]}]},"edTypeDeclarationKind":"TypeSynonym"}},{"EDTypeSynonym":{"edTypeSynonymName":"RowLacks","edTypeSynonymArguments":[["key",{"tag":"NamedKind","contents":[["Prim"],"Symbol"]}],["row",{"tag":"Row","contents":{"tag":"NamedKind","contents":[["Prim"],"Type"]}}]],"edTypeSynonymType":{"tag":"TypeApp","contents":[{"tag":"TypeConstructor","contents":[["Prim"],"Record"]},{"tag":"REmpty"}]}}},{"EDClass":{"edClassName":"RowLacks","edClassTypeArguments":[["key",{"tag":"NamedKind","contents":[["Prim"],"Symbol"]}],["row",{"tag":"Row","contents":{"tag":"NamedKind","contents":[["Prim"],"Type"]}}]],"edClassMembers":[],"edClassConstraints":[],"edFunctionalDependencies":[]}},{"EDType":{"edTypeName":"RowToList","edTypeKind":{"tag":"FunKind","contents":[{"tag":"Row","contents":{"tag":"NamedKind","contents":[["Prim"],"Type"]}},{"tag":"FunKind","contents":[{"tag":"NamedKind","contents":[["Type","Row"],"RowList"]},{"tag":"NamedKind","contents":[["Prim"],"Type"]}]}]},"edTypeDeclarationKind":"TypeSynonym"}},{"EDTypeSynonym":{"edTypeSynonymName":"RowToList","edTypeSynonymArguments":[["row",{"tag":"Row","contents":{"tag":"NamedKind","contents":[["Prim"],"Type"]}}],["list",{"tag":"NamedKind","contents":[["Type","Row"],"RowList"]}]],"edTypeSynonymType":{"tag":"TypeApp","contents":[{"tag":"TypeConstructor","contents":[["Prim"],"Record"]},{"tag":"REmpty"}]}}},{"EDClass":{"edClassName":"RowToList","edClassTypeArguments":[["row",{"tag":"Row","contents":{"tag":"NamedKind","contents":[["Prim"],"Type"]}}],["list",{"tag":"NamedKind","contents":[["Type","Row"],"RowList"]}]],"edClassMembers":[],"edClassConstraints":[],"edFunctionalDependencies":[{"determiners":[0],"determined":[1]}]}},{"EDKind":{"edKindName":"RowList"}},{"EDInstance":{"edInstanceClassName":[["Type","Row"],"RowLacking"],"edInstanceName":{"Ident":"rowLacking"},"edInstanceTypes":[{"tag":"TypeVar","contents":"entry"},{"tag":"TypeVar","contents":"key"},{"tag":"TypeVar","contents":"entry"},{"tag":"TypeVar","contents":"row"}],"edInstanceConstraints":[]}},{"EDInstance":{"edInstanceClassName":[["Type","Row"],"RowLacks"],"edInstanceName":{"Ident":"rowLacks"},"edInstanceTypes":[{"tag":"TypeVar","contents":"key"},{"tag":"TypeVar","contents":"row"}],"edInstanceConstraints":[{"constraintClass":[["Prim"],"RowCons"],"constraintArgs":[{"tag":"TypeVar","contents":"key"},{"tag":"TypeConstructor","contents":[["Type","Row"],"Entry"]},{"tag":"REmpty"},{"tag":"TypeVar","contents":"keyEntry"}],"constraintData":null},{"constraintClass":[["Prim"],"Union"],"constraintArgs":[{"tag":"TypeVar","contents":"row"},{"tag":"TypeVar","contents":"keyEntry"},{"tag":"TypeVar","contents":"rowKeyEntry"}],"constraintData":null},{"constraintClass":[["Prim"],"RowCons"],"constraintArgs":[{"tag":"TypeVar","contents":"key"},{"tag":"TypeVar","contents":"typ"},{"tag":"TypeVar","contents":"ignored"},{"tag":"TypeVar","contents":"rowKeyEntry"}],"constraintData":null},{"constraintClass":[["Type","Row"],"RowLacking"],"constraintArgs":[{"tag":"TypeConstructor","contents":[["Type","Row"],"Entry"]},{"tag":"TypeVar","contents":"key"},{"tag":"TypeVar","contents":"typ"},{"tag":"TypeVar","contents":"row"}],"constraintData":null}]}},{"EDInstance":{"edInstanceClassName":[["Type","Row"],"ListToRow"],"edInstanceName":{"Ident":"listToRowNil"},"edInstanceTypes":[{"tag":"TypeConstructor","contents":[["Type","Row"],"Nil"]},{"tag":"REmpty"}],"edInstanceConstraints":[]}},{"EDInstance":{"edInstanceClassName":[["Type","Row"],"ListToRow"],"edInstanceName":{"Ident":"listToRowCons"},"edInstanceTypes":[{"tag":"TypeApp","contents":[{"tag":"TypeApp","contents":[{"tag":"TypeApp","contents":[{"tag":"TypeConstructor","contents":[["Type","Row"],"Cons"]},{"tag":"TypeVar","contents":"label"}]},{"tag":"TypeVar","contents":"ty"}]},{"tag":"TypeVar","contents":"tail"}]},{"tag":"TypeVar","contents":"row"}],"edInstanceConstraints":[{"constraintClass":[["Type","Row"],"ListToRow"],"constraintArgs":[{"tag":"TypeVar","contents":"tail"},{"tag":"TypeVar","contents":"tailRow"}],"constraintData":null},{"constraintClass":[["Prim"],"RowCons"],"constraintArgs":[{"tag":"TypeVar","contents":"label"},{"tag":"TypeVar","contents":"ty"},{"tag":"TypeVar","contents":"tailRow"},{"tag":"TypeVar","contents":"row"}],"constraintData":null}]}}],"efSourceSpan":{"start":[1,1],"name":"/Users/lmcphail/projects/BasicLambda/bower_components/purescript-typelevel-prelude/src/Type/Row.purs","end":[72,37]}}