{"efVersion":"0.11.6","efModuleName":["Lambda"],"efExports":[{"TypeRef":[{"start":[1,1],"name":"/Users/lmcphail/projects/BasicLambda/src/Lambda.purs","end":[15,80]},"Event",[]]},{"ValueRef":[{"start":[1,1],"name":"/Users/lmcphail/projects/BasicLambda/src/Lambda.purs","end":[15,80]},{"Ident":"handler"}]}],"efImports":[{"eiModule":["Prim"],"eiImportType":{"Implicit":[]},"eiImportedAs":null},{"eiModule":["Prim"],"eiImportType":{"Implicit":[]},"eiImportedAs":["Prim"]},{"eiModule":["Prelude"],"eiImportType":{"Implicit":[]},"eiImportedAs":null},{"eiModule":["Control","Monad","Except"],"eiImportType":{"Explicit":[{"ValueRef":[{"start":[4,30],"name":"/Users/lmcphail/projects/BasicLambda/src/Lambda.purs","end":[4,39]},{"Ident":"runExcept"}]}]},"eiImportedAs":null},{"eiModule":["Data","Either"],"eiImportType":{"Explicit":[{"TypeRef":[{"start":[5,21],"name":"/Users/lmcphail/projects/BasicLambda/src/Lambda.purs","end":[5,31]},"Either",null]}]},"eiImportedAs":null},{"eiModule":["Simple","JSON"],"eiImportType":{"Explicit":[{"ValueRef":[{"start":[6,21],"name":"/Users/lmcphail/projects/BasicLambda/src/Lambda.purs","end":[6,29]},{"Ident":"readJSON"}]},{"ValueRef":[{"start":[6,31],"name":"/Users/lmcphail/projects/BasicLambda/src/Lambda.purs","end":[6,40]},{"Ident":"writeJSON"}]}]},"eiImportedAs":null}],"efFixities":[],"efTypeFixities":[],"efDeclarations":[{"EDType":{"edTypeName":"Event","edTypeKind":{"tag":"NamedKind","contents":[["Prim"],"Type"]},"edTypeDeclarationKind":"TypeSynonym"}},{"EDTypeSynonym":{"edTypeSynonymName":"Event","edTypeSynonymArguments":[],"edTypeSynonymType":{"tag":"TypeApp","contents":[{"tag":"TypeConstructor","contents":[["Prim"],"Record"]},{"tag":"RCons","contents":["greeting",{"tag":"TypeConstructor","contents":[["Prim"],"String"]},{"tag":"REmpty"}]}]}}},{"EDValue":{"edValueName":{"Ident":"handler"},"edValueType":{"tag":"TypeApp","contents":[{"tag":"TypeApp","contents":[{"tag":"TypeConstructor","contents":[["Prim"],"Function"]},{"tag":"TypeConstructor","contents":[["Prim"],"String"]}]},{"tag":"TypeApp","contents":[{"tag":"TypeConstructor","contents":[["Prim"],"Record"]},{"tag":"RCons","contents":["statusCode",{"tag":"TypeConstructor","contents":[["Prim"],"String"]},{"tag":"RCons","contents":["body",{"tag":"TypeConstructor","contents":[["Prim"],"String"]},{"tag":"REmpty"}]}]}]}]}}}],"efSourceSpan":{"start":[1,1],"name":"/Users/lmcphail/projects/BasicLambda/src/Lambda.purs","end":[15,80]}}