{"efVersion":"0.11.6","efModuleName":["Data","Foreign","Generic","Types"],"efExports":[{"TypeRef":[{"start":[1,1],"name":"/Users/lmcphail/projects/BasicLambda/bower_components/purescript-foreign-generic/src/Data/Foreign/Generic/Types.purs","end":[18,5]},"Options",[]]},{"TypeRef":[{"start":[1,1],"name":"/Users/lmcphail/projects/BasicLambda/bower_components/purescript-foreign-generic/src/Data/Foreign/Generic/Types.purs","end":[18,5]},"SumEncoding",["TaggedObject"]]}],"efImports":[{"eiModule":["Prim"],"eiImportType":{"Implicit":[]},"eiImportedAs":null},{"eiModule":["Prim"],"eiImportType":{"Implicit":[]},"eiImportedAs":["Prim"]}],"efFixities":[],"efTypeFixities":[],"efDeclarations":[{"EDType":{"edTypeName":"Options","edTypeKind":{"tag":"NamedKind","contents":[["Prim"],"Type"]},"edTypeDeclarationKind":"TypeSynonym"}},{"EDTypeSynonym":{"edTypeSynonymName":"Options","edTypeSynonymArguments":[],"edTypeSynonymType":{"tag":"TypeApp","contents":[{"tag":"TypeConstructor","contents":[["Prim"],"Record"]},{"tag":"RCons","contents":["sumEncoding",{"tag":"TypeConstructor","contents":[["Data","Foreign","Generic","Types"],"SumEncoding"]},{"tag":"RCons","contents":["unwrapSingleConstructors",{"tag":"TypeConstructor","contents":[["Prim"],"Boolean"]},{"tag":"RCons","contents":["unwrapSingleArguments",{"tag":"TypeConstructor","contents":[["Prim"],"Boolean"]},{"tag":"RCons","contents":["fieldTransform",{"tag":"TypeApp","contents":[{"tag":"TypeApp","contents":[{"tag":"TypeConstructor","contents":[["Prim"],"Function"]},{"tag":"TypeConstructor","contents":[["Prim"],"String"]}]},{"tag":"TypeConstructor","contents":[["Prim"],"String"]}]},{"tag":"REmpty"}]}]}]}]}]}}},{"EDType":{"edTypeName":"SumEncoding","edTypeKind":{"tag":"NamedKind","contents":[["Prim"],"Type"]},"edTypeDeclarationKind":{"DataType":{"args":[],"ctors":[["TaggedObject",[{"tag":"TypeApp","contents":[{"tag":"TypeConstructor","contents":[["Prim"],"Record"]},{"tag":"RCons","contents":["tagFieldName",{"tag":"TypeConstructor","contents":[["Prim"],"String"]},{"tag":"RCons","contents":["contentsFieldName",{"tag":"TypeConstructor","contents":[["Prim"],"String"]},{"tag":"RCons","contents":["constructorTagTransform",{"tag":"TypeApp","contents":[{"tag":"TypeApp","contents":[{"tag":"TypeConstructor","contents":[["Prim"],"Function"]},{"tag":"TypeConstructor","contents":[["Prim"],"String"]}]},{"tag":"TypeConstructor","contents":[["Prim"],"String"]}]},{"tag":"REmpty"}]}]}]}]}]]]}}}},{"EDDataConstructor":{"edDataCtorName":"TaggedObject","edDataCtorOrigin":"data","edDataCtorTypeCtor":"SumEncoding","edDataCtorType":{"tag":"TypeApp","contents":[{"tag":"TypeApp","contents":[{"tag":"TypeConstructor","contents":[["Prim"],"Function"]},{"tag":"TypeApp","contents":[{"tag":"TypeConstructor","contents":[["Prim"],"Record"]},{"tag":"RCons","contents":["tagFieldName",{"tag":"TypeConstructor","contents":[["Prim"],"String"]},{"tag":"RCons","contents":["contentsFieldName",{"tag":"TypeConstructor","contents":[["Prim"],"String"]},{"tag":"RCons","contents":["constructorTagTransform",{"tag":"TypeApp","contents":[{"tag":"TypeApp","contents":[{"tag":"TypeConstructor","contents":[["Prim"],"Function"]},{"tag":"TypeConstructor","contents":[["Prim"],"String"]}]},{"tag":"TypeConstructor","contents":[["Prim"],"String"]}]},{"tag":"REmpty"}]}]}]}]}]},{"tag":"TypeConstructor","contents":[["Data","Foreign","Generic","Types"],"SumEncoding"]}]},"edDataCtorFields":[{"Ident":"value0"}]}}],"efSourceSpan":{"start":[1,1],"name":"/Users/lmcphail/projects/BasicLambda/bower_components/purescript-foreign-generic/src/Data/Foreign/Generic/Types.purs","end":[18,5]}}