{"efVersion":"0.11.6","efModuleName":["Data","Monoid"],"efExports":[{"TypeClassRef":[{"start":[1,1],"name":"/Users/lmcphail/projects/BasicLambda/bower_components/purescript-monoid/src/Data/Monoid.purs","end":[56,57]},"Monoid"]},{"ReExportRef":[{"start":[1,1],"name":"/Users/lmcphail/projects/BasicLambda/bower_components/purescript-monoid/src/Data/Monoid.purs","end":[56,57]},["Data","Semigroup"],{"TypeClassRef":[{"start":[1,1],"name":"/Users/lmcphail/projects/BasicLambda/bower_components/purescript-monoid/src/Data/Monoid.purs","end":[56,57]},"Semigroup"]}]},{"ReExportRef":[{"start":[1,1],"name":"/Users/lmcphail/projects/BasicLambda/bower_components/purescript-monoid/src/Data/Monoid.purs","end":[56,57]},["Data","Semigroup"],{"ValueRef":[{"start":[1,1],"name":"/Users/lmcphail/projects/BasicLambda/bower_components/purescript-monoid/src/Data/Monoid.purs","end":[56,57]},{"Ident":"append"}]}]},{"ValueRef":[{"start":[1,1],"name":"/Users/lmcphail/projects/BasicLambda/bower_components/purescript-monoid/src/Data/Monoid.purs","end":[56,57]},{"Ident":"mempty"}]},{"ValueRef":[{"start":[1,1],"name":"/Users/lmcphail/projects/BasicLambda/bower_components/purescript-monoid/src/Data/Monoid.purs","end":[56,57]},{"Ident":"power"}]},{"ReExportRef":[{"start":[1,1],"name":"/Users/lmcphail/projects/BasicLambda/bower_components/purescript-monoid/src/Data/Monoid.purs","end":[56,57]},["Data","Semigroup"],{"ValueOpRef":[{"start":[1,1],"name":"/Users/lmcphail/projects/BasicLambda/bower_components/purescript-monoid/src/Data/Monoid.purs","end":[56,57]},"<>"]}]},{"ModuleRef":[{"start":[4,5],"name":"/Users/lmcphail/projects/BasicLambda/bower_components/purescript-monoid/src/Data/Monoid.purs","end":[4,26]},["Data","Semigroup"]]},{"TypeInstanceRef":[{"start":[0,0],"name":"<generated>","end":[0,0]},{"Ident":"monoidUnit"}]},{"TypeInstanceRef":[{"start":[0,0],"name":"<generated>","end":[0,0]},{"Ident":"monoidOrdering"}]},{"TypeInstanceRef":[{"start":[0,0],"name":"<generated>","end":[0,0]},{"Ident":"monoidFn"}]},{"TypeInstanceRef":[{"start":[0,0],"name":"<generated>","end":[0,0]},{"Ident":"monoidString"}]},{"TypeInstanceRef":[{"start":[0,0],"name":"<generated>","end":[0,0]},{"Ident":"monoidArray"}]}],"efImports":[{"eiModule":["Prim"],"eiImportType":{"Implicit":[]},"eiImportedAs":null},{"eiModule":["Prim"],"eiImportType":{"Implicit":[]},"eiImportedAs":["Prim"]},{"eiModule":["Prelude"],"eiImportType":{"Implicit":[]},"eiImportedAs":null},{"eiModule":["Data","Semigroup"],"eiImportType":{"Explicit":[{"TypeClassRef":[{"start":[8,24],"name":"/Users/lmcphail/projects/BasicLambda/bower_components/purescript-monoid/src/Data/Monoid.purs","end":[8,39]},"Semigroup"]},{"ValueRef":[{"start":[8,41],"name":"/Users/lmcphail/projects/BasicLambda/bower_components/purescript-monoid/src/Data/Monoid.purs","end":[8,47]},{"Ident":"append"}]},{"ValueOpRef":[{"start":[8,49],"name":"/Users/lmcphail/projects/BasicLambda/bower_components/purescript-monoid/src/Data/Monoid.purs","end":[8,53]},"<>"]}]},"eiImportedAs":null}],"efFixities":[],"efTypeFixities":[],"efDeclarations":[{"EDType":{"edTypeName":"Monoid","edTypeKind":{"tag":"FunKind","contents":[{"tag":"NamedKind","contents":[["Prim"],"Type"]},{"tag":"NamedKind","contents":[["Prim"],"Type"]}]},"edTypeDeclarationKind":"TypeSynonym"}},{"EDTypeSynonym":{"edTypeSynonymName":"Monoid","edTypeSynonymArguments":[["m",null]],"edTypeSynonymType":{"tag":"TypeApp","contents":[{"tag":"TypeConstructor","contents":[["Prim"],"Record"]},{"tag":"RCons","contents":["mempty",{"tag":"TypeVar","contents":"m"},{"tag":"RCons","contents":["Semigroup0",{"tag":"TypeApp","contents":[{"tag":"TypeApp","contents":[{"tag":"TypeConstructor","contents":[["Prim"],"Function"]},{"tag":"TypeApp","contents":[{"tag":"TypeConstructor","contents":[["Prim"],"Record"]},{"tag":"REmpty"}]}]},{"tag":"TypeApp","contents":[{"tag":"TypeConstructor","contents":[["Data","Semigroup"],"Semigroup"]},{"tag":"TypeVar","contents":"m"}]}]},{"tag":"REmpty"}]}]}]}}},{"EDClass":{"edClassName":"Monoid","edClassTypeArguments":[["m",null]],"edClassMembers":[[{"Ident":"mempty"},{"tag":"TypeVar","contents":"m"}]],"edClassConstraints":[{"constraintClass":[["Data","Semigroup"],"Semigroup"],"constraintArgs":[{"tag":"TypeVar","contents":"m"}],"constraintData":null}],"edFunctionalDependencies":[]}},{"EDValue":{"edValueName":{"Ident":"mempty"},"edValueType":{"tag":"ForAll","contents":["m",{"tag":"ConstrainedType","contents":[{"constraintClass":[["Data","Monoid"],"Monoid"],"constraintArgs":[{"tag":"TypeVar","contents":"m"}],"constraintData":null},{"tag":"TypeVar","contents":"m"}]},2]}}},{"EDValue":{"edValueName":{"Ident":"power"},"edValueType":{"tag":"ForAll","contents":["m",{"tag":"ConstrainedType","contents":[{"constraintClass":[["Data","Monoid"],"Monoid"],"constraintArgs":[{"tag":"TypeVar","contents":"m"}],"constraintData":null},{"tag":"TypeApp","contents":[{"tag":"TypeApp","contents":[{"tag":"TypeConstructor","contents":[["Prim"],"Function"]},{"tag":"TypeVar","contents":"m"}]},{"tag":"TypeApp","contents":[{"tag":"TypeApp","contents":[{"tag":"TypeConstructor","contents":[["Prim"],"Function"]},{"tag":"TypeConstructor","contents":[["Prim"],"Int"]}]},{"tag":"TypeVar","contents":"m"}]}]}]},7]}}},{"EDInstance":{"edInstanceClassName":[["Data","Monoid"],"Monoid"],"edInstanceName":{"Ident":"monoidUnit"},"edInstanceTypes":[{"tag":"TypeConstructor","contents":[["Data","Unit"],"Unit"]}],"edInstanceConstraints":[]}},{"EDInstance":{"edInstanceClassName":[["Data","Monoid"],"Monoid"],"edInstanceName":{"Ident":"monoidOrdering"},"edInstanceTypes":[{"tag":"TypeConstructor","contents":[["Data","Ordering"],"Ordering"]}],"edInstanceConstraints":[]}},{"EDInstance":{"edInstanceClassName":[["Data","Monoid"],"Monoid"],"edInstanceName":{"Ident":"monoidFn"},"edInstanceTypes":[{"tag":"TypeApp","contents":[{"tag":"TypeApp","contents":[{"tag":"TypeConstructor","contents":[["Prim"],"Function"]},{"tag":"TypeVar","contents":"a"}]},{"tag":"TypeVar","contents":"b"}]}],"edInstanceConstraints":[{"constraintClass":[["Data","Monoid"],"Monoid"],"constraintArgs":[{"tag":"TypeVar","contents":"b"}],"constraintData":null}]}},{"EDInstance":{"edInstanceClassName":[["Data","Monoid"],"Monoid"],"edInstanceName":{"Ident":"monoidString"},"edInstanceTypes":[{"tag":"TypeConstructor","contents":[["Prim"],"String"]}],"edInstanceConstraints":[]}},{"EDInstance":{"edInstanceClassName":[["Data","Monoid"],"Monoid"],"edInstanceName":{"Ident":"monoidArray"},"edInstanceTypes":[{"tag":"TypeApp","contents":[{"tag":"TypeConstructor","contents":[["Prim"],"Array"]},{"tag":"TypeVar","contents":"a"}]}],"edInstanceConstraints":[]}}],"efSourceSpan":{"start":[1,1],"name":"/Users/lmcphail/projects/BasicLambda/bower_components/purescript-monoid/src/Data/Monoid.purs","end":[56,57]}}