{"efVersion":"0.11.6","efModuleName":["Data","Symbol"],"efExports":[{"TypeRef":[{"start":[1,1],"name":"/Users/lmcphail/projects/BasicLambda/bower_components/purescript-symbols/src/Data/Symbol.purs","end":[26,12]},"SProxy",["SProxy"]]},{"TypeClassRef":[{"start":[1,1],"name":"/Users/lmcphail/projects/BasicLambda/bower_components/purescript-symbols/src/Data/Symbol.purs","end":[26,12]},"IsSymbol"]},{"ValueRef":[{"start":[1,1],"name":"/Users/lmcphail/projects/BasicLambda/bower_components/purescript-symbols/src/Data/Symbol.purs","end":[26,12]},{"Ident":"reflectSymbol"}]},{"ValueRef":[{"start":[1,1],"name":"/Users/lmcphail/projects/BasicLambda/bower_components/purescript-symbols/src/Data/Symbol.purs","end":[26,12]},{"Ident":"reifySymbol"}]},{"TypeInstanceRef":[{"start":[0,0],"name":"<generated>","end":[0,0]},{"Ident":"isSymbolTypeConcat"}]}],"efImports":[{"eiModule":["Prim"],"eiImportType":{"Implicit":[]},"eiImportedAs":null},{"eiModule":["Prim"],"eiImportType":{"Implicit":[]},"eiImportedAs":["Prim"]},{"eiModule":["Prelude"],"eiImportType":{"Explicit":[{"ValueOpRef":[{"start":[8,17],"name":"/Users/lmcphail/projects/BasicLambda/bower_components/purescript-symbols/src/Data/Symbol.purs","end":[8,21]},"<>"]}]},"eiImportedAs":null},{"eiModule":["Unsafe","Coerce"],"eiImportType":{"Explicit":[{"ValueRef":[{"start":[9,23],"name":"/Users/lmcphail/projects/BasicLambda/bower_components/purescript-symbols/src/Data/Symbol.purs","end":[9,35]},{"Ident":"unsafeCoerce"}]}]},"eiImportedAs":null}],"efFixities":[],"efTypeFixities":[],"efDeclarations":[{"EDType":{"edTypeName":"SProxy","edTypeKind":{"tag":"FunKind","contents":[{"tag":"NamedKind","contents":[["Prim"],"Symbol"]},{"tag":"NamedKind","contents":[["Prim"],"Type"]}]},"edTypeDeclarationKind":{"DataType":{"args":[["sym",{"tag":"NamedKind","contents":[["Prim"],"Symbol"]}]],"ctors":[["SProxy",[]]]}}}},{"EDDataConstructor":{"edDataCtorName":"SProxy","edDataCtorOrigin":"data","edDataCtorTypeCtor":"SProxy","edDataCtorType":{"tag":"ForAll","contents":["sym",{"tag":"TypeApp","contents":[{"tag":"TypeConstructor","contents":[["Data","Symbol"],"SProxy"]},{"tag":"TypeVar","contents":"sym"}]},null]},"edDataCtorFields":[]}},{"EDType":{"edTypeName":"IsSymbol","edTypeKind":{"tag":"FunKind","contents":[{"tag":"NamedKind","contents":[["Prim"],"Symbol"]},{"tag":"NamedKind","contents":[["Prim"],"Type"]}]},"edTypeDeclarationKind":"TypeSynonym"}},{"EDTypeSynonym":{"edTypeSynonymName":"IsSymbol","edTypeSynonymArguments":[["sym",{"tag":"NamedKind","contents":[["Prim"],"Symbol"]}]],"edTypeSynonymType":{"tag":"TypeApp","contents":[{"tag":"TypeConstructor","contents":[["Prim"],"Record"]},{"tag":"RCons","contents":["reflectSymbol",{"tag":"TypeApp","contents":[{"tag":"TypeApp","contents":[{"tag":"TypeConstructor","contents":[["Prim"],"Function"]},{"tag":"TypeApp","contents":[{"tag":"TypeConstructor","contents":[["Data","Symbol"],"SProxy"]},{"tag":"TypeVar","contents":"sym"}]}]},{"tag":"TypeConstructor","contents":[["Prim"],"String"]}]},{"tag":"REmpty"}]}]}}},{"EDClass":{"edClassName":"IsSymbol","edClassTypeArguments":[["sym",{"tag":"NamedKind","contents":[["Prim"],"Symbol"]}]],"edClassMembers":[[{"Ident":"reflectSymbol"},{"tag":"TypeApp","contents":[{"tag":"TypeApp","contents":[{"tag":"TypeConstructor","contents":[["Prim"],"Function"]},{"tag":"TypeApp","contents":[{"tag":"TypeConstructor","contents":[["Data","Symbol"],"SProxy"]},{"tag":"TypeVar","contents":"sym"}]}]},{"tag":"TypeConstructor","contents":[["Prim"],"String"]}]}]],"edClassConstraints":[],"edFunctionalDependencies":[]}},{"EDValue":{"edValueName":{"Ident":"reflectSymbol"},"edValueType":{"tag":"ForAll","contents":["sym",{"tag":"ConstrainedType","contents":[{"constraintClass":[["Data","Symbol"],"IsSymbol"],"constraintArgs":[{"tag":"TypeVar","contents":"sym"}],"constraintData":null},{"tag":"TypeApp","contents":[{"tag":"TypeApp","contents":[{"tag":"TypeConstructor","contents":[["Prim"],"Function"]},{"tag":"TypeApp","contents":[{"tag":"TypeConstructor","contents":[["Data","Symbol"],"SProxy"]},{"tag":"TypeVar","contents":"sym"}]}]},{"tag":"TypeConstructor","contents":[["Prim"],"String"]}]}]},8]}}},{"EDValue":{"edValueName":{"Ident":"reifySymbol"},"edValueType":{"tag":"ForAll","contents":["r",{"tag":"TypeApp","contents":[{"tag":"TypeApp","contents":[{"tag":"TypeConstructor","contents":[["Prim"],"Function"]},{"tag":"TypeConstructor","contents":[["Prim"],"String"]}]},{"tag":"TypeApp","contents":[{"tag":"TypeApp","contents":[{"tag":"TypeConstructor","contents":[["Prim"],"Function"]},{"tag":"ForAll","contents":["sym",{"tag":"ConstrainedType","contents":[{"constraintClass":[["Data","Symbol"],"IsSymbol"],"constraintArgs":[{"tag":"TypeVar","contents":"sym"}],"constraintData":null},{"tag":"TypeApp","contents":[{"tag":"TypeApp","contents":[{"tag":"TypeConstructor","contents":[["Prim"],"Function"]},{"tag":"TypeApp","contents":[{"tag":"TypeConstructor","contents":[["Data","Symbol"],"SProxy"]},{"tag":"TypeVar","contents":"sym"}]}]},{"tag":"TypeVar","contents":"r"}]}]},0]}]},{"tag":"TypeVar","contents":"r"}]}]},1]}}},{"EDInstance":{"edInstanceClassName":[["Data","Symbol"],"IsSymbol"],"edInstanceName":{"Ident":"isSymbolTypeConcat"},"edInstanceTypes":[{"tag":"TypeApp","contents":[{"tag":"TypeApp","contents":[{"tag":"TypeConstructor","contents":[["Prim"],"TypeConcat"]},{"tag":"TypeVar","contents":"left"}]},{"tag":"TypeVar","contents":"right"}]}],"edInstanceConstraints":[{"constraintClass":[["Data","Symbol"],"IsSymbol"],"constraintArgs":[{"tag":"TypeVar","contents":"left"}],"constraintData":null},{"constraintClass":[["Data","Symbol"],"IsSymbol"],"constraintArgs":[{"tag":"TypeVar","contents":"right"}],"constraintData":null}]}}],"efSourceSpan":{"start":[1,1],"name":"/Users/lmcphail/projects/BasicLambda/bower_components/purescript-symbols/src/Data/Symbol.purs","end":[26,12]}}