{"efVersion":"0.11.6","efModuleName":["Data","Ordering"],"efExports":[{"TypeRef":[{"start":[1,1],"name":"/Users/lmcphail/projects/BasicLambda/bower_components/purescript-prelude/src/Data/Ordering.purs","end":[36,13]},"Ordering",["LT","GT","EQ"]]},{"ValueRef":[{"start":[1,1],"name":"/Users/lmcphail/projects/BasicLambda/bower_components/purescript-prelude/src/Data/Ordering.purs","end":[36,13]},{"Ident":"invert"}]},{"TypeInstanceRef":[{"start":[0,0],"name":"<generated>","end":[0,0]},{"Ident":"eqOrdering"}]},{"TypeInstanceRef":[{"start":[0,0],"name":"<generated>","end":[0,0]},{"Ident":"semigroupOrdering"}]},{"TypeInstanceRef":[{"start":[0,0],"name":"<generated>","end":[0,0]},{"Ident":"showOrdering"}]}],"efImports":[{"eiModule":["Prim"],"eiImportType":{"Implicit":[]},"eiImportedAs":null},{"eiModule":["Prim"],"eiImportType":{"Implicit":[]},"eiImportedAs":["Prim"]},{"eiModule":["Data","Eq"],"eiImportType":{"Explicit":[{"TypeClassRef":[{"start":[3,17],"name":"/Users/lmcphail/projects/BasicLambda/bower_components/purescript-prelude/src/Data/Ordering.purs","end":[3,25]},"Eq"]}]},"eiImportedAs":null},{"eiModule":["Data","Semigroup"],"eiImportType":{"Explicit":[{"TypeClassRef":[{"start":[4,24],"name":"/Users/lmcphail/projects/BasicLambda/bower_components/purescript-prelude/src/Data/Ordering.purs","end":[4,39]},"Semigroup"]}]},"eiImportedAs":null},{"eiModule":["Data","Show"],"eiImportType":{"Explicit":[{"TypeClassRef":[{"start":[5,19],"name":"/Users/lmcphail/projects/BasicLambda/bower_components/purescript-prelude/src/Data/Ordering.purs","end":[5,29]},"Show"]}]},"eiImportedAs":null}],"efFixities":[],"efTypeFixities":[],"efDeclarations":[{"EDType":{"edTypeName":"Ordering","edTypeKind":{"tag":"NamedKind","contents":[["Prim"],"Type"]},"edTypeDeclarationKind":{"DataType":{"args":[],"ctors":[["LT",[]],["GT",[]],["EQ",[]]]}}}},{"EDDataConstructor":{"edDataCtorName":"LT","edDataCtorOrigin":"data","edDataCtorTypeCtor":"Ordering","edDataCtorType":{"tag":"TypeConstructor","contents":[["Data","Ordering"],"Ordering"]},"edDataCtorFields":[]}},{"EDDataConstructor":{"edDataCtorName":"GT","edDataCtorOrigin":"data","edDataCtorTypeCtor":"Ordering","edDataCtorType":{"tag":"TypeConstructor","contents":[["Data","Ordering"],"Ordering"]},"edDataCtorFields":[]}},{"EDDataConstructor":{"edDataCtorName":"EQ","edDataCtorOrigin":"data","edDataCtorTypeCtor":"Ordering","edDataCtorType":{"tag":"TypeConstructor","contents":[["Data","Ordering"],"Ordering"]},"edDataCtorFields":[]}},{"EDValue":{"edValueName":{"Ident":"invert"},"edValueType":{"tag":"TypeApp","contents":[{"tag":"TypeApp","contents":[{"tag":"TypeConstructor","contents":[["Prim"],"Function"]},{"tag":"TypeConstructor","contents":[["Data","Ordering"],"Ordering"]}]},{"tag":"TypeConstructor","contents":[["Data","Ordering"],"Ordering"]}]}}},{"EDInstance":{"edInstanceClassName":[["Data","Eq"],"Eq"],"edInstanceName":{"Ident":"eqOrdering"},"edInstanceTypes":[{"tag":"TypeConstructor","contents":[["Data","Ordering"],"Ordering"]}],"edInstanceConstraints":[]}},{"EDInstance":{"edInstanceClassName":[["Data","Semigroup"],"Semigroup"],"edInstanceName":{"Ident":"semigroupOrdering"},"edInstanceTypes":[{"tag":"TypeConstructor","contents":[["Data","Ordering"],"Ordering"]}],"edInstanceConstraints":[]}},{"EDInstance":{"edInstanceClassName":[["Data","Show"],"Show"],"edInstanceName":{"Ident":"showOrdering"},"edInstanceTypes":[{"tag":"TypeConstructor","contents":[["Data","Ordering"],"Ordering"]}],"edInstanceConstraints":[]}}],"efSourceSpan":{"start":[1,1],"name":"/Users/lmcphail/projects/BasicLambda/bower_components/purescript-prelude/src/Data/Ordering.purs","end":[36,13]}}