{"efVersion":"0.11.6","efModuleName":["Type","Data","Symbol"],"efExports":[{"ReExportRef":[{"start":[1,1],"name":"/Users/lmcphail/projects/BasicLambda/bower_components/purescript-typelevel-prelude/src/Type/Data/Symbol.purs","end":[46,14]},["Data","Symbol"],{"TypeRef":[{"start":[1,1],"name":"/Users/lmcphail/projects/BasicLambda/bower_components/purescript-typelevel-prelude/src/Type/Data/Symbol.purs","end":[46,14]},"SProxy",["SProxy"]]}]},{"TypeClassRef":[{"start":[1,1],"name":"/Users/lmcphail/projects/BasicLambda/bower_components/purescript-typelevel-prelude/src/Type/Data/Symbol.purs","end":[46,14]},"AppendSymbol"]},{"TypeClassRef":[{"start":[1,1],"name":"/Users/lmcphail/projects/BasicLambda/bower_components/purescript-typelevel-prelude/src/Type/Data/Symbol.purs","end":[46,14]},"CompareSymbol"]},{"TypeClassRef":[{"start":[1,1],"name":"/Users/lmcphail/projects/BasicLambda/bower_components/purescript-typelevel-prelude/src/Type/Data/Symbol.purs","end":[46,14]},"Equals"]},{"ReExportRef":[{"start":[1,1],"name":"/Users/lmcphail/projects/BasicLambda/bower_components/purescript-typelevel-prelude/src/Type/Data/Symbol.purs","end":[46,14]},["Data","Symbol"],{"TypeClassRef":[{"start":[1,1],"name":"/Users/lmcphail/projects/BasicLambda/bower_components/purescript-typelevel-prelude/src/Type/Data/Symbol.purs","end":[46,14]},"IsSymbol"]}]},{"ValueRef":[{"start":[1,1],"name":"/Users/lmcphail/projects/BasicLambda/bower_components/purescript-typelevel-prelude/src/Type/Data/Symbol.purs","end":[46,14]},{"Ident":"appendSymbol"}]},{"ValueRef":[{"start":[1,1],"name":"/Users/lmcphail/projects/BasicLambda/bower_components/purescript-typelevel-prelude/src/Type/Data/Symbol.purs","end":[46,14]},{"Ident":"compareSymbol"}]},{"ValueRef":[{"start":[1,1],"name":"/Users/lmcphail/projects/BasicLambda/bower_components/purescript-typelevel-prelude/src/Type/Data/Symbol.purs","end":[46,14]},{"Ident":"equals"}]},{"ReExportRef":[{"start":[1,1],"name":"/Users/lmcphail/projects/BasicLambda/bower_components/purescript-typelevel-prelude/src/Type/Data/Symbol.purs","end":[46,14]},["Data","Symbol"],{"ValueRef":[{"start":[1,1],"name":"/Users/lmcphail/projects/BasicLambda/bower_components/purescript-typelevel-prelude/src/Type/Data/Symbol.purs","end":[46,14]},{"Ident":"reflectSymbol"}]}]},{"ReExportRef":[{"start":[1,1],"name":"/Users/lmcphail/projects/BasicLambda/bower_components/purescript-typelevel-prelude/src/Type/Data/Symbol.purs","end":[46,14]},["Data","Symbol"],{"ValueRef":[{"start":[1,1],"name":"/Users/lmcphail/projects/BasicLambda/bower_components/purescript-typelevel-prelude/src/Type/Data/Symbol.purs","end":[46,14]},{"Ident":"reifySymbol"}]}]},{"ModuleRef":[{"start":[2,5],"name":"/Users/lmcphail/projects/BasicLambda/bower_components/purescript-typelevel-prelude/src/Type/Data/Symbol.purs","end":[2,23]},["Data","Symbol"]]},{"TypeInstanceRef":[{"start":[0,0],"name":"<generated>","end":[0,0]},{"Ident":"equalsSymbol"}]}],"efImports":[{"eiModule":["Prim"],"eiImportType":{"Implicit":[]},"eiImportedAs":null},{"eiModule":["Prim"],"eiImportType":{"Implicit":[]},"eiImportedAs":["Prim"]},{"eiModule":["Data","Symbol"],"eiImportType":{"Explicit":[{"TypeRef":[{"start":[11,21],"name":"/Users/lmcphail/projects/BasicLambda/bower_components/purescript-typelevel-prelude/src/Type/Data/Symbol.purs","end":[11,31]},"SProxy",null]},{"TypeClassRef":[{"start":[11,33],"name":"/Users/lmcphail/projects/BasicLambda/bower_components/purescript-typelevel-prelude/src/Type/Data/Symbol.purs","end":[11,47]},"IsSymbol"]},{"ValueRef":[{"start":[11,49],"name":"/Users/lmcphail/projects/BasicLambda/bower_components/purescript-typelevel-prelude/src/Type/Data/Symbol.purs","end":[11,62]},{"Ident":"reflectSymbol"}]},{"ValueRef":[{"start":[11,64],"name":"/Users/lmcphail/projects/BasicLambda/bower_components/purescript-typelevel-prelude/src/Type/Data/Symbol.purs","end":[11,75]},{"Ident":"reifySymbol"}]}]},"eiImportedAs":null},{"eiModule":["Type","Data","Ordering"],"eiImportType":{"Explicit":[{"TypeRef":[{"start":[12,28],"name":"/Users/lmcphail/projects/BasicLambda/bower_components/purescript-typelevel-prelude/src/Type/Data/Symbol.purs","end":[12,38]},"OProxy",null]},{"KindRef":[{"start":[12,40],"name":"/Users/lmcphail/projects/BasicLambda/bower_components/purescript-typelevel-prelude/src/Type/Data/Symbol.purs","end":[12,53]},"Ordering"]},{"TypeRef":[{"start":[12,55],"name":"/Users/lmcphail/projects/BasicLambda/bower_components/purescript-typelevel-prelude/src/Type/Data/Symbol.purs","end":[12,57]},"EQ",[]]}]},"eiImportedAs":null},{"eiModule":["Type","Data","Ordering"],"eiImportType":{"Explicit":[{"TypeClassRef":[{"start":[13,28],"name":"/Users/lmcphail/projects/BasicLambda/bower_components/purescript-typelevel-prelude/src/Type/Data/Symbol.purs","end":[13,40]},"Equals"]}]},"eiImportedAs":["Ordering"]},{"eiModule":["Type","Data","Boolean"],"eiImportType":{"Explicit":[{"KindRef":[{"start":[14,27],"name":"/Users/lmcphail/projects/BasicLambda/bower_components/purescript-typelevel-prelude/src/Type/Data/Symbol.purs","end":[14,39]},"Boolean"]},{"TypeRef":[{"start":[14,41],"name":"/Users/lmcphail/projects/BasicLambda/bower_components/purescript-typelevel-prelude/src/Type/Data/Symbol.purs","end":[14,51]},"BProxy",null]}]},"eiImportedAs":null}],"efFixities":[],"efTypeFixities":[],"efDeclarations":[{"EDType":{"edTypeName":"AppendSymbol","edTypeKind":{"tag":"FunKind","contents":[{"tag":"NamedKind","contents":[["Prim"],"Symbol"]},{"tag":"FunKind","contents":[{"tag":"NamedKind","contents":[["Prim"],"Symbol"]},{"tag":"FunKind","contents":[{"tag":"NamedKind","contents":[["Prim"],"Symbol"]},{"tag":"NamedKind","contents":[["Prim"],"Type"]}]}]}]},"edTypeDeclarationKind":"TypeSynonym"}},{"EDTypeSynonym":{"edTypeSynonymName":"AppendSymbol","edTypeSynonymArguments":[["lhs",{"tag":"NamedKind","contents":[["Prim"],"Symbol"]}],["rhs",{"tag":"NamedKind","contents":[["Prim"],"Symbol"]}],["out",{"tag":"NamedKind","contents":[["Prim"],"Symbol"]}]],"edTypeSynonymType":{"tag":"TypeApp","contents":[{"tag":"TypeConstructor","contents":[["Prim"],"Record"]},{"tag":"REmpty"}]}}},{"EDClass":{"edClassName":"AppendSymbol","edClassTypeArguments":[["lhs",{"tag":"NamedKind","contents":[["Prim"],"Symbol"]}],["rhs",{"tag":"NamedKind","contents":[["Prim"],"Symbol"]}],["out",{"tag":"NamedKind","contents":[["Prim"],"Symbol"]}]],"edClassMembers":[],"edClassConstraints":[],"edFunctionalDependencies":[{"determiners":[0,1],"determined":[2]}]}},{"EDType":{"edTypeName":"CompareSymbol","edTypeKind":{"tag":"FunKind","contents":[{"tag":"NamedKind","contents":[["Prim"],"Symbol"]},{"tag":"FunKind","contents":[{"tag":"NamedKind","contents":[["Prim"],"Symbol"]},{"tag":"FunKind","contents":[{"tag":"NamedKind","contents":[["Type","Data","Ordering"],"Ordering"]},{"tag":"NamedKind","contents":[["Prim"],"Type"]}]}]}]},"edTypeDeclarationKind":"TypeSynonym"}},{"EDTypeSynonym":{"edTypeSynonymName":"CompareSymbol","edTypeSynonymArguments":[["lhs",{"tag":"NamedKind","contents":[["Prim"],"Symbol"]}],["rhs",{"tag":"NamedKind","contents":[["Prim"],"Symbol"]}],["out",{"tag":"NamedKind","contents":[["Type","Data","Ordering"],"Ordering"]}]],"edTypeSynonymType":{"tag":"TypeApp","contents":[{"tag":"TypeConstructor","contents":[["Prim"],"Record"]},{"tag":"REmpty"}]}}},{"EDClass":{"edClassName":"CompareSymbol","edClassTypeArguments":[["lhs",{"tag":"NamedKind","contents":[["Prim"],"Symbol"]}],["rhs",{"tag":"NamedKind","contents":[["Prim"],"Symbol"]}],["out",{"tag":"NamedKind","contents":[["Type","Data","Ordering"],"Ordering"]}]],"edClassMembers":[],"edClassConstraints":[],"edFunctionalDependencies":[{"determiners":[0,1],"determined":[2]}]}},{"EDType":{"edTypeName":"Equals","edTypeKind":{"tag":"FunKind","contents":[{"tag":"NamedKind","contents":[["Prim"],"Symbol"]},{"tag":"FunKind","contents":[{"tag":"NamedKind","contents":[["Prim"],"Symbol"]},{"tag":"FunKind","contents":[{"tag":"NamedKind","contents":[["Type","Data","Boolean"],"Boolean"]},{"tag":"NamedKind","contents":[["Prim"],"Type"]}]}]}]},"edTypeDeclarationKind":"TypeSynonym"}},{"EDTypeSynonym":{"edTypeSynonymName":"Equals","edTypeSynonymArguments":[["lhs",{"tag":"NamedKind","contents":[["Prim"],"Symbol"]}],["rhs",{"tag":"NamedKind","contents":[["Prim"],"Symbol"]}],["out",{"tag":"NamedKind","contents":[["Type","Data","Boolean"],"Boolean"]}]],"edTypeSynonymType":{"tag":"TypeApp","contents":[{"tag":"TypeConstructor","contents":[["Prim"],"Record"]},{"tag":"REmpty"}]}}},{"EDClass":{"edClassName":"Equals","edClassTypeArguments":[["lhs",{"tag":"NamedKind","contents":[["Prim"],"Symbol"]}],["rhs",{"tag":"NamedKind","contents":[["Prim"],"Symbol"]}],["out",{"tag":"NamedKind","contents":[["Type","Data","Boolean"],"Boolean"]}]],"edClassMembers":[],"edClassConstraints":[],"edFunctionalDependencies":[{"determiners":[0,1],"determined":[2]}]}},{"EDValue":{"edValueName":{"Ident":"appendSymbol"},"edValueType":{"tag":"ForAll","contents":["o",{"tag":"ForAll","contents":["r",{"tag":"ForAll","contents":["l",{"tag":"ConstrainedType","contents":[{"constraintClass":[["Type","Data","Symbol"],"AppendSymbol"],"constraintArgs":[{"tag":"TypeVar","contents":"l"},{"tag":"TypeVar","contents":"r"},{"tag":"TypeVar","contents":"o"}],"constraintData":null},{"tag":"TypeApp","contents":[{"tag":"TypeApp","contents":[{"tag":"TypeConstructor","contents":[["Prim"],"Function"]},{"tag":"TypeApp","contents":[{"tag":"TypeConstructor","contents":[["Data","Symbol"],"SProxy"]},{"tag":"TypeVar","contents":"l"}]}]},{"tag":"TypeApp","contents":[{"tag":"TypeApp","contents":[{"tag":"TypeConstructor","contents":[["Prim"],"Function"]},{"tag":"TypeApp","contents":[{"tag":"TypeConstructor","contents":[["Data","Symbol"],"SProxy"]},{"tag":"TypeVar","contents":"r"}]}]},{"tag":"TypeApp","contents":[{"tag":"TypeConstructor","contents":[["Data","Symbol"],"SProxy"]},{"tag":"TypeVar","contents":"o"}]}]}]}]},22]},23]},24]}}},{"EDValue":{"edValueName":{"Ident":"compareSymbol"},"edValueType":{"tag":"ForAll","contents":["o",{"tag":"ForAll","contents":["r",{"tag":"ForAll","contents":["l",{"tag":"ConstrainedType","contents":[{"constraintClass":[["Type","Data","Symbol"],"CompareSymbol"],"constraintArgs":[{"tag":"TypeVar","contents":"l"},{"tag":"TypeVar","contents":"r"},{"tag":"TypeVar","contents":"o"}],"constraintData":null},{"tag":"TypeApp","contents":[{"tag":"TypeApp","contents":[{"tag":"TypeConstructor","contents":[["Prim"],"Function"]},{"tag":"TypeApp","contents":[{"tag":"TypeConstructor","contents":[["Data","Symbol"],"SProxy"]},{"tag":"TypeVar","contents":"l"}]}]},{"tag":"TypeApp","contents":[{"tag":"TypeApp","contents":[{"tag":"TypeConstructor","contents":[["Prim"],"Function"]},{"tag":"TypeApp","contents":[{"tag":"TypeConstructor","contents":[["Data","Symbol"],"SProxy"]},{"tag":"TypeVar","contents":"r"}]}]},{"tag":"TypeApp","contents":[{"tag":"TypeConstructor","contents":[["Type","Data","Ordering"],"OProxy"]},{"tag":"TypeVar","contents":"o"}]}]}]}]},15]},16]},17]}}},{"EDValue":{"edValueName":{"Ident":"equals"},"edValueType":{"tag":"ForAll","contents":["o",{"tag":"ForAll","contents":["r",{"tag":"ForAll","contents":["l",{"tag":"ConstrainedType","contents":[{"constraintClass":[["Type","Data","Symbol"],"Equals"],"constraintArgs":[{"tag":"TypeVar","contents":"l"},{"tag":"TypeVar","contents":"r"},{"tag":"TypeVar","contents":"o"}],"constraintData":null},{"tag":"TypeApp","contents":[{"tag":"TypeApp","contents":[{"tag":"TypeConstructor","contents":[["Prim"],"Function"]},{"tag":"TypeApp","contents":[{"tag":"TypeConstructor","contents":[["Data","Symbol"],"SProxy"]},{"tag":"TypeVar","contents":"l"}]}]},{"tag":"TypeApp","contents":[{"tag":"TypeApp","contents":[{"tag":"TypeConstructor","contents":[["Prim"],"Function"]},{"tag":"TypeApp","contents":[{"tag":"TypeConstructor","contents":[["Data","Symbol"],"SProxy"]},{"tag":"TypeVar","contents":"r"}]}]},{"tag":"TypeApp","contents":[{"tag":"TypeConstructor","contents":[["Type","Data","Boolean"],"BProxy"]},{"tag":"TypeVar","contents":"o"}]}]}]}]},8]},9]},10]}}},{"EDInstance":{"edInstanceClassName":[["Type","Data","Symbol"],"Equals"],"edInstanceName":{"Ident":"equalsSymbol"},"edInstanceTypes":[{"tag":"TypeVar","contents":"lhs"},{"tag":"TypeVar","contents":"rhs"},{"tag":"TypeVar","contents":"out"}],"edInstanceConstraints":[{"constraintClass":[["Type","Data","Symbol"],"CompareSymbol"],"constraintArgs":[{"tag":"TypeVar","contents":"lhs"},{"tag":"TypeVar","contents":"rhs"},{"tag":"TypeVar","contents":"ord"}],"constraintData":null},{"constraintClass":[["Type","Data","Ordering"],"Equals"],"constraintArgs":[{"tag":"TypeConstructor","contents":[["Type","Data","Ordering"],"EQ"]},{"tag":"TypeVar","contents":"ord"},{"tag":"TypeVar","contents":"out"}],"constraintData":null}]}}],"efSourceSpan":{"start":[1,1],"name":"/Users/lmcphail/projects/BasicLambda/bower_components/purescript-typelevel-prelude/src/Type/Data/Symbol.purs","end":[46,14]}}