{"efVersion":"0.11.6","efModuleName":["Data","Record"],"efExports":[{"ValueRef":[{"start":[1,1],"name":"/Users/lmcphail/projects/BasicLambda/bower_components/purescript-record/src/Data/Record.purs","end":[111,54]},{"Ident":"delete"}]},{"ValueRef":[{"start":[1,1],"name":"/Users/lmcphail/projects/BasicLambda/bower_components/purescript-record/src/Data/Record.purs","end":[111,54]},{"Ident":"get"}]},{"ValueRef":[{"start":[1,1],"name":"/Users/lmcphail/projects/BasicLambda/bower_components/purescript-record/src/Data/Record.purs","end":[111,54]},{"Ident":"insert"}]},{"ValueRef":[{"start":[1,1],"name":"/Users/lmcphail/projects/BasicLambda/bower_components/purescript-record/src/Data/Record.purs","end":[111,54]},{"Ident":"modify"}]},{"ValueRef":[{"start":[1,1],"name":"/Users/lmcphail/projects/BasicLambda/bower_components/purescript-record/src/Data/Record.purs","end":[111,54]},{"Ident":"set"}]}],"efImports":[{"eiModule":["Prim"],"eiImportType":{"Implicit":[]},"eiImportedAs":null},{"eiModule":["Prim"],"eiImportType":{"Implicit":[]},"eiImportedAs":["Prim"]},{"eiModule":["Data","Function","Uncurried"],"eiImportType":{"Explicit":[{"ValueRef":[{"start":[9,33],"name":"/Users/lmcphail/projects/BasicLambda/bower_components/purescript-record/src/Data/Record.purs","end":[9,39]},{"Ident":"runFn2"}]},{"ValueRef":[{"start":[9,41],"name":"/Users/lmcphail/projects/BasicLambda/bower_components/purescript-record/src/Data/Record.purs","end":[9,47]},{"Ident":"runFn3"}]}]},"eiImportedAs":null},{"eiModule":["Data","Record","Unsafe"],"eiImportType":{"Explicit":[{"ValueRef":[{"start":[10,28],"name":"/Users/lmcphail/projects/BasicLambda/bower_components/purescript-record/src/Data/Record.purs","end":[10,39]},{"Ident":"unsafeGetFn"}]},{"ValueRef":[{"start":[10,41],"name":"/Users/lmcphail/projects/BasicLambda/bower_components/purescript-record/src/Data/Record.purs","end":[10,52]},{"Ident":"unsafeSetFn"}]},{"ValueRef":[{"start":[10,54],"name":"/Users/lmcphail/projects/BasicLambda/bower_components/purescript-record/src/Data/Record.purs","end":[10,68]},{"Ident":"unsafeDeleteFn"}]}]},"eiImportedAs":null},{"eiModule":["Data","Symbol"],"eiImportType":{"Explicit":[{"TypeClassRef":[{"start":[11,21],"name":"/Users/lmcphail/projects/BasicLambda/bower_components/purescript-record/src/Data/Record.purs","end":[11,35]},"IsSymbol"]},{"TypeRef":[{"start":[11,37],"name":"/Users/lmcphail/projects/BasicLambda/bower_components/purescript-record/src/Data/Record.purs","end":[11,43]},"SProxy",[]]},{"ValueRef":[{"start":[11,45],"name":"/Users/lmcphail/projects/BasicLambda/bower_components/purescript-record/src/Data/Record.purs","end":[11,58]},{"Ident":"reflectSymbol"}]}]},"eiImportedAs":null},{"eiModule":["Type","Row"],"eiImportType":{"Explicit":[{"TypeClassRef":[{"start":[12,18],"name":"/Users/lmcphail/projects/BasicLambda/bower_components/purescript-record/src/Data/Record.purs","end":[12,32]},"RowLacks"]}]},"eiImportedAs":null}],"efFixities":[],"efTypeFixities":[],"efDeclarations":[{"EDValue":{"edValueName":{"Ident":"delete"},"edValueType":{"tag":"ForAll","contents":["a",{"tag":"ForAll","contents":["l",{"tag":"ForAll","contents":["r2",{"tag":"ForAll","contents":["r1",{"tag":"ConstrainedType","contents":[{"constraintClass":[["Data","Symbol"],"IsSymbol"],"constraintArgs":[{"tag":"TypeVar","contents":"l"}],"constraintData":null},{"tag":"ConstrainedType","contents":[{"constraintClass":[["Type","Row"],"RowLacks"],"constraintArgs":[{"tag":"TypeVar","contents":"l"},{"tag":"TypeVar","contents":"r1"}],"constraintData":null},{"tag":"ConstrainedType","contents":[{"constraintClass":[["Prim"],"RowCons"],"constraintArgs":[{"tag":"TypeVar","contents":"l"},{"tag":"TypeVar","contents":"a"},{"tag":"TypeVar","contents":"r1"},{"tag":"TypeVar","contents":"r2"}],"constraintData":null},{"tag":"TypeApp","contents":[{"tag":"TypeApp","contents":[{"tag":"TypeConstructor","contents":[["Prim"],"Function"]},{"tag":"TypeApp","contents":[{"tag":"TypeConstructor","contents":[["Data","Symbol"],"SProxy"]},{"tag":"TypeVar","contents":"l"}]}]},{"tag":"TypeApp","contents":[{"tag":"TypeApp","contents":[{"tag":"TypeConstructor","contents":[["Prim"],"Function"]},{"tag":"TypeApp","contents":[{"tag":"TypeConstructor","contents":[["Prim"],"Record"]},{"tag":"TypeVar","contents":"r2"}]}]},{"tag":"TypeApp","contents":[{"tag":"TypeConstructor","contents":[["Prim"],"Record"]},{"tag":"TypeVar","contents":"r1"}]}]}]}]}]}]},59]},60]},61]},62]}}},{"EDValue":{"edValueName":{"Ident":"get"},"edValueType":{"tag":"ForAll","contents":["a",{"tag":"ForAll","contents":["l",{"tag":"ForAll","contents":["r'",{"tag":"ForAll","contents":["r",{"tag":"ConstrainedType","contents":[{"constraintClass":[["Data","Symbol"],"IsSymbol"],"constraintArgs":[{"tag":"TypeVar","contents":"l"}],"constraintData":null},{"tag":"ConstrainedType","contents":[{"constraintClass":[["Prim"],"RowCons"],"constraintArgs":[{"tag":"TypeVar","contents":"l"},{"tag":"TypeVar","contents":"a"},{"tag":"TypeVar","contents":"r'"},{"tag":"TypeVar","contents":"r"}],"constraintData":null},{"tag":"TypeApp","contents":[{"tag":"TypeApp","contents":[{"tag":"TypeConstructor","contents":[["Prim"],"Function"]},{"tag":"TypeApp","contents":[{"tag":"TypeConstructor","contents":[["Data","Symbol"],"SProxy"]},{"tag":"TypeVar","contents":"l"}]}]},{"tag":"TypeApp","contents":[{"tag":"TypeApp","contents":[{"tag":"TypeConstructor","contents":[["Prim"],"Function"]},{"tag":"TypeApp","contents":[{"tag":"TypeConstructor","contents":[["Prim"],"Record"]},{"tag":"TypeVar","contents":"r"}]}]},{"tag":"TypeVar","contents":"a"}]}]}]}]},34]},35]},36]},37]}}},{"EDValue":{"edValueName":{"Ident":"insert"},"edValueType":{"tag":"ForAll","contents":["a",{"tag":"ForAll","contents":["l",{"tag":"ForAll","contents":["r2",{"tag":"ForAll","contents":["r1",{"tag":"ConstrainedType","contents":[{"constraintClass":[["Data","Symbol"],"IsSymbol"],"constraintArgs":[{"tag":"TypeVar","contents":"l"}],"constraintData":null},{"tag":"ConstrainedType","contents":[{"constraintClass":[["Type","Row"],"RowLacks"],"constraintArgs":[{"tag":"TypeVar","contents":"l"},{"tag":"TypeVar","contents":"r1"}],"constraintData":null},{"tag":"ConstrainedType","contents":[{"constraintClass":[["Prim"],"RowCons"],"constraintArgs":[{"tag":"TypeVar","contents":"l"},{"tag":"TypeVar","contents":"a"},{"tag":"TypeVar","contents":"r1"},{"tag":"TypeVar","contents":"r2"}],"constraintData":null},{"tag":"TypeApp","contents":[{"tag":"TypeApp","contents":[{"tag":"TypeConstructor","contents":[["Prim"],"Function"]},{"tag":"TypeApp","contents":[{"tag":"TypeConstructor","contents":[["Data","Symbol"],"SProxy"]},{"tag":"TypeVar","contents":"l"}]}]},{"tag":"TypeApp","contents":[{"tag":"TypeApp","contents":[{"tag":"TypeConstructor","contents":[["Prim"],"Function"]},{"tag":"TypeVar","contents":"a"}]},{"tag":"TypeApp","contents":[{"tag":"TypeApp","contents":[{"tag":"TypeConstructor","contents":[["Prim"],"Function"]},{"tag":"TypeApp","contents":[{"tag":"TypeConstructor","contents":[["Prim"],"Record"]},{"tag":"TypeVar","contents":"r1"}]}]},{"tag":"TypeApp","contents":[{"tag":"TypeConstructor","contents":[["Prim"],"Record"]},{"tag":"TypeVar","contents":"r2"}]}]}]}]}]}]}]},19]},20]},21]},22]}}},{"EDValue":{"edValueName":{"Ident":"modify"},"edValueType":{"tag":"ForAll","contents":["b",{"tag":"ForAll","contents":["a",{"tag":"ForAll","contents":["l",{"tag":"ForAll","contents":["r",{"tag":"ForAll","contents":["r2",{"tag":"ForAll","contents":["r1",{"tag":"ConstrainedType","contents":[{"constraintClass":[["Data","Symbol"],"IsSymbol"],"constraintArgs":[{"tag":"TypeVar","contents":"l"}],"constraintData":null},{"tag":"ConstrainedType","contents":[{"constraintClass":[["Prim"],"RowCons"],"constraintArgs":[{"tag":"TypeVar","contents":"l"},{"tag":"TypeVar","contents":"a"},{"tag":"TypeVar","contents":"r"},{"tag":"TypeVar","contents":"r1"}],"constraintData":null},{"tag":"ConstrainedType","contents":[{"constraintClass":[["Prim"],"RowCons"],"constraintArgs":[{"tag":"TypeVar","contents":"l"},{"tag":"TypeVar","contents":"b"},{"tag":"TypeVar","contents":"r"},{"tag":"TypeVar","contents":"r2"}],"constraintData":null},{"tag":"TypeApp","contents":[{"tag":"TypeApp","contents":[{"tag":"TypeConstructor","contents":[["Prim"],"Function"]},{"tag":"TypeApp","contents":[{"tag":"TypeConstructor","contents":[["Data","Symbol"],"SProxy"]},{"tag":"TypeVar","contents":"l"}]}]},{"tag":"TypeApp","contents":[{"tag":"TypeApp","contents":[{"tag":"TypeConstructor","contents":[["Prim"],"Function"]},{"tag":"TypeApp","contents":[{"tag":"TypeApp","contents":[{"tag":"TypeConstructor","contents":[["Prim"],"Function"]},{"tag":"TypeVar","contents":"a"}]},{"tag":"TypeVar","contents":"b"}]}]},{"tag":"TypeApp","contents":[{"tag":"TypeApp","contents":[{"tag":"TypeConstructor","contents":[["Prim"],"Function"]},{"tag":"TypeApp","contents":[{"tag":"TypeConstructor","contents":[["Prim"],"Record"]},{"tag":"TypeVar","contents":"r1"}]}]},{"tag":"TypeApp","contents":[{"tag":"TypeConstructor","contents":[["Prim"],"Record"]},{"tag":"TypeVar","contents":"r2"}]}]}]}]}]}]}]},47]},48]},49]},50]},51]},52]}}},{"EDValue":{"edValueName":{"Ident":"set"},"edValueType":{"tag":"ForAll","contents":["b",{"tag":"ForAll","contents":["a",{"tag":"ForAll","contents":["l",{"tag":"ForAll","contents":["r",{"tag":"ForAll","contents":["r2",{"tag":"ForAll","contents":["r1",{"tag":"ConstrainedType","contents":[{"constraintClass":[["Data","Symbol"],"IsSymbol"],"constraintArgs":[{"tag":"TypeVar","contents":"l"}],"constraintData":null},{"tag":"ConstrainedType","contents":[{"constraintClass":[["Prim"],"RowCons"],"constraintArgs":[{"tag":"TypeVar","contents":"l"},{"tag":"TypeVar","contents":"a"},{"tag":"TypeVar","contents":"r"},{"tag":"TypeVar","contents":"r1"}],"constraintData":null},{"tag":"ConstrainedType","contents":[{"constraintClass":[["Prim"],"RowCons"],"constraintArgs":[{"tag":"TypeVar","contents":"l"},{"tag":"TypeVar","contents":"b"},{"tag":"TypeVar","contents":"r"},{"tag":"TypeVar","contents":"r2"}],"constraintData":null},{"tag":"TypeApp","contents":[{"tag":"TypeApp","contents":[{"tag":"TypeConstructor","contents":[["Prim"],"Function"]},{"tag":"TypeApp","contents":[{"tag":"TypeConstructor","contents":[["Data","Symbol"],"SProxy"]},{"tag":"TypeVar","contents":"l"}]}]},{"tag":"TypeApp","contents":[{"tag":"TypeApp","contents":[{"tag":"TypeConstructor","contents":[["Prim"],"Function"]},{"tag":"TypeVar","contents":"b"}]},{"tag":"TypeApp","contents":[{"tag":"TypeApp","contents":[{"tag":"TypeConstructor","contents":[["Prim"],"Function"]},{"tag":"TypeApp","contents":[{"tag":"TypeConstructor","contents":[["Prim"],"Record"]},{"tag":"TypeVar","contents":"r1"}]}]},{"tag":"TypeApp","contents":[{"tag":"TypeConstructor","contents":[["Prim"],"Record"]},{"tag":"TypeVar","contents":"r2"}]}]}]}]}]}]}]},0]},1]},2]},3]},4]},5]}}}],"efSourceSpan":{"start":[1,1],"name":"/Users/lmcphail/projects/BasicLambda/bower_components/purescript-record/src/Data/Record.purs","end":[111,54]}}